id_staz,lat,lon,quota,dataset,nome
H10141,44.77839,10.97129,23.0,agrmet,Cortile di Carpi
H02289,44.70214,10.95670,28.0,agrmet,Albareto
H02290,44.63005,11.02747,32.0,agrmet,Castelfranco Emilia
H02292,44.44853,11.86667,10.0,agrmet,S. Agata sul Santerno
H02295,44.31392,12.16020,5.0,agrmet,S. Pietro in Vincoli
H02297,44.03456,12.50050,36.0,agrmet,Vergiano
H02301,44.69500,11.14493,18.0,agrmet,S. Agata Bolognese
H02303,44.91630,11.82130,1.0,agrmet,Copparo 0
H02305,44.74325,10.77293,33.0,agrmet,Correggio
H02306,44.68953,10.51062,95.0,agrmet,Cavriago
H02307,44.08903,12.27459,113.0,agrmet,Carpineta
H02308,44.56350,11.84403,5.0,agrmet,Lavezzola
H53010,44.88547,10.38070,28.0,agrmet,Gainago
H53240,44.91940,11.82495,1.0,agrmet,Copparo
H06227,44.57105,11.53379,20.0,agrmet,Mezzolara
H06228,44.55254,11.69918,8.0,agrmet,S. Antonio Arpa
H06232,44.41112,11.59701,58.0,agrmet,Castel San Pietro Arpa
H06233,44.55123,10.90937,90.0,agrmet,Formigine
H06237,45.00695,10.16786,31.0,agrmet,Zibello
H06238,44.83695,10.57823,23.0,agrmet,Castelnovo di Sotto
H06239,44.47562,10.50865,580.0,agrmet,Carpineti
H06240,44.32841,10.62300,632.0,agrmet,Montefiorino
H06242,44.78042,10.03873,277.0,agrmet,Pieve di Cusignano
H06245,44.88612,11.01631,18.0,agrmet,Mirandola
H06259,44.04111,11.98190,330.0,agrmet,Cusercoli
H06260,45.04139,09.58959,68.0,agrmet,S. Nicolo'
H06261,45.00253,10.00494,41.0,agrmet,Castellazzo Villanova d'Arda
H06263,44.82606,11.12578,16.0,agrmet,S. Felice sul Panaro
H06264,44.62775,11.29056,25.0,agrmet,Padulle Sala Bolognese
H06265,44.41953,11.75408,19.0,agrmet,Sasso Morelli
H06270,43.92610,12.71139,54.0,agrmet,Morciano
H06289,44.12022,11.80825,556.0,agrmet,Modigliana Arpa
H06640,44.74656,11.74639,3.0,agrmet,Sellarino Voghiera
H06643,44.83186,11.45436,10.0,agrmet,Mirabello
H70000,44.21978,11.75545,185.0,agrmet,Brisighella
H07218,44.49614,11.20006,65.0,agrmet,Zola Predosa
H12626,44.52250,12.51139,10.0,boa,Garibaldi A.
H12627,44.47944,12.27083,5.0,boa,Piomboni_Elisup
H12628,44.39111,12.34361,25.0,boa,Angelina
H12630,44.07694,13.78167,30.0,boa,Barbara
H53146,44.21458,12.47587,0.0,boa,Nausicaa 2
H53155,44.26714,12.35751,0.0,boa,Cervia Porto
H53156,43.97027,12.75067,0.0,boa,Cattolica Porto
H53157,44.26714,12.35752,0.0,boa,Cervia Porto radar
H53158,43.97027,12.75068,0.0,boa,Cattolica Porto radar
H14598,44.48044,12.27744,-1.0,claster,Marina di Ravenna
H14599,44.54841,11.36743,28.0,claster,Serpieri
H14600,44.23029,11.05908,254.0,claster,Riola di Vergato
H14601,44.05356,11.84166,250.0,claster,Rocca San Casciano
H14602,43.90708,11.79314,553.0,claster,Corniolo
H14603,44.11827,11.00561,474.0,claster,Diga di Pavana
H14604,44.12889,11.11750,840.0,claster,Diga di Brasimone
H14605,44.13417,11.04278,478.0,claster,Diga di Suviana
H14606,44.35313,12.26505,-2.0,claster,Fosso Ghiaia
H14607,44.83519,12.09812,1.0,claster,Codigoro
H14608,44.28002,11.26172,613.0,claster,Monzuno
H14609,43.89056,12.08611,336.0,claster,Diga di Quarto
H12863,44.41770,11.91331,14.0,cro,Lugo RA
H07364,44.55489,11.99460,6.0,cro,Idrovoro Tratturo
H07365,44.42099,11.80877,16.0,cro,Mordano Bubano
H07366,44.56128,12.24389,4.0,cro,Ponte Chiavica
H07367,44.40099,11.86376,16.0,cro,Santerno Senio 1
H07368,44.36821,11.83876,19.0,cro,Santerno Senio 2
H14633,46.51167,11.68861,2055.0,fidubz,Alpe di Siusi
H14634,46.49750,11.31278,254.0,fidubz,Bolzano
H14635,46.40639,11.31083,226.0,fidubz,Bronzolo
H14636,46.80417,11.93139,828.0,fidubz,Brunico
H14637,46.90028,11.94722,851.0,fidubz,Molini di Tures
H14638,46.85583,12.20028,2747.0,fidubz,Cima Regola
H14639,46.96833,11.19278,3399.0,fidubz,Cima Libera
H14640,46.68000,12.25722,2906.0,fidubz,Cima Piatta Alta
H14641,46.56556,11.90583,2200.0,fidubz,Piz Pisciadu
H14642,46.64167,11.49056,2071.0,fidubz,Corno del Renon
H14643,46.80639,10.49833,2040.0,fidubz,Belpiano
H14644,46.77667,10.48778,2926.0,fidubz,Cima Undici
H14645,46.72889,12.20500,1250.0,fidubz,Dobbiaco
H14646,46.51333,11.50611,835.0,fidubz,Fiè allo Scilar
H14647,46.48583,10.83167,1900.0,fidubz,Fontana Bianca
H14648,46.84000,11.31750,2145.0,fidubz,Cresta del Giovo
H14649,46.93583,11.36583,1950.0,fidubz,Ladurns
H14650,46.46917,10.81917,2255.0,fidubz,Pian dei Cavalli
H14651,46.84167,12.20917,2152.0,fidubz,Malga Pfinn
H14652,46.92444,11.68806,2050.0,fidubz,Malga Senta
H14653,46.79500,11.47722,2100.0,fidubz,Malga Tramin
H14654,46.50861,10.72667,1720.0,fidubz,Alta Val Martello
H14655,46.69000,11.13583,333.0,fidubz,Merano Quarazze
H14656,46.70583,10.52111,1310.0,fidubz,Monte Maria
H14657,46.82889,11.11444,2926.0,fidubz,Giogo Scabro
H14658,46.64778,10.99083,541.0,fidubz,Naturno
H14659,46.42194,11.42667,1470.0,fidubz,Nova Ponente
H14660,46.34694,11.30472,250.0,fidubz,Ora
H14661,46.62500,10.64944,874.0,fidubz,Oris-Lasa
H14663,46.77972,11.41417,1450.0,fidubz,Pennes
H14664,46.56444,11.90611,2050.0,fidubz,Piz la Ila
H14665,46.79611,11.08806,1620.0,fidubz,Plan
H14666,46.69861,11.73361,2472.0,fidubz,Monte Telegrafo
H14667,46.66250,12.37000,1910.0,fidubz,Prati di Croda Rossa
H14668,46.79194,11.10139,2015.0,fidubz,Prati di Plan
H14669,47.01583,12.13111,3090.0,fidubz,Picco Lungo
H14670,47.03611,12.12222,2006.0,fidubz,Malga Merbe
H14671,46.94222,11.68694,2015.0,fidubz,Punta di Dan
H14672,46.91083,11.30667,1350.0,fidubz,Ridanna
H14673,46.94278,12.08194,1600.0,fidubz,Riva di Tures
H14674,46.82694,12.24472,1398.0,fidubz,S.Maddalena a Casies
H14675,46.78222,11.22944,586.0,fidubz,S.Martino in Passiria
H14676,46.77583,10.52861,1499.0,fidubz,S.Valentino alla Muta
H14677,46.23639,11.18528,212.0,fidubz,Salorno
H14678,46.67917,11.89778,1150.0,fidubz,S.Martino in Badia
H14679,46.54556,11.76833,1594.0,fidubz,Selva Gardena
H14680,46.77028,10.79667,3220.0,fidubz,Croda delle Cornacchie
H14681,46.62389,10.78000,698.0,fidubz,Silandro
H14682,46.51778,10.59556,1905.0,fidubz,Solda
H14683,46.49361,10.61417,2602.0,fidubz,Madricio
H14684,46.50278,10.62833,3328.0,fidubz,Cima Beltovo
H14685,46.55972,10.53694,2475.0,fidubz,Cresta Zaufen
H14686,46.83444,11.78528,1349.0,fidubz,Terento
H14687,46.63750,10.46139,1235.0,fidubz,Tubre
H14689,46.54167,10.99028,1140.0,fidubz,Diga di Zoccolo-S.Valburga
H14690,46.88389,11.43833,943.0,fidubz,Vipiteno
H14799,46.84556,11.29889,1907.0,fidubz,Malga Waserfaller
H14800,46.67111,12.11139,2340.0,fidubz,Alpe Cavallo
H14801,46.91333,11.14861,2230.0,fidubz,Alpe del Tumulo
H14802,46.87028,12.11639,1320.0,fidubz,Anterselva di Sopra
H14803,46.73028,11.64417,590.0,fidubz,Bressanone Varna
H14804,46.49389,10.77389,3253.0,fidubz,Cima di Fontana Bianca
H14805,46.51333,11.02806,2165.0,fidubz,Clozner Loch
H14806,46.59500,11.52889,490.0,fidubz,Colma - Barbiano
H14807,46.57694,11.20056,254.0,fidubz,Gargazzone
H14808,46.78444,10.76444,3035.0,fidubz,Giovo del Diavolo
H14809,46.38222,11.28861,224.0,fidubz,Laimburg
H14810,46.81250,11.54861,850.0,fidubz,Le Cave
H14811,46.92556,11.86139,2155.0,fidubz,Malga Fadner
H14812,46.74306,12.12889,1131.0,fidubz,Monguelfo
H14813,46.84667,10.62472,2450.0,fidubz,Monte Pratzen
H14814,46.42861,11.53639,1128.0,fidubz,Nova Levante
H14815,46.36333,11.54639,2125.0,fidubz,Obereggen Absam
H14816,46.44222,11.25250,495.0,fidubz,Pianizza di Sopra - Caldaro
H14817,47.03639,12.09889,1450.0,fidubz,Predoi
H14818,46.53028,11.33167,970.0,fidubz,S.Genesio
H14819,46.71167,12.10000,1350.0,fidubz,S.Vito di Braies
H14820,46.96556,11.59806,1440.0,fidubz,S.Giacomo di Vizze
H14821,46.64056,11.35500,970.0,fidubz,Sarentino
H14822,46.89000,11.87417,1141.0,fidubz,Selva dei Molini
H14823,46.84806,11.62694,1410.0,fidubz,Valles
H14824,46.81083,11.75333,746.0,fidubz,Vandoies di Sopra
H14825,46.73556,10.84917,1700.0,fidubz,Vernago
H14826,46.74111,10.82222,1950.0,fidubz,Vernago Finale
H13992,46.07650,12.76880,142.0,fidufv,VIVARO
H13993,45.89564,12.81499,21.0,fidufv,S. VITO AL TAGLIAMENTO
H13994,45.91795,12.54501,22.0,fidufv,BRUGNERA
H13996,46.10168,13.07388,148.0,fidufv,FAGAGNA
H13997,46.03519,13.22669,91.0,fidufv,UDINE S.O.
H13998,45.88229,13.15577,16.0,fidufv,TALMASSONS
H13999,45.80569,13.05261,5.0,fidufv,PALAZZOLO DELLO STELLA
H14000,45.95808,13.51234,85.0,fidufv,CAPRIVA DEL FRIULI
H14001,45.88977,13.48180,29.0,fidufv,GRADISCA D'ISONZO
H14002,45.71474,13.45885,0.0,fidufv,FOSSALON DI GRADO
H14003,45.84947,13.33700,8.0,fidufv,CERVIGNANO DEL FRIULI
H14004,45.64998,13.75221,1.0,fidufv,TRIESTE MOLO F.LLI BANDIERA
H14005,45.73798,13.74203,268.0,fidufv,SGONICO-ZGONIK
H14006,46.26127,13.12208,184.0,fidufv,GEMONA DEL FRIULI
H14007,45.95234,13.00274,37.0,fidufv,CODROIPO
H14008,45.95360,12.68126,23.0,fidufv,PORDENONE
H14009,45.70190,13.14706,7.0,fidufv,LIGNANO SABBIADORO
H14010,46.08041,13.42000,127.0,fidufv,CIVIDALE DEL FRIULI
H14011,46.50232,12.92625,1750.0,fidufv,MONTE ZONCOLAN
H14013,46.15727,12.59773,1528.0,fidufv,PALA D'ALTEI
H14014,46.51073,13.55188,794.0,fidufv,TARVISIO
H14015,46.41038,12.86253,438.0,fidufv,ENEMONZO
H14016,46.40977,12.59368,922.0,fidufv,FORNI DI SOPRA
H14017,46.50594,13.30740,560.0,fidufv,PONTEBBA T.P.
H14018,46.39939,13.00585,314.0,fidufv,TOLMEZZO
H14019,46.31263,13.27468,600.0,fidufv,MUSI
H14020,46.25450,12.73404,345.0,fidufv,CHIEVOLIS
H14021,46.11490,12.52439,1275.0,fidufv,PIANCAVALLO
H14829,46.30903,13.05537,198.0,fidufv,ALESSO
H14830,46.01657,12.87054,71.0,fidufv,ARZENUTTO
H14831,46.06510,12.60284,150.0,fidufv,AVIANO
H14832,46.26043,12.83199,430.0,fidufv,CAMPONE
H14833,46.43866,13.56847,914.0,fidufv,CAVE DEL PREDIL
H14834,46.45641,13.03568,402.0,fidufv,CEDARCHIS
H14835,46.40423,13.31700,400.0,fidufv,CHIUSAFORTE
H14836,46.26349,12.50050,563.0,fidufv,CLAUT - TRE PINI
H14837,46.22990,12.91795,562.0,fidufv,CLAUZETTO
H14838,46.34762,13.39520,650.0,fidufv,CORITIS
H14839,45.99840,12.58868,40.0,fidufv,FORCATE
H14840,46.58539,12.77336,888.0,fidufv,FORNI AVOLTRI
H14841,45.91068,13.59916,68.0,fidufv,GORIZIA AEROPORTO
H14842,45.68311,13.38344,2.0,fidufv,GRADO MAREA
H14843,46.50580,13.44032,733.0,fidufv,MALBORGHETTO F.FELLA
H14844,46.17398,12.71860,283.0,fidufv,MANIAGO
H14845,46.40007,13.18668,310.0,fidufv,MOGGIO UDINESE
H14846,45.79651,13.51159,4.0,fidufv,MONFALCONE- PISCINA COMUNALE
H14847,46.19682,12.65893,845.0,fidufv,PALA BARZANA
H14848,45.91129,13.33304,42.0,fidufv,PALMANOVA
H14849,46.52795,13.01215,576.0,fidufv,PALUZZA
H14850,46.52606,13.12119,690.0,fidufv,PAULARO
H14851,46.52052,12.77352,710.0,fidufv,PESARIIS
H14852,46.17316,13.48284,184.0,fidufv,PULFERO
H14853,46.51913,12.91763,940.0,fidufv,RAVASCLETTO
H14854,46.37588,13.29568,460.0,fidufv,RESIA
H14855,46.31254,12.93650,389.0,fidufv,S. FRANCESCO T.P.
H14856,46.40276,13.37529,506.0,fidufv,SALETTO
H14857,46.15696,13.01405,190.0,fidufv,S. DANIELE
H14858,46.46721,12.68197,1414.0,fidufv,SAURIS DI SOPRA (CAE
H14859,46.10891,12.88229,126.0,fidufv,SPILIMBERGO
H14860,46.21693,13.22360,230.0,fidufv,TARCENTO
H14861,46.58403,13.00119,830.0,fidufv,TIMAU
H14862,46.29822,12.79301,370.0,fidufv,TRAMONTI DI SOTTO
H14863,45.63536,13.83294,266.0,fidufv,TRIESTE CATTINARA
H14864,45.83368,13.16008,9.0,fidufv,ZAVATTINA
H14865,46.21165,13.52910,1630.0,fidufv,MONTE MATAJUR
H14868,45.61828,13.56498,5.0,fidufv,BOA PALOMA
H14869,45.61048,13.75264,2.0,fidufv,MUGGIA
H14871,45.98203,13.27253,60.0,fidufv,LAUZACCO
H14872,45.92879,13.24013,33.0,fidufv,BICINICCO
H14873,45.73622,13.02189,5.0,fidufv,GORGO
H14876,46.11423,13.48678,160.0,fidufv,S. PIETRO AL NATISONE
H14878,46.04422,13.30303,91.0,fidufv,PRADAMANO
H14879,45.64736,13.76452,30.0,fidufv,TRIESTE IST. NAUTICO 1
H14881,46.01075,12.94582,69.0,fidufv,RIVIS
H14882,45.87895,13.08983,13.0,fidufv,ARIIS
H14884,45.92096,12.93843,30.0,fidufv,CAMINO
H14885,45.76935,13.31254,0.0,fidufv,TERZO D'AQUILEIA
H14887,46.48248,13.52009,1743.0,fidufv,MONTE LUSSARI SM
H12202,44.00624,08.16930,25.0,fiduli,Alassio
H12203,44.06832,08.18089,36.0,fiduli,Albenga-Isolabella
H12204,44.04882,08.21077,6.0,fiduli,Albenga-Molino Branca
H12209,44.40449,08.52801,435.0,fiduli,Alpicella
H12213,44.43845,09.10735,702.0,fiduli,Bargagli
H12216,43.93330,08.00070,281.0,fiduli,Bestagno
H12222,43.97713,07.95315,250.0,fiduli,Borgomaro
H12223,43.84803,07.62177,115.0,fiduli,Borgonuovo
H12224,44.42429,09.41013,386.0,fiduli,Borzone
H12226,44.23132,09.71552,112.0,fiduli,Brugnato
H12234,44.24990,09.84000,425.0,fiduli,Calice al Cornoviglio-Molunghi
H12240,44.30542,09.76581,1070.0,fiduli,Casoni
H12241,44.14665,08.26235,91.0,fiduli,Castellari
H12242,44.13202,08.11888,432.0,fiduli,Castelvecchio di R.B.
H12246,44.35237,09.58414,410.0,fiduli,Cembrano
H12247,44.07623,08.13448,110.0,fiduli,Cenesi
H12248,43.87968,07.77388,370.0,fiduli,Ceriana
H12251,44.42107,09.32194,615.0,fiduli,Cichero
H12252,44.08548,08.14601,52.0,fiduli,Cisano sul Neva
H12253,43.98152,07.69983,1357.0,fiduli,Colle Belenda
H12254,44.23234,08.20245,1004.0,fiduli,Colle del Melogno
H12255,44.33297,08.38289,385.0,fiduli,Colle di Cadibona
H12256,44.08325,07.87331,927.0,fiduli,Colle di Nava
H12259,43.97999,08.10447,350.0,fiduli,Conna
H12260,44.10632,09.73483,338.0,fiduli,Corniolo
H12261,44.47507,09.00714,630.0,fiduli,Creto
H12262,44.52014,08.98586,470.0,fiduli,Crocetta D'Orero
H12264,44.34000,09.71000,780.0,fiduli,Cuccarello
H12265,44.46781,09.09539,467.0,fiduli,Davagna
H12267,43.92741,08.06093,100.0,fiduli,Diano Castello
H12270,44.36638,08.46670,80.0,fiduli,Ellera-Foglietto
H12271,44.46494,08.70493,290.0,fiduli,Fiorino
H12272,44.40290,09.09318,791.0,fiduli,Fontana Fresca
H12273,44.13805,09.90619,25.0,fiduli,Fornola
H12278,44.45530,08.89561,47.0,fiduli,Genova-Bolzaneto
H12280,44.42834,08.93448,360.0,fiduli,Genova-Castellaccio
H12281,44.40000,08.95000,30.0,fiduli,Genova-Centro Funzionale
H12282,44.41094,08.95395,10.0,fiduli,Genova-Firpo
H12283,44.43439,08.96109,30.0,fiduli,Genova - Gavette
H12284,44.43671,08.82023,20.0,fiduli,Genova-Granara
H12285,44.43227,08.82460,69.0,fiduli,Genova-Pegli
H12286,44.48852,08.90010,75.0,fiduli,Genova-Pontedecimo
H12288,44.38472,09.06158,174.0,fiduli,Genova-Sant'Ilario
H12289,44.46268,09.39525,1009.0,fiduli,Giacopiane
H12291,44.46112,09.38773,1030.0,fiduli,Giacopiane-Lago
H12293,43.87957,08.01652,71.0,fiduli,Imperia-Oss. Meteosismico
H12295,44.53013,08.85822,300.0,fiduli,Isoverde
H12300,44.32323,09.61484,270.0,fiduli,La Macchia
H12301,44.44076,09.04717,150.0,fiduli,La Presa
H12302,44.10703,09.82819,35.0,fiduli,La Spezia
H12303,44.33542,08.48011,253.0,fiduli,Lavagnola
H12304,44.40350,08.64766,110.0,fiduli,Lerca
H12305,44.17888,09.61870,85.0,fiduli,Levanto-San Gottardo
H12306,44.17143,09.60677,6.0,fiduli,Levanto-Vallesanta
H12307,44.55421,09.28421,600.0,fiduli,Loco Carchelli
H12309,44.43429,08.74155,104.0,fiduli,Madonna delle Grazie
H12313,44.05000,10.01381,2.0,fiduli,Marinella di Sarzana
H12316,44.47419,08.73313,270.0,fiduli,Mele 1
H12318,44.54028,08.93816,270.0,fiduli,Mignanego
H12319,44.43946,08.74603,35.0,fiduli,Molinetto
H12321,43.93074,07.84202,240.0,fiduli,Montalto Ligure
H12327,43.79330,07.61888,210.0,fiduli,Monte Maure
H12328,44.07129,09.93842,360.0,fiduli,Monte Rocchetta
H12331,44.27808,09.65595,185.0,fiduli,Nasceto
H12333,44.19514,09.77099,75.0,fiduli,Padivarma
H12334,44.34209,09.35624,25.0,fiduli,Panesi
H12336,43.90463,07.73328,931.0,fiduli,Passo Ghimbegna
H12337,44.48613,08.73602,234.0,fiduli,Passo del Turchino
H12342,44.19801,09.84904,48.0,fiduli,Piana Battolla-Ponte
H12344,44.04952,07.91473,263.0,fiduli,Pieve di Teco
H12345,44.04202,07.79343,1845.0,fiduli,Poggio Fearza
H12348,44.05445,08.06393,90.0,fiduli,Pogli d'Ortovero idrometro
H12355,44.06393,07.86644,475.0,fiduli,Pornassio
H12357,44.05200,09.83594,40.0,fiduli,Portovenere-Comune
H12361,44.41681,09.00911,234.0,fiduli,Premanico
H12362,44.06542,08.00433,343.0,fiduli,Ranzo
H12363,44.37488,09.45773,530.0,fiduli,Reppia
H12365,43.88859,07.60177,215.0,fiduli,Rocchetta Nervina
H12369,43.94153,08.00619,67.0,fiduli,Rugge di Pontedassio
H12373,44.27470,09.65964,180.0,fiduli,S.Margherita Vara
H12375,44.36189,08.52730,180.0,fiduli,Sanda
H12376,43.82265,07.78625,61.0,fiduli,Sanremo
H12377,44.44247,08.84485,310.0,fiduli,Santuario Monte Gazzo
H12378,44.34555,08.43753,90.0,fiduli,Santuario di Savona
H12379,44.11227,09.96546,26.0,fiduli,Sarzana
H12382,44.30620,08.48305,24.0,fiduli,Savona-Istituto Nautico
H12385,43.93960,07.60808,1212.0,fiduli,Sella di Gouta
H12386,44.26434,09.73698,580.0,fiduli,Sero' di Zignago
H12387,44.29848,09.67751,265.0,fiduli,Sesta Godano
H12388,44.27377,09.40992,10.0,fiduli,Sestri Levante
H12391,44.41582,08.48252,349.0,fiduli,Stella S.Giustina
H12392,44.40530,09.62050,895.0,fiduli,Taglieto
H12393,44.31274,09.54859,603.0,fiduli,Tavarone
H12394,44.00538,08.02774,439.0,fiduli,Testico
H12397,43.99451,07.76242,789.0,fiduli,Triora
H12400,43.83551,07.81883,41.0,fiduli,Valle Armea-Ponte
H12401,44.52038,08.94744,407.0,fiduli,Valleregia
H12403,44.38313,09.58420,345.0,fiduli,Varese Ligure
H12405,43.78777,07.61211,21.0,fiduli,Ventimiglia
H12407,44.48555,08.97849,310.0,fiduli,Vicomorasso
H12408,44.42846,09.06348,430.0,fiduli,Viganego
H12451,44.19802,09.95015,45.0,fiduli,CALAMAZZA
H12453,44.36182,09.89656,200.0,fiduli,PONTREMOLI-S.GIUSTINA
H12454,44.20233,10.06207,107.0,fiduli,SOLIERA
H12935,44.34611,09.34833,26.0,fiduli,Carasco
H12936,44.10379,10.00705,96.0,fiduli,Castelnuovo Magra
H12937,44.29694,09.37361,100.0,fiduli,Cavi di Lavagna
H12938,44.07491,10.00899,5.0,fiduli,Luni
H12939,44.13472,09.64028,75.0,fiduli,Monterosso
H14753,44.19573,08.30205,50.0,fiduli,Calice Ligure - Ca rosse
H14888,43.87320,07.54478,110.0,fiduli,Airole
H14889,43.90590,07.95150,77.0,fiduli,Dolcedo
H14891,44.13254,09.79030,350.0,fiduli,La Foce - Mte Viseggi
H14892,44.19325,08.37883,340.0,fiduli,Manie
H14893,44.54856,08.95421,620.0,fiduli,Monte Cappellino
H14894,44.05719,08.04134,115.0,fiduli,Onzo - Ponterotto
H14895,44.39365,09.27102,70.0,fiduli,Pian dei Ratti
H14896,43.91862,07.69454,655.0,fiduli,Pizzeglio
H14897,44.35048,09.48082,593.0,fiduli,Statale
H14898,44.16397,08.22002,450.0,fiduli,Verzi Loano
H11831,43.29068,13.73623,8.0,fiduma,Foce Chienti
H11832,43.82633,13.05380,7.0,fiduma,Foce Metauro
H11833,42.97743,13.87046,7.0,fiduma,Foce Tesino
H11834,43.69091,12.82464,96.0,fiduma,Fossombrone
H13974,43.57442,13.52387,52.0,fiduma,Baraccola
H13975,43.58027,13.02908,186.0,fiduma,Barbara
H13976,43.36224,13.19233,790.0,fiduma,Cingoli
H13977,43.33027,12.90403,354.0,fiduma,Fabriano Centro
H13978,43.03470,13.15599,747.0,fiduma,Fiastra Tribbio
H13979,43.43579,13.61955,45.0,fiduma,Loreto
H13980,43.29224,13.41870,294.0,fiduma,Macerata Montalbano
H13981,43.73750,12.96924,189.0,fiduma,Piagge
H13982,43.08003,13.28157,465.0,fiduma,Pian di Pieca
H13983,43.36842,13.07954,580.0,fiduma,Poggio San Vicino
H13984,43.60511,12.95332,160.0,fiduma,S. Lorenzo in Campo
H13985,43.15903,12.97074,469.0,fiduma,Sefro
H13986,43.70103,13.20576,6.0,fiduma,Senigallia
H13987,43.03056,12.91750,754.0,fiduma,Serravalle di Chienti
H13988,43.11981,12.95284,660.0,fiduma,Sorti
H13989,43.19419,12.90089,484.0,fiduma,Spindoli
H13990,43.84342,12.59109,405.0,fiduma,Tavoleto
H13991,43.20922,13.29552,191.0,fiduma,Tolentino
H14756,42.97638,13.35134,463.0,fiduma,Amandola
H14757,42.62557,13.29629,954.0,fiduma,Amatrice-ETGAN
H14758,43.61095,13.44981,5.0,fiduma,Ancona Torrette
H14759,42.77781,13.29544,700.0,fiduma,Arquata del Tronto
H14760,43.51592,12.35596,730.0,fiduma,Bocca Serriola
H14762,43.46707,12.64053,396.0,fiduma,Cantiano
H14763,43.02596,13.64595,330.0,fiduma,Carassai
H14764,43.78058,12.34062,715.0,fiduma,Carpegna-ETGAN
H14765,43.69889,12.76806,633.0,fiduma,Cesane Foresta
H14767,43.43375,12.90446,254.0,fiduma,Colleponi
H14768,43.66051,13.04638,218.0,fiduma,Corinaldo
H14769,42.92618,13.09863,700.0,fiduma,Endesa
H14770,43.62951,13.37239,5.0,fiduma,Fiumesino
H14771,43.74821,13.17039,7.0,fiduma,Foce Cesano
H14772,43.75629,12.35881,608.0,fiduma,Frontino
H14773,43.08759,13.00445,745.0,fiduma,Gelagna Alta
H14774,42.88621,13.16580,1000.0,fiduma,Gualdo
H14775,42.90521,13.40683,760.0,fiduma,Illice
H14777,43.64625,13.34053,5.0,fiduma,Marina di Montemarciano
H14778,43.47771,12.69196,1446.0,fiduma,Monte Acuto
H14779,43.80100,12.32023,1415.0,fiduma,Monte Carpegna-ETGAN
H14780,43.62814,12.75854,942.0,fiduma,Monte Paganuccio
H14782,43.49238,13.50181,123.0,fiduma,Osimo Monteragolo
H14783,43.51216,12.55335,400.0,fiduma,Pianello di Cagli
H14784,43.07257,13.08690,420.0,fiduma,Pievebovigliana
H14785,43.58673,12.51521,331.0,fiduma,Piobbico
H14786,43.18111,12.97333,445.0,fiduma,Pioraco 2
H14787,42.76832,13.40897,393.0,fiduma,Piscina Acquasanta Terme
H14788,42.55867,13.34030,1338.0,fiduma,Poggio Cancelli
H14789,42.90447,13.13815,718.0,fiduma,Ponte Tavola
H14790,42.99213,13.78500,409.0,fiduma,Ripatransone
H14791,43.43821,13.53819,28.0,fiduma,Rostighello
H14792,43.10397,13.39909,419.0,fiduma,S. Angelo in Pontano
H14793,43.47546,13.59435,6.0,fiduma,Svarchi
H14794,43.65297,12.55186,245.0,fiduma,Urbania
H14797,43.66568,12.41154,355.0,fiduma,S. Angelo in Vado 2
H06468,43.38866,13.04170,625.0,fiduma,S. Giovanni
H06491,43.62828,12.68450,193.0,fiduma,Acqualagna
H06543,43.54328,13.38067,170.0,fiduma,Agugliano
H06544,43.61036,13.50836,91.0,fiduma,Ancona Regione
H06545,43.56213,12.43040,465.0,fiduma,Biscubio
H06546,43.36417,13.34306,195.0,fiduma,Appignano
H06548,43.83988,12.89474,53.0,fiduma,Arzilla
H06552,43.66266,13.16500,26.0,fiduma,Misa
H06553,43.14007,13.06798,581.0,fiduma,Camerino
H06554,42.73848,13.23818,842.0,fiduma,Capodacqua
H06555,43.31040,12.82428,532.0,fiduma,Campodiegoli
H06556,43.47564,13.38839,84.0,fiduma,Musone
H06559,43.26095,13.59013,58.0,fiduma,Chienti 2
H06560,43.84781,12.46452,348.0,fiduma,Conca 1
H06561,43.88383,12.52890,221.0,fiduma,Conca 2
H06563,43.44546,13.11572,510.0,fiduma,Cupramontana
H06566,43.13585,13.71314,48.0,fiduma,Ete Vivo
H06568,43.15750,13.71444,224.0,fiduma,Fermo
H06570,43.43583,13.35117,305.0,fiduma,Filottrano
H06571,43.79447,12.61874,112.0,fiduma,Foglia 1
H06572,43.85185,12.78690,43.0,fiduma,Foglia 2
H06573,43.90755,12.89771,9.0,fiduma,Foglia 3
H06574,43.47108,12.72642,690.0,fiduma,Fonte Avellana
H06576,42.96297,13.48969,643.0,fiduma,Force
H06577,42.95402,13.20539,1825.0,fiduma,Pizzo Tre Vescovi
H06579,43.10611,13.59861,200.0,fiduma,Grottazzolina
H06580,42.91768,13.29862,1260.0,fiduma,Isola San Biagio
H06581,43.53496,13.21769,100.0,fiduma,Jesi
H06582,43.15993,13.40367,430.0,fiduma,Loro Piceno
H06584,43.76267,12.96756,36.0,fiduma,Metauro
H06585,43.49621,13.12589,104.0,fiduma,Moie
H06586,42.91153,13.18906,1917.0,fiduma,Monte Bove Sud
H06587,43.40800,13.43723,215.0,fiduma,Montefano
H06588,42.89945,13.32611,995.0,fiduma,Montemonaco
H06589,42.87344,13.20509,1813.0,fiduma,Monte Prata
H06591,43.53479,13.05650,350.0,fiduma,Colle
H06592,42.84965,13.53753,193.0,fiduma,Mozzano
H06594,43.42499,12.85635,386.0,fiduma,Sassoferrato
H06596,43.56867,12.84406,242.0,fiduma,Pergola
H06597,43.89061,12.86939,22.0,fiduma,Villa Fastiggi
H06599,43.78150,12.70720,122.0,fiduma,Gallo
H06600,42.99108,13.23909,1360.0,fiduma,Pintura di Bolognola
H06606,43.23268,13.77241,9.0,fiduma,Porto Sant'Elpidio
H06607,43.22949,13.18852,220.0,fiduma,Potenza 1
H06609,43.38369,13.59325,25.0,fiduma,Recanati
H06610,42.95404,13.56858,385.0,fiduma,Rotella
H06612,43.66689,12.41022,352.0,fiduma,S. Angelo in Vado
H06613,43.66498,13.01457,92.0,fiduma,Cesano
H06615,43.80859,12.51258,173.0,fiduma,Bronzo
H06616,43.00670,13.24157,1365.0,fiduma,Sassotetto
H06617,43.40649,12.65876,688.0,fiduma,Scheggia
H06619,43.31583,13.18861,549.0,fiduma,Serralta ETGAN
H06620,42.85936,13.77547,30.0,fiduma,Spinetoli
H06621,43.08586,13.49803,197.0,fiduma,Tenna
H06623,42.85224,13.65152,78.0,fiduma,Tronto
H06624,42.73742,13.40658,646.0,fiduma,Umito
H06625,43.72317,12.63668,471.0,fiduma,Urbino
H06626,43.32735,13.42612,133.0,fiduma,Villa Potenza
H06629,43.40644,12.98033,189.0,fiduma,Camponocecchio
H06634,42.98374,12.99415,960.0,fiduma,Montecavallo
H06635,42.93322,13.88917,6.0,fiduma,S. Benedetto
H06636,42.94364,13.14250,749.0,fiduma,Ussita
H06637,42.89514,13.27028,1740.0,fiduma,Sibilla
H06639,43.25313,12.94332,608.0,fiduma,Esanatoglia 2
H12673,44.69267,07.85050,290.0,fidupo,Bra
H12674,46.29698,10.50653,1640.0,fidupo,Case Pirli
H12675,46.09161,09.11081,1100.0,fidupo,Cavargna
H12676,44.70050,07.15100,1422.0,fidupo,Crissolo
H12677,46.04256,09.75607,1682.0,fidupo,Foppolo
H12678,45.42500,08.59000,146.0,fidupo,Novara Agogna Q.A.
H12679,44.28350,08.20300,620.0,fidupo,Osiglia
H12680,44.64133,08.63483,230.0,fidupo,Ovada
H12681,45.58116,09.16330,176.0,fidupo,Palazzolo
H12682,44.92033,07.83350,249.0,fidupo,Poirino Banna
H12683,44.83583,08.07233,185.0,fidupo,S. Damiano Borbore
H12684,44.50533,07.25233,1111.0,fidupo,S. Damiano Macra
H12685,45.40567,07.53933,550.0,fidupo,Sparone
H12687,45.06967,07.68717,239.0,fidupo,Torino Giardini Reali
H12688,45.13367,07.62467,258.0,fidupo,Venaria Ceronda
H12727,45.38267,10.03663,93.0,fidupo,Bargnano
H12728,46.10462,09.56836,958.0,fidupo,Bema
H12729,45.71822,09.70948,286.0,fidupo,Bergamo
H12730,45.65961,09.65782,218.0,fidupo,Bergamo Stezzano
H12731,45.18738,10.88674,26.0,fidupo,Bigarello
H12732,45.30265,09.54976,60.0,fidupo,Boccaserio SIAP
H12733,45.04561,10.75911,29.0,fidupo,Borgoforte
H12734,45.04578,10.75903,29.0,fidupo,Borgoforte SIAP
H12735,45.52433,10.26033,129.0,fidupo,Brescia ITAS
H12737,45.89767,09.65726,433.0,fidupo,Camerata Cornello
H12742,44.93986,09.27476,440.0,fidupo,Canevino
H12744,45.84739,09.31697,1237.0,fidupo,Canzo - Monte Prasanto
H12745,46.02663,10.34248,362.0,fidupo,Capo di ponte
H12746,45.64173,09.92137,178.0,fidupo,Capriolo
H12747,46.03768,09.79282,1950.0,fidupo,Carisole
H12748,45.25601,09.96347,56.0,fidupo,Casalbuttano
H12749,45.22294,10.67646,28.0,fidupo,Casale di Goito
H12750,44.97661,10.41978,33.0,fidupo,Casalmaggiore
H12752,45.69794,09.29753,376.0,fidupo,Casatenovo tetto
H12753,45.05438,08.90196,231.0,fidupo,Casei Gerola Po
H12754,45.83406,09.87616,501.0,fidupo,Casnigo
H12755,45.24598,08.69947,108.0,fidupo,Castello d'Agogna
H12756,45.28377,09.76588,55.0,fidupo,Castelleone SIAP
H12758,45.74878,08.82073,379.0,fidupo,Castronno
H12759,45.68931,08.80776,274.0,fidupo,Cavaria
H12760,45.26989,09.56172,67.0,fidupo,Cavenago d'Adda
H12764,46.00752,09.38037,456.0,fidupo,Cortenova
H12765,45.12860,09.99503,45.0,fidupo,Cremona
H12766,45.12835,09.99484,45.0,fidupo,Cremona SIAP
H12772,45.13071,10.84452,24.0,fidupo,Formigosa-Botte Sifone
H12776,45.81395,10.15303,850.0,fidupo,Fraine
H12779,45.73434,10.44950,379.0,fidupo,Galleria Agricoltori
H12781,45.26266,10.66202,42.0,fidupo,Goito
H12782,45.08377,10.95258,22.0,fidupo,Governolo
H12783,46.00751,09.94762,738.0,fidupo,Grabiasca
H12787,45.96874,08.86139,258.0,fidupo,Lavena Ponte Tresa
H12788,45.90616,08.62218,207.0,fidupo,Laveno Molo
H12789,46.35025,10.35479,950.0,fidupo,Le Prese
H12790,45.70456,08.97444,296.0,fidupo,Lurago Marinone
H12791,45.11182,10.53090,37.0,fidupo,Marcaria
H12792,45.25766,10.73063,45.0,fidupo,Marenghello
H12796,45.66144,09.06636,247.0,fidupo,Misinto
H12797,45.92159,09.50450,1234.0,fidupo,Moggio
H12799,45.78240,09.30547,278.0,fidupo,Molteno
H12801,46.46119,10.34331,2295.0,fidupo,Oga-S.Colombano
H12802,45.79740,08.97963,407.0,fidupo,Olgiate Comasco
H12804,45.67776,09.38853,234.0,fidupo,Osnago
H12805,45.30209,08.50835,121.0,fidupo,Palestro a Vercelli SIAP
H12806,44.95932,10.75730,20.0,fidupo,Palidano di Gonzaga
H12807,46.29257,09.88218,2155.0,fidupo,Palu'
H12809,44.68319,09.21615,1363.0,fidupo,Passo del Giova'
H12811,45.17968,09.14712,80.0,fidupo,Pavia-Ponte Liberta'
H12812,45.16369,10.05881,44.0,fidupo,Persico Dosimo
H12814,45.90921,08.64524,951.0,fidupo,Poggio S.Elsa
H12815,45.14158,09.22715,65.0,fidupo,Ponte Becca Po
H12816,45.14061,09.22922,62.0,fidupo,Ponte Becca SIAP
H12817,45.78410,09.82164,361.0,fidupo,Ponte Cene
H12820,46.03546,10.08421,272.0,fidupo,Porlezza lago
H12821,45.30072,10.71229,43.0,fidupo,Pozzolo
H12825,45.78712,09.93273,512.0,fidupo,Ranzanico
H12826,45.05406,12.33317,14.0,fidupo,Revere SIAP
H12827,45.44415,09.52067,102.0,fidupo,Rivolta d'Adda
H12829,45.83850,09.51059,676.0,fidupo,Rota d'Imagna
H12830,45.26073,09.37965,60.0,fidupo,S.Angelo Lodigiano
H12832,45.18706,09.48623,80.0,fidupo,S.Colombano al Lambro meteo
H12833,46.24658,10.31810,1725.0,fidupo,S.Giacomo Monno
H12835,45.78408,09.43513,198.0,fidupo,S.Maria Lavello
H12838,45.39433,10.71007,65.0,fidupo,Salionze monte
H12839,45.39183,10.70979,64.0,fidupo,Salionze Seriola
H12840,45.39294,10.70840,64.0,fidupo,Salionze valle
H12841,46.25108,09.39314,206.0,fidupo,Samolaco meteo (ersaf
H12844,46.24151,09.63214,927.0,fidupo,S. Martino Valmasino
H12845,45.04794,10.99897,14.0,fidupo,S. Siro SIAP
H12847,45.01486,11.29334,10.0,fidupo,Sermide
H12848,46.16657,09.84976,286.0,fidupo,Sondrio
H12849,46.16853,09.86403,300.0,fidupo,Sondrio Ponte Eiffel
H12850,45.10179,09.34609,64.0,fidupo,Spessa Po
H12854,46.22851,09.58058,2275.0,fidupo,Val Masino
H12855,46.06463,10.03858,965.0,fidupo,Valbondione
H12856,45.95062,09.86340,1002.0,fidupo,Valcanale
H12858,45.12877,10.84258,24.0,fidupo,Vallazza-Fissero
H12860,44.80653,09.17837,560.0,fidupo,Varzi Nivione (ersaf
H12861,45.16960,10.71924,18.0,fidupo,Vasarone
H12862,46.18191,09.32465,980.0,fidupo,Vercana
H12921,44.67389,09.09194,480.0,fidupo,Cabella Ligure
H12922,44.46417,07.33333,618.0,fidupo,Dronero Maira
H12923,45.03583,08.82194,71.0,fidupo,Isola S.Antonio IdroPr
H12924,44.60667,08.75361,356.0,fidupo,Lavagnina lago
H12925,45.00111,07.67861,220.0,fidupo,Moncalieri PO
H12926,45.87444,08.40917,292.0,fidupo,Omegna lago d'Orta
H12927,45.74833,08.51333,332.0,fidupo,Paruzzaro
H12928,44.11833,07.86778,832.0,fidupo,Ponte di Nava Tanaro
H12929,44.63472,08.17444,284.0,fidupo,Rocchetta Belbo
H12930,45.13056,06.76611,1975.0,fidupo,Rochemolles
H12931,45.17250,07.94306,174.0,fidupo,S. Sebastiano Po
H12932,45.38806,07.67278,362.0,fidupo,Spineto Orco
H12933,45.38806,07.67280,362.0,fidupo,Spineto Orco
H12934,44.78000,07.51222,257.0,fidupo,Villafranca Piemonte Po
H12966,45.03611,08.82223,84.0,fidupo,Isola S.Antonio PO 1
H14434,45.05833,07.69528,239.0,fidupo,Torino Murazzi Po
H14754,44.73611,08.17306,383.0,fidupo,Castagnole Lanze 1
H14899,45.39472,08.88972,115.0,fidupo,Abbiategrasso
H14900,45.06444,08.87722,72.0,fidupo,Agogna a Mezzana Bigli
H14901,44.91472,08.60194,96.0,fidupo,Alessandria Tanaro
H14902,45.54861,08.84722,183.0,fidupo,Arconate
H14903,45.22528,10.39722,38.0,fidupo,Asola
H14904,45.22083,10.40750,39.0,fidupo,Asola idro
H14905,45.83861,10.45222,780.0,fidupo,Bagolino
H14906,45.92750,10.29139,472.0,fidupo,Bienno - Piazze
H14907,45.66722,10.32750,911.0,fidupo,Bione - San Bernardo
H14909,45.80361,09.28694,266.0,fidupo,Bosisio Parini
H14910,45.83694,09.06722,205.0,fidupo,Breggia a Cernobbio
H14911,45.81000,09.60889,327.0,fidupo,Brembilla
H14912,45.04444,09.22389,77.0,fidupo,Broni
H14913,46.15500,09.79250,274.0,fidupo,Caiolo
H14914,46.03056,10.34193,377.0,fidupo,Capo di Ponte - Via Bona
H14915,46.02444,09.86278,1958.0,fidupo,Carona Fregabolgia
H14916,45.70750,08.83639,320.0,fidupo,Cassano Magnago A1
H14917,45.68944,08.83167,230.0,fidupo,Cassano Magnago A5
H14918,45.75861,08.86611,267.0,fidupo,Castiglione Olona
H14919,46.32528,09.37639,403.0,fidupo,Chiavenna Inferno
H14920,45.45583,10.40333,125.0,fidupo,Chiese a Calcinato
H14921,45.88083,09.93305,564.0,fidupo,Clusone SP 671
H14922,45.86972,09.63917,622.0,fidupo,Cornalita
H14923,45.78556,08.86389,248.0,fidupo,Diga di Ponte Gurone
H14924,46.17583,10.33361,660.0,fidupo,Edolo (ersaf
H14926,45.24806,08.86333,101.0,fidupo,Gambolo'
H14927,46.13194,09.24778,581.0,fidupo,Garzeno
H14928,46.29167,09.33916,1362.0,fidupo,Gordona-Cermine
H14930,45.95750,10.44278,2418.0,fidupo,Lago della Vacca
H14931,46.09667,09.97000,2445.0,fidupo,Lago Reguzzo
H14932,45.37833,09.19250,95.0,fidupo,Lambro Meridionale a Opera
H14933,45.32083,09.26750,87.0,fidupo,Landriano
H14934,46.27000,09.88416,1000.0,fidupo,Lanzada Ganda
H14935,45.88556,09.26139,554.0,fidupo,Lasnigo
H14937,45.80694,10.79000,75.0,fidupo,Limone sul Garda
H14938,46.49361,10.20722,2327.0,fidupo,Livigno Passo Foscagno
H14939,45.12139,08.80805,84.0,fidupo,Lomello - Cantona
H14940,46.42306,09.36889,1872.0,fidupo,Madesimo - Alpe Motta
H14941,45.45806,08.85444,137.0,fidupo,Magenta
H14942,45.54389,10.56667,68.0,fidupo,Manerba
H14943,45.15806,10.82389,26.0,fidupo,Mantova - Lunetta 2
H14944,45.26833,10.20944,0.0,fidupo,Mella a Pralboino
H14945,45.81139,10.31556,1069.0,fidupo,Memmo
H14946,46.17333,09.40499,205.0,fidupo,Mera a Ponte del Passo
H14947,45.49750,09.25667,120.0,fidupo,Milano - Lambrate
H14948,45.54278,09.20556,145.0,fidupo,Milano - Parco Nord
H14949,45.48694,09.19361,122.0,fidupo,Milano - Via Rosellini
H14950,45.40278,10.41417,92.0,fidupo,Montichiari
H14952,45.11667,10.52889,27.0,fidupo,Oglio a Marcaria
H14953,45.19611,09.31500,73.0,fidupo,Olona Meridionale a Copiano
H14954,45.89111,09.78889,1138.0,fidupo,Oltre il Colle
H14955,46.34972,09.91527,3050.0,fidupo,Passo Marinelli
H14956,46.03889,09.62944,1835.0,fidupo,Passo S.Marco
H14957,45.95944,09.50111,1720.0,fidupo,Piani di Bobbio
H14958,45.99333,09.69333,966.0,fidupo,Piazzatorre
H14959,45.12167,10.19528,36.0,fidupo,Pieve San Giacomo
H14960,46.03778,09.14082,291.0,fidupo,Porlezza
H14961,46.21028,10.15056,420.0,fidupo,Poschiavino a Tirano
H14963,45.98111,10.04167,1890.0,fidupo,Presolana - Monte Cavallo
H14964,45.57972,10.50028,291.0,fidupo,Puegnago del Garda-Sovenigo
H14965,45.51778,09.08806,157.0,fidupo,Rho Scalo Fiorenza prato
H14966,45.51722,09.09167,143.0,fidupo,Rho Scalo Fiorenza tetto
H14967,45.49306,09.51528,105.0,fidupo,Rivolta d'Adda - Monfalcone
H14968,45.47611,09.49832,106.0,fidupo,Rivolta d'Adda - Ponte su SP4
H14970,46.07194,09.23833,1285.0,fidupo,S. Siro
H14972,45.30056,09.38083,75.0,fidupo,Salerano sul Lambro
H14973,45.39278,10.70611,64.0,fidupo,Salionze Mincio
H14974,46.54833,10.25111,1954.0,fidupo,S. Giacomo Spoel
H14975,45.66778,10.18722,290.0,fidupo,Sarezzo-Via d.Fonte
H14976,45.72417,08.63777,197.0,fidupo,Sesto Calende
H14977,45.90500,09.23500,1144.0,fidupo,Sormano
H14978,46.47194,09.34806,1919.0,fidupo,Spluga
H14979,44.77222,10.65250,0.0,fidupo,Tassone a Bagnolo
H14980,45.69639,10.05416,185.0,fidupo,Tavernola Bergamasca
H14981,46.15833,10.03861,357.0,fidupo,Teglio
H14982,45.73278,10.72083,374.0,fidupo,Tignale-Oldesio
H14983,45.63639,10.61694,70.0,fidupo,Toscolano
H14984,45.98778,09.21416,309.0,fidupo,Tremezzo
H14985,45.76639,08.71222,241.0,fidupo,Varano Borghi
H14987,46.07194,08.76889,1302.0,fidupo,Veddasca
H14988,45.71861,09.08583,308.0,fidupo,Vertemate
H14989,45.92611,10.06361,1164.0,fidupo,Presolana
H14990,46.35917,09.31944,2005.0,fidupo,Lago Truzzo S. Giacomo Filippo
H14991,46.17250,10.33888,659.0,fidupo,Edolo (IP radio
H14992,45.44028,10.69833,66.0,fidupo,Peschiera Del Garda
H03939,45.88750,08.51111,900.0,fidupo,Someraro
H03940,45.97778,08.42333,201.0,fidupo,Candoglia Toce Q.A.
H03942,44.41389,08.17083,390.0,fidupo,Bergalli
H03944,46.14934,09.41114,199.0,fidupo,Fuentes
H03945,45.98490,10.25866,994.0,fidupo,Laveno di Lozio
H03946,45.97507,10.10414,750.0,fidupo,Dezzo di Scalve
H03947,45.97740,09.53420,982.0,fidupo,Valtorta
H03948,45.94617,09.67274,550.0,fidupo,Piazza Brembana
H03950,44.55222,07.44278,499.0,fidupo,Rossana Varaita
H03951,44.51389,07.48056,500.0,fidupo,Busca Maira
H03953,44.80972,07.24472,478.0,fidupo,Luserna San Giovanni Pellice
H03954,44.88417,07.28472,486.0,fidupo,S. Martino Chisone
H03956,45.54806,07.82361,270.0,fidupo,Tavagnasco Dora Baltea
H03957,45.26778,07.48972,459.0,fidupo,Lanzo Stura di Lanzo
H03958,45.71389,08.28056,359.0,fidupo,Borgosesia Sesia
H03959,44.90250,07.68972,240.0,fidupo,Carignano Po
H03960,44.32806,07.41028,692.0,fidupo,Gaiola Stura di Demonte
H03961,44.79639,08.41944,122.0,fidupo,Castelnuovo Belbo
H03962,44.83000,08.63306,102.0,fidupo,Casal Cermelli Orba
H03963,44.72194,08.86500,220.0,fidupo,Serravalle Scrivia
H03964,44.88250,08.98611,182.0,fidupo,Volpedo Curone
H03967,45.57895,10.43776,200.0,fidupo,Gavardo
H03969,44.54778,07.12111,2125.0,fidupo,Pian delle Baracche
H03971,44.67833,08.48556,215.0,fidupo,Acqui Terme
H03972,44.85278,07.91528,295.0,fidupo,Pralormo
H03973,44.81194,07.24194,475.0,fidupo,Luserna San Giovanni
H03974,44.33444,07.55861,575.0,fidupo,Boves
H03975,46.11028,08.30278,252.0,fidupo,Domodossola
H03976,45.18556,07.97833,165.0,fidupo,Verolengo
H03977,45.43750,08.38417,155.0,fidupo,Albano Vercellese
H03978,44.92667,08.71389,90.0,fidupo,Alessandria Lobbi
H03979,45.46167,07.77500,650.0,fidupo,Meugliano
H03980,45.63028,07.98750,1186.0,fidupo,Oropa
H03981,45.04139,07.76722,631.0,fidupo,Pino Torinese
H03982,45.12917,08.49500,118.0,fidupo,Casale Monferrato
H03984,45.99944,07.98389,2820.0,fidupo,Passo del Moro
H03985,44.99333,06.94889,2320.0,fidupo,Lago Pilone
H03986,44.97639,06.86167,2701.0,fidupo,Monte Fraiteve
H03987,44.55806,08.25944,588.0,fidupo,Serole Bric Puschera
H03988,44.26000,07.80556,1741.0,fidupo,Monte Malanotte
H03989,44.12750,07.72917,1245.0,fidupo,Upega
H03990,44.33417,08.08722,700.0,fidupo,Perlo
H03991,44.53806,08.01500,640.0,fidupo,Somano
H03992,46.13806,08.42056,831.0,fidupo,Druogno
H03993,45.82028,08.25222,470.0,fidupo,Varallo
H03994,45.70500,08.46083,300.0,fidupo,Borgomanero
H03995,46.24472,08.18861,1308.0,fidupo,Varzo
H03996,45.56000,08.24806,243.0,fidupo,Masserano
H03997,44.68694,08.09250,376.0,fidupo,Treiso
H03999,44.52167,08.53833,773.0,fidupo,Ponzone Bric Berton
H04000,45.54472,08.69806,188.0,fidupo,Cameri
H04001,44.55750,07.49444,440.0,fidupo,Costigliole Saluzzo
H04002,44.96806,07.36500,332.0,fidupo,Cumiana
H04004,44.46611,08.08806,905.0,fidupo,Mombarcaro
H04005,45.88528,08.45389,1491.0,fidupo,Mottarone
H04006,44.78056,07.05306,2294.0,fidupo,Colle Barant
H04007,44.17750,08.04444,957.0,fidupo,Colle del San Bernardo
H04008,45.43806,07.42389,1120.0,fidupo,Bertodasco
H04009,44.56278,08.76778,780.0,fidupo,Capanne Marcarolo
H04010,45.00833,08.10167,200.0,fidupo,Montechiaro d'Asti
H04011,46.02506,09.57885,1845.0,fidupo,Gerola Pescegallo
H04012,46.14867,10.15942,1950.0,fidupo,Aprica
H04013,45.06833,06.89000,1010.0,fidupo,Salbertrand
H04014,45.07611,06.72778,1353.0,fidupo,Prerichard
H04015,45.14528,07.04944,500.0,fidupo,Pietrastretta
H04016,45.09389,07.38639,340.0,fidupo,Avigliana
H04017,45.32083,07.89917,226.0,fidupo,Candia
H04018,46.12500,08.20000,1142.0,fidupo,Pizzanco
H04019,46.22222,08.33222,560.0,fidupo,Crodo
H04020,45.51417,07.87361,337.0,fidupo,Borgofranco d'Ivrea
H04021,46.17507,10.47081,2325.0,fidupo,Pantano d'Avio
H04022,46.06639,08.25833,259.0,fidupo,Villadossola Ovesca
H04023,46.47630,10.18782,2650.0,fidupo,La Vallaccia 1
H04024,45.31667,07.30417,1075.0,fidupo,Ala di Stura
H04025,44.61389,07.05278,1614.0,fidupo,Pontechianale
H04026,44.20833,07.27500,1368.0,fidupo,Valdieri
H04027,44.88722,07.68889,245.0,fidupo,Carmagnola
H04028,45.32306,08.39778,130.0,fidupo,Vercelli
H04029,44.73028,07.57306,268.0,fidupo,Villanova Solaro
H04030,45.03472,07.24306,146.0,fidupo,Coazze
H04031,45.41889,08.04500,260.0,fidupo,Piverone
H04032,44.39167,07.81472,450.0,fidupo,Mondovi'
H04036,45.28389,07.66806,270.0,fidupo,Front Malone
H04037,44.51417,07.90250,263.0,fidupo,Farigliano Tanaro
H04038,45.31528,07.54722,624.0,fidupo,Corio
H04040,45.89722,08.16056,873.0,fidupo,Fobello
H04041,44.20750,08.02028,603.0,fidupo,Garessio Tanaro
H04042,45.91250,08.05028,1304.0,fidupo,Carcoforo
H04043,45.46944,07.13750,2300.0,fidupo,Lago Agnel
H04044,44.23361,07.65722,859.0,fidupo,Chiusa Pesio
H04045,45.36250,07.21944,1223.0,fidupo,Forno Alpi Graie
H04046,45.34167,07.51944,870.0,fidupo,Piano Audi
H04047,45.69222,07.95889,1090.0,fidupo,Piedicavallo
H04049,45.67722,08.15556,1100.0,fidupo,Trivero
H04050,45.92361,08.54750,202.0,fidupo,Pallanza
H04051,45.72423,10.49914,1147.0,fidupo,Cavacca
H04052,45.72951,10.46637,388.0,fidupo,Lago d'Idro
H04054,44.70111,07.11833,1318.0,fidupo,Crissolo
H04055,45.86167,08.23861,600.0,fidupo,Sabbia
H04056,44.52222,07.72500,330.0,fidupo,Fossano Stura di Demonte
H04058,44.91255,09.19497,501.0,fidupo,Fortunago
H04059,44.76680,09.23810,562.0,fidupo,Casanova
H04060,45.09417,08.27611,443.0,fidupo,Crea
H04061,44.22000,07.83278,974.0,fidupo,Borello Tanaro
H04063,44.56500,08.33722,187.0,fidupo,Mombaldone Bormida Q.A.
H04064,44.94278,08.68028,90.0,fidupo,Montecastello Tanaro
H04065,45.28431,08.53974,121.0,fidupo,Palestro Sesia Q.A. 1
H04067,44.68194,08.88417,240.0,fidupo,Arquata Scrivia
H04068,44.83028,08.84639,154.0,fidupo,Castellar Ponzano
H04069,45.02222,08.84944,76.0,fidupo,Isola Sant'Antonio
H04070,46.11306,08.30778,271.0,fidupo,Domodossola Toce
H04071,46.00500,08.26694,252.0,fidupo,Fomarco
H04072,44.87139,08.41472,142.0,fidupo,Masio Tanaro
H04073,45.48127,09.71227,192.0,fidupo,Mozzanica
H04074,45.99811,08.74441,205.0,fidupo,Luino
H04075,45.76977,08.57913,202.0,fidupo,Angera
H04076,45.31533,09.51191,80.0,fidupo,Lodi
H04078,45.60450,08.90997,206.0,fidupo,Castellanza
H04079,45.70950,09.10636,250.0,fidupo,Cantu' Asnago
H04081,45.83394,09.23191,427.0,fidupo,Caslino d'Erba
H04082,45.63783,09.29664,180.0,fidupo,Peregallo
H04083,45.47922,09.24997,127.0,fidupo,Milano parco Feltre
H04084,45.82088,09.08107,536.0,fidupo,Como Villa Geno
H04085,45.70756,09.59247,260.0,fidupo,Ponte Briolo
H04086,45.39034,10.71109,90.0,fidupo,Monzambano
H04087,45.66200,09.95914,197.0,fidupo,Sarnico
H04089,45.61406,10.31728,399.0,fidupo,Caino
H04090,45.78784,10.27108,572.0,fidupo,Bovegno
H04092,45.85228,09.36635,222.0,fidupo,Malgrate
H04093,45.27673,09.71053,63.0,fidupo,Montodine
H04094,45.19033,09.77775,46.0,fidupo,Pizzighettone
H04095,45.75311,09.26275,248.0,fidupo,Lambrugo
H04096,45.90338,08.74274,294.0,fidupo,Cuveglio
H04097,45.84850,08.88502,369.0,fidupo,Arcisate
H04098,45.33894,08.88054,94.0,fidupo,Vigevano
H04099,45.51806,08.61528,180.0,fidupo,Caltignaga Terdoppio
H04100,45.63250,08.04000,593.0,fidupo,Passobreve Cervo
H04101,45.70972,06.96361,1495.0,fidupo,La Thuile
H04102,45.59583,07.38250,1644.0,fidupo,Cogne - Lillaz Centrale
H04104,45.82556,07.34250,960.0,fidupo,Valpelline
H04105,45.83250,07.82139,1635.0,fidupo,Gressoney La Triniti
H04107,45.74722,07.61750,513.0,fidupo,Pontey Dora Baltea
H04108,44.23528,08.11944,647.0,fidupo,Calizzano
H04109,44.39917,08.28028,388.0,fidupo,Cairo Montenotte
H04110,44.47833,08.48472,385.0,fidupo,Sassello
H04111,44.57056,08.42333,236.0,fidupo,Cartosio Erro
H04112,44.48444,08.31056,267.0,fidupo,Piana Crixia Bormida
H04113,44.56722,08.65972,289.0,fidupo,Rossiglione
H04114,44.68806,08.79722,215.0,fidupo,Gavi
H04116,44.56639,08.94750,358.0,fidupo,Busalla
H04124,44.81833,08.13472,116.0,fidupo,Asti Tanaro
H04125,44.88694,06.93583,1865.0,fidupo,Sauze Cesana
H04126,44.94444,07.77389,237.0,fidupo,Santena Banna
H04127,44.76806,08.67222,136.0,fidupo,Basaluzzo
H04129,46.34722,08.43056,1230.0,fidupo,Formazza Bruggi
H04130,45.97361,07.95417,1360.0,fidupo,Macugnaga Pecetto
H04131,46.05833,08.69583,201.0,fidupo,Cannobio
H04132,45.83333,07.96250,1196.0,fidupo,Alagna
H04133,45.44361,07.65722,1300.0,fidupo,Colleretto
H04134,45.20694,07.15000,1800.0,fidupo,Malciaussia
H04135,44.95917,07.07278,1650.0,fidupo,Massello
H04136,44.45583,07.09000,1254.0,fidupo,Canosio
H04137,44.34167,07.20833,1390.0,fidupo,S. Giacomo Demonte
H04138,44.26111,07.05000,1630.0,fidupo,Vinadio San Bernolfo
H04139,44.72611,09.14972,1012.0,fidupo,Caldirola
H04140,45.76639,06.84250,2164.0,fidupo,Courmayeur Lex Blanche
H04141,45.88389,07.06500,2067.0,fidupo,Courmayeur Pre'De Bard
H04142,45.83083,07.15944,2015.0,fidupo,St. Rhemy Crevacol
H04143,45.88139,07.30056,2028.0,fidupo,Ollomont By
H04144,45.63111,07.85750,1350.0,fidupo,Lillianes Granges
H04145,45.84444,07.62278,2033.0,fidupo,Chamois
H04146,45.61583,07.54528,2110.0,fidupo,Champorcher rifugio Dondena
H04147,45.61389,07.05722,1873.0,fidupo,Valgrisanche Menthieu
H04149,45.76917,07.83500,1306.0,fidupo,Gressoney St.Jean Lys
H04151,45.00972,06.94417,1521.0,fidupo,Pragelato Trampolino a Valle
H04154,45.39923,09.89025,87.0,fidupo,Soncino
H04156,45.62644,08.82385,224.0,fidupo,Busto Arsizio
H04157,45.16200,09.72081,58.0,fidupo,Codogno
H04159,45.52228,09.93775,140.0,fidupo,Chiari
H04160,45.35672,09.67137,79.0,fidupo,Crema
H04162,46.07868,10.29691,816.0,fidupo,Paisco Loveno
H04163,46.08062,10.37775,1128.0,fidupo,Cevo
H04165,45.83255,08.82358,416.0,fidupo,Varese
H04166,44.99033,09.01748,93.0,fidupo,Voghera
H04167,44.37056,07.52750,575.0,fidupo,Cuneo Cascina Vecchia
H04168,45.57600,09.53365,160.0,fidupo,Canonica d'Adda
H04169,45.58406,10.22061,187.0,fidupo,Stocchetta
H04170,45.21839,10.24304,37.0,fidupo,Ostiano
H04171,45.66239,09.82143,233.0,fidupo,Carobbio degli Angeli
H04173,45.35951,10.14554,60.0,fidupo,Manerbio
H04174,45.76200,09.24442,273.0,fidupo,Lambrugo pluvio
H05330,44.94500,08.69250,216.0,fidupo,Montecastello SIAP
H05337,45.04750,08.63417,90.0,fidupo,Ponte Valenza SIAP
H05386,45.03611,08.82222,84.0,fidupo,Isola S.Antonio PO
H05387,45.17917,08.09972,155.0,fidupo,Crescentino Po
H05403,45.14222,08.44750,115.0,fidupo,Casale Monferrato Po
H05421,45.05083,08.63167,90.0,fidupo,Ponte Valenza Po
H53041,45.64520,14.54490,756.0,fidusl,BABNO POLJE
H53042,45.89540,13.62430,55.0,fidusl,NOVA GORICA BILJE
H53043,46.26280,13.42720,545.6,fidusl,BREGINJ
H53044,46.14020,13.88840,779.0,fidusl,BUKOVSKI VRH
H53045,45.72300,14.39890,585.8,fidusl,CERKNISKO JEZERO
H53047,45.75470,13.84330,320.0,fidusl,GODNJE
H53048,46.23800,13.65800,910.0,fidusl,KRN
H53049,45.52000,13.86890,233.9,fidusl,KUBED
H53051,45.90770,14.20320,486.0,fidusl,LOGATEC
H53052,45.95560,13.65240,113.0,fidusl,NOVA GORICA
H53053,45.76890,14.50880,718.0,fidusl,NOVA VAS - BLOKE
H53054,45.93770,13.91160,965.0,fidusl,OTLICA
H53055,45.77220,14.19730,533.0,fidusl,POSTOJNA
H53056,46.49710,13.71290,864.0,fidusl,RATECE
H53057,46.06290,13.91130,970.0,fidusl,SEBRELJSKI VRH
H53058,45.59900,14.08760,748.8,fidusl,TATRE
H53059,46.17770,13.71800,187.4,fidusl,TOLMIN-VOLCE
H53060,46.01310,13.54100,230.8,fidusl,VEDRIJAN
H53061,46.25940,13.83960,1500.0,fidusl,VOGEL
H53062,45.93950,14.00230,716.0,fidusl,ZADLOG
H53063,46.22210,14.02850,846.0,fidusl,ZGORNJA SORICA
H14120,45.78614,11.02375,170.0,fidutn,Ala (Maso Le Pozze
H14121,45.73924,11.06536,692.0,fidutn,Ala (Ronchi
H14122,45.96783,11.09174,182.0,fidutn,Aldeno (San Zeno
H14125,45.91037,10.88713,85.0,fidutn,Arco (Bruttagosto
H14127,45.89563,10.72503,710.0,fidutn,Bezzecca (Spessa
H14128,46.08109,11.55711,843.0,fidutn,Bieno
H14132,45.82393,10.95981,727.0,fidutn,Brentonico (Santa Caterina
H14133,46.43323,10.88924,1815.0,fidutn,Bresimo (Malga Bordolona
H14135,46.49094,11.65755,2050.0,fidutn,Campitello (Malga Do Col D'Aura
H14137,46.14968,11.73477,750.0,fidutn,Canal San Bovo
H14138,46.47832,11.76685,1465.0,fidutn,Canazei
H14140,46.19188,11.68384,803.0,fidutn,Caoria
H14142,46.26304,11.33626,1055.0,fidutn,Capriana
H14143,46.42262,10.69936,2600.0,fidutn,Careser (Diga
H14144,46.51037,11.04392,1815.0,fidutn,Castelfondo (Malga Castrin
H14146,46.05718,11.62991,801.0,fidutn,Castello Tesino (Le Parti
H14147,46.28478,11.45171,958.0,fidutn,Cavalese
H14149,46.17063,11.21802,652.0,fidutn,Cembra
H14150,45.97016,11.23414,805.0,fidutn,Centa San Nicolo'
H14151,46.25052,11.49151,1900.0,fidutn,Cermis (Casere
H14154,46.21996,10.58345,3015.0,fidutn,Cima Presena
H14158,46.36117,11.03990,655.0,fidutn,Cles (Maso Maiano
H14164,46.05293,10.51419,1785.0,fidutn,Daone (Malga Bissina
H14165,45.97147,10.56252,897.0,fidutn,Daone (Pracul
H14168,46.17229,10.81266,1899.0,fidutn,Dos Del Sabion (Monte Grual
H14169,45.98404,10.94137,282.0,fidutn,Dro (Marocche
H14170,45.91535,11.16435,1121.0,fidutn,Folgaria
H14171,46.43771,11.12963,910.0,fidutn,Fondo
H14177,46.25511,11.87171,2720.0,fidutn,Ghiacciaio di Fradusta
H14181,46.14749,10.77549,877.0,fidutn,Giustino (frana
H14182,46.00641,11.65652,238.0,fidutn,Grigno
H14183,45.97996,11.59022,1345.0,fidutn,Grigno (Barricata
H14187,46.20030,11.79354,1605.0,fidutn,Lago Di Calaita
H14190,46.13974,11.22358,705.0,fidutn,Lases (frana
H14191,45.94027,11.25372,1155.0,fidutn,Lavarone (Chiesa
H14196,46.01056,11.30491,502.0,fidutn,Levico (Terme
H14200,46.35160,10.91841,720.0,fidutn,Male'
H14203,46.44367,11.88123,2606.0,fidutn,Marmolada (Sas Del Mul
H14205,46.31341,10.79583,905.0,fidutn,Mezzana
H14206,46.15461,11.81282,640.0,fidutn,Mezzano
H14208,46.18723,11.10461,204.0,fidutn,Mezzolombardo (Maso delle Part
H14210,46.38364,11.66458,1205.0,fidutn,Moena (Diga Pezze'
H14211,46.14160,10.95756,835.0,fidutn,Molveno
H14212,46.05911,10.75168,955.0,fidutn,Montagne (Larzana
H14215,46.01365,11.05487,1490.0,fidutn,Monte Bondone (Viote
H14216,46.21963,10.88942,2262.0,fidutn,Monte Groste' (Rifugio Graffer
H14217,46.16685,11.35087,1900.0,fidutn,Monte Ruioch (Rifugio Tonini
H14218,46.38383,10.63158,2975.0,fidutn,Monte Vioz (Rifugio Mantova
H14219,45.85533,10.93137,230.0,fidutn,Mori (Loppio
H14223,46.11659,11.66290,1610.0,fidutn,Passo Brocon
H14225,46.19562,11.91511,1322.0,fidutn,Passo Cereda
H14226,46.40440,11.61349,1750.0,fidutn,Passo Costalunga
H14227,46.17503,11.44022,2035.0,fidutn,Passo Manghen
H14228,46.41918,11.18934,1315.0,fidutn,Passo Mendola
H14229,45.75900,11.17472,1170.0,fidutn,Passo Pian Delle Fugazze
H14230,46.29797,11.78697,2012.0,fidutn,Passo Rolle
H14231,45.91869,11.20609,1360.0,fidutn,Passo Sommo
H14232,46.26251,10.59682,1875.0,fidutn,Passo Tonale
H14234,46.33839,11.79979,2032.0,fidutn,Passo Valles
H14236,46.36445,10.67821,1585.0,fidutn,Peio
H14237,46.05251,11.24035,458.0,fidutn,Pergine Valsugana
H14239,46.45901,11.86283,2063.0,fidutn,Pian Fedaia (Diga
H14241,46.34087,10.61249,1945.0,fidutn,Pian Palu' (Malga Giumella
H14243,45.94062,10.64241,525.0,fidutn,Pieve Di Bono
H14244,46.13356,11.59985,1435.0,fidutn,Pieve Tesino (Malga Sorgazza
H14246,46.15648,10.75748,760.0,fidutn,Pinzolo
H14247,46.24490,10.83452,1775.0,fidutn,Pinzolo (Malga Zeledria
H14251,46.24970,10.81390,2084.0,fidutn,Pradalago (Rifugio Viviani
H14252,46.29784,11.59825,1000.0,fidutn,Predazzo
H14256,46.40048,10.84439,1132.0,fidutn,Rabbi (San Bernardo
H14261,46.39071,11.11886,958.0,fidutn,Romeno
H14262,46.09599,11.40219,1710.0,fidutn,Ronchi Valsugana (Malga Casapinello
H14264,45.89644,11.04379,203.0,fidutn,Rovereto
H14265,45.80754,11.05787,1620.0,fidutn,Rovereto (Malga Zugna
H14266,46.45391,11.00853,1100.0,fidutn,Rumo (Lanza
H14268,46.06626,10.91133,685.0,fidutn,S. Lorenzo In Banale (Pergoletti
H14270,46.26160,11.79625,1470.0,fidutn,S. Martino di Castrozza
H14274,46.06526,10.98028,252.0,fidutn,S. Massenza (Centrale
H14276,46.10709,11.30223,925.0,fidutn,S. Orsola Terme
H14279,46.21989,11.04667,555.0,fidutn,Spormaggiore
H14282,45.84674,10.56225,385.0,fidutn,Storo
H14286,46.05805,11.47748,410.0,fidutn,Telve
H14287,46.11555,11.49443,925.0,fidutn,Telve (Pontarso
H14289,45.91901,10.83128,415.0,fidutn,Tenno
H14290,45.87957,11.15100,800.0,fidutn,Terragnolo (Piazza
H14292,46.04113,10.73088,533.0,fidutn,Tione
H14294,46.19948,11.86602,1045.0,fidutn,Tonadico (Castelpietra
H14295,45.87017,10.87754,90.0,fidutn,Torbole (Belvedere
H14296,45.84166,10.68414,1560.0,fidutn,Tremalzo
H14298,46.07185,11.13565,312.0,fidutn,Trento (Laste
H14299,46.06409,11.13819,255.0,fidutn,Trento (Liceo Galilei
H14301,46.09565,11.10131,194.0,fidutn,Trento (Roncafort
H14303,46.32065,11.10165,838.0,fidutn,Tres
H14305,46.13348,10.88136,1888.0,fidutn,Val D'Ambiez
H14306,46.03205,10.64053,1148.0,fidutn,Val di Breguzzo (Ponte Arno'
H14308,46.18149,10.63482,1418.0,fidutn,Val Genova (Malga Caret
H14309,46.13879,11.83917,1030.0,fidutn,Val Noana (Diga
H14310,46.00607,11.37874,956.0,fidutn,Val Sella (Montagnola
H14315,45.78023,11.12298,737.0,fidutn,Vallarsa (Parrocchia
H14316,46.22799,10.58013,2730.0,fidutn,Vermiglio (Capanna Presena
H14322,46.08098,10.66068,1203.0,fidutn,Villa Rendena (Rifugio Gork
H14323,46.15667,11.07916,205.0,fidutn,Zambana (Idrovora
H14324,46.26061,11.59759,1608.0,fidutn,Ziano di Fiemme (Malga Sadole
H14325,45.97155,10.74192,1695.0,fidutn,Zuclo (Malga Casinot
H12970,44.30967,09.98399,195.0,fiduto,Bagnone
H12971,44.30488,09.79753,670.0,fiduto,Bosco di Rossano
H12972,44.01973,10.53512,137.0,fiduto,Calavorno
H12973,43.87354,10.37885,285.0,fiduto,Chiatri
H12974,44.30383,10.11961,734.0,fiduto,Comano
H12975,44.16926,10.15011,250.0,fiduto,Equi Terme
H12976,44.33326,10.03362,538.0,fiduto,Iera
H12977,44.24265,10.00344,121.0,fiduto,Licciana Nardi
H12978,44.21110,10.11689,460.0,fiduto,Mazzola
H12979,44.17095,10.20816,666.0,fiduto,Minucciano
H12980,44.28215,09.86333,695.0,fiduto,Parana
H12981,44.45621,09.82296,955.0,fiduto,Passo del Brattello
H12982,44.30424,10.21677,1250.0,fiduto,Passo del Cerreto
H12983,44.46636,09.92038,1014.0,fiduto,Passo della Cisa
H12984,44.35468,09.76451,744.0,fiduto,Patigno
H12985,44.33961,09.82327,955.0,fiduto,Pietra Piccata
H12986,44.36929,09.88313,226.0,fiduto,Pontremoli depuratore
H12987,44.10877,10.52683,1013.0,fiduto,Renaio
H12988,44.36633,09.95642,484.0,fiduto,Rocca Sigillina
H12990,44.20230,10.06251,120.0,fiduto,Soliera
H12991,44.15598,10.03383,410.0,fiduto,Tendola
H12992,44.24642,10.15170,500.0,fiduto,Turano
H12993,44.29111,09.94861,121.0,fiduto,Villafranca
H13000,43.71414,11.83093,415.0,fiduto,Bibbiena
H13002,43.20234,10.73931,300.0,fiduto,Canneto
H13003,43.14268,10.97386,740.0,fiduto,Gerfalco
H13004,43.15500,10.80723,315.0,fiduto,Lago
H13006,43.41019,10.67070,420.0,fiduto,Miemo
H13009,43.38698,10.74297,379.0,fiduto,Montecatini V. Cecina
H13011,44.05700,10.20695,860.0,fiduto,Pian della Fioba
H13012,43.36531,10.99034,340.0,fiduto,Ponsano
H13013,43.33417,10.85806,85.0,fiduto,Ponte SR439
H13014,43.88554,11.09922,65.0,fiduto,Prato Universita'
H13015,43.36744,10.60223,230.0,fiduto,Riparbella
H13016,43.25350,10.94356,247.0,fiduto,S. Dalmazio
H13018,43.25796,10.69137,398.0,fiduto,Sassa
H13019,43.12414,10.63987,351.0,fiduto,Sassetta
H13022,43.01902,10.61397,12.0,fiduto,Vecchia SS Aurelia
H13027,43.48949,12.10497,309.0,fiduto,Monterchi
H13028,43.42083,11.97913,410.0,fiduto,Palazzo del Pero
H13029,43.66902,12.04277,434.0,fiduto,Pieve Santo Stefano
H13037,43.06741,10.72264,45.0,fiduto,Calzalunga
H13038,44.11824,10.60927,1674.0,fiduto,Foce a Giovo
H13039,43.13438,11.24201,450.0,fiduto,Monticiano La Pineta
H13040,44.15210,11.45426,279.0,fiduto,Firenzuola idro
H13041,43.74308,11.18226,54.0,fiduto,Vingone
H13063,42.89011,11.62518,1678.0,fiduto,Abbadia S. S. - Vetta Amiata
H13064,44.02325,11.02527,950.0,fiduto,Acquerino
H13065,43.87651,10.85954,465.0,fiduto,Albano
H13066,42.66111,11.01703,1.0,fiduto,Alberese
H13067,43.55929,12.09737,312.0,fiduto,Anghiari
H13068,43.91367,10.50199,134.0,fiduto,Aquilea
H13069,42.38680,11.16955,615.0,fiduto,Argentario
H13071,43.76769,11.04835,107.0,fiduto,Artimino
H13072,42.79553,11.40597,370.0,fiduto,Baccinello
H13073,44.03422,10.60019,565.0,fiduto,Bagni di Lucca
H13075,43.51175,11.23583,430.0,fiduto,Barberino
H13076,44.06994,10.45881,270.0,fiduto,Barga
H13077,43.26222,10.59669,70.0,fiduto,Bibbona
H13078,43.98619,11.38970,280.0,fiduto,Borgo S. Lorenzo 2
H13079,42.93122,11.08041,40.0,fiduto,Braccagni
H13080,44.11640,10.10393,960.0,fiduto,Campocecina
H13081,44.04776,10.10957,150.0,fiduto,Candia Scurtarola
H13082,42.40542,11.39154,12.0,fiduto,Capalbio
H13083,44.10437,10.33696,1100.0,fiduto,Careggine
H13084,43.58550,11.54328,200.0,fiduto,Casa Rota
H13085,43.66727,11.04185,198.0,fiduto,Casa Sartori
H13086,42.76864,11.01595,2.0,fiduto,Casotto dei Pescatori
H13087,43.18915,10.62772,95.0,fiduto,Castagneto Carducci
H13088,43.36973,11.42318,300.0,fiduto,Castelnuovo B.ga
H13089,43.20424,10.88057,770.0,fiduto,Castelnuovo Val di Cecina
H13090,43.53379,11.74356,283.0,fiduto,Castiglion Fibocchi
H13091,42.96080,11.61768,672.0,fiduto,Castiglione d'Orcia
H13092,43.35164,10.52276,60.0,fiduto,Cecina
H13094,43.74197,10.89366,70.0,fiduto,Cerreto Guidi
H13095,43.30851,11.82535,246.0,fiduto,Cesa
H13097,43.58384,10.46673,15.0,fiduto,Collesalvetti
H13100,43.22363,10.59580,36.0,fiduto,Donoratico
H13102,43.45651,11.42149,360.0,fiduto,Gaiole in Chianti
H13105,44.04736,11.38933,880.0,fiduto,Giogo
H13106,43.42806,09.89471,230.0,fiduto,Gorgona
H13109,43.56523,10.80064,180.0,fiduto,Legoli
H13110,43.89766,10.24296,5.0,fiduto,Lido di Camaiore
H13113,43.12168,10.92228,670.0,fiduto,Massa Marittima Filetto
H13114,43.02096,10.86539,188.0,fiduto,Massa Marittima Valpiana
H13115,43.77093,10.38380,3.0,fiduto,Metato
H13117,42.77481,10.19109,713.0,fiduto,Monte Perone
H13118,43.79400,10.52240,216.0,fiduto,Monte Pisano Nord
H13119,43.69259,10.92300,90.0,fiduto,Monteboro
H13120,42.95063,11.43944,193.0,fiduto,Montenero
H13121,43.08510,11.84440,335.0,fiduto,Montepulciano Azienda
H13122,43.24302,11.41687,165.0,fiduto,Monteroni Arbia Biena
H13124,43.66783,10.74572,29.0,fiduto,Montopoli
H13125,44.22176,09.89978,420.0,fiduto,Novegigola
H13126,42.43447,11.20261,0.0,fiduto,Orbetello
H13127,44.20033,10.35988,1169.0,fiduto,Orecchiella
H13128,43.37349,11.89035,313.0,fiduto,Ottavo
H13129,44.19706,10.48670,1637.0,fiduto,Passo Radici
H13130,43.75902,11.50242,325.0,fiduto,Pelago
H13131,42.81815,11.73252,341.0,fiduto,Piancastagnaio
H13132,44.19229,10.29163,660.0,fiduto,Piazza al Serchio
H13133,43.78001,10.58942,38.0,fiduto,Pieve di Compito
H13134,43.67394,12.10192,750.0,fiduto,Pieve S. Stefano
H13135,42.63512,11.65427,300.0,fiduto,Pitigliano
H13139,44.36946,09.89277,340.0,fiduto,Pontremoli
H13141,43.56952,11.72420,695.0,fiduto,Pratomagno
H13142,43.47956,10.34770,244.0,fiduto,Quercianella
H13143,42.94830,11.73311,618.0,fiduto,Radicofani
H13144,43.79648,11.41280,230.0,fiduto,Remole
H13145,43.02729,11.58246,506.0,fiduto,Ripa d'Orcia
H13146,42.70619,11.14454,25.0,fiduto,Rispescia
H13147,43.03283,11.06381,475.0,fiduto,Roccatederighi
H13148,43.67949,10.89356,117.0,fiduto,S. Miniato Poggio al Pino
H13149,43.90594,10.59300,238.0,fiduto,S. Pietro a Marcigliano
H13150,43.09827,10.53686,1.0,fiduto,S. Vincenzo
H13151,43.59494,11.23424,325.0,fiduto,Sambuca
H13152,42.85449,11.55577,813.0,fiduto,S. Fiora
H13153,43.53204,10.57835,210.0,fiduto,Santermo
H13154,43.94704,10.98774,125.0,fiduto,Santomato
H13155,43.36627,11.15141,233.0,fiduto,Scorgiano
H13157,42.73099,11.59649,485.0,fiduto,Semproniano
H13158,43.74962,12.27466,1000.0,fiduto,Sestino
H13159,43.59163,10.54375,41.0,fiduto,Siberia
H13160,43.96908,10.71640,560.0,fiduto,Sorana
H13161,43.83162,11.70130,838.0,fiduto,Stia Monte
H13162,42.78886,11.17577,53.0,fiduto,Stiacciole
H13163,43.99303,10.20935,124.0,fiduto,Strettoia
H13164,43.06574,10.68560,35.0,fiduto,Suvereto
H13165,43.57190,11.16251,374.0,fiduto,Tavarnelle
H13166,43.54182,10.64948,127.0,fiduto,Terricciola
H13167,43.96481,11.14720,322.0,fiduto,Vaiano acquedotto
H13168,42.99348,10.64069,8.0,fiduto,Venturina
H13169,44.25029,09.96892,156.0,fiduto,Villafranca
H13171,43.73599,11.78248,417.0,fiduto,Zoo di Poppi
H13174,42.86806,11.16563,140.0,fiduto,Batignano
H13175,43.41047,10.57282,325.0,fiduto,Castellina Marittima
H13176,43.87684,11.44752,960.0,fiduto,Monte Giovi
H13177,43.17549,11.54545,267.0,fiduto,Monte Oliveto
H13178,43.58027,11.90341,585.0,fiduto,Montecchio
H13179,43.93441,10.58465,938.0,fiduto,Pizzorne
H13180,43.65008,11.39246,500.0,fiduto,Poggio alla Croce
H13181,42.79576,10.36012,10.0,fiduto,Portoferraio
H13182,43.47238,10.56496,196.0,fiduto,S. Luce
H13183,44.03690,10.92043,785.0,fiduto,Sammomme'
H14423,43.93943,11.64267,918.0,fiduto,Castagneto
H14424,43.47316,11.28842,572.0,fiduto,Castellina in Chianti
H14425,42.93311,10.76540,15.0,fiduto,Follonica
H14426,42.35851,10.90680,470.0,fiduto,Giglio Castello
H14427,42.36148,10.92105,0.0,fiduto,Giglio Porto
H14428,43.29138,11.07114,365.0,fiduto,Mensano
H14429,42.33253,10.29111,85.0,fiduto,Montecristo
H14430,43.11274,11.79367,450.0,fiduto,Montepulciano
H14431,43.26259,11.69523,395.0,fiduto,Rigomagno
H14432,43.05248,10.55572,14.0,fiduto,S. Vincenzo
H14433,43.61898,11.65262,869.0,fiduto,Trappola
H14691,42.88312,11.66160,910.0,fiduto,Abbadia S. S. - Laghetto Verde
H14692,44.04526,10.06012,15.0,fiduto,Avenza
H14693,44.16291,10.33843,390.0,fiduto,Camporgiano
H14694,43.06258,09.82144,274.0,fiduto,Capraia Isola
H14695,43.61182,11.30421,254.0,fiduto,Greve in Chianti
H14696,43.20851,11.17989,450.0,fiduto,Pentolina
H14697,43.21465,11.25810,null,fiduto,Ponte Orgia
H14698,43.32045,11.31258,348.0,fiduto,Siena Poggio al Vento
H14699,42.78222,10.26917,320.0,fiduto,S. Martino
H14700,44.09102,10.10335,142.0,fiduto,Torano
H14701,43.42074,11.34592,524.0,fiduto,Vagliagli
H14702,43.87182,10.24036,25.0,fiduto,Viareggio Lungomare
H14827,42.78548,10.11111,110.0,fiduto,Patresi Mortigliano
H14828,43.89652,10.69504,78.0,fiduto,Pescia
H07653,43.77118,11.42281,79.0,fiduto,Nave di Rosano
H07680,43.59228,10.68442,29.0,fiduto,Capannoli
H07766,43.68072,10.28037,1.0,fiduto,Bocca d'Arno
H07770,43.92289,11.12703,107.0,fiduto,Vaiano Gamberame
H07771,43.60448,10.96840,50.0,fiduto,Castelfiorentino
H07772,43.54120,11.56619,134.0,fiduto,Montevarchi
H07777,43.66533,10.63125,11.0,fiduto,Pontedera
H07780,43.91979,10.89593,66.0,fiduto,Pontelungo valle
H07782,43.47146,11.12875,88.0,fiduto,Poggibonsi
H07788,43.68458,10.58535,8.0,fiduto,S. Giovanni alla Vena valle
H07790,43.84200,11.65746,745.0,fiduto,Vallucciole
H07791,43.80176,11.71759,537.0,fiduto,Stia
H07792,43.74022,11.62066,745.0,fiduto,Montemignaio
H07793,43.68191,11.75153,346.0,fiduto,Ortignano
H07794,43.81040,11.81736,1111.0,fiduto,Camaldoli
H07795,43.79418,11.87679,845.0,fiduto,Badia Prataglia
H07797,43.70690,11.93131,1125.0,fiduto,La Verna
H07798,43.61513,11.81317,315.0,fiduto,Salutio
H07799,43.18287,11.93208,326.0,fiduto,Capezzine
H07800,43.20291,11.80347,292.0,fiduto,Bettolle
H07801,43.26900,11.99641,427.0,fiduto,Cortona
H07802,43.34283,11.92893,270.0,fiduto,Castiglion Fiorentino
H07803,43.33913,11.74232,275.0,fiduto,Monte S.Savino
H07804,43.47714,11.90375,305.0,fiduto,Arezzo - Fattoria San Fabiano
H07806,43.43650,11.64905,261.0,fiduto,Badia Agnano
H07807,43.45024,11.53110,560.0,fiduto,Nusenna in Chianti
H07808,43.59179,11.60471,300.0,fiduto,Villa dell'Olio
H07810,43.61265,11.42720,315.0,fiduto,Il Palagio
H07811,43.64995,11.55513,395.0,fiduto,Pian di Sco'
H07812,43.73135,11.55681,980.0,fiduto,Vallombrosa
H07813,43.98355,11.23742,256.0,fiduto,Cavallina
H07815,43.90832,11.27485,340.0,fiduto,Vaglia
H07816,43.96509,11.32801,222.0,fiduto,S. Piero a Sieve-Sieve
H07817,44.02067,11.33720,357.0,fiduto,S. Agata di Mugello
H07818,44.03156,11.46772,637.0,fiduto,Razzuolo
H07819,44.00903,11.43640,380.0,fiduto,Ronta
H07820,43.95786,11.39050,196.0,fiduto,Borgo S. Lorenzo
H07821,43.96429,11.54103,365.0,fiduto,Villore
H07822,43.78445,11.58519,955.0,fiduto,Consuma
H07823,44.00701,11.27125,388.0,fiduto,Le Croci (Barberino
H07824,44.07961,11.28084,820.0,fiduto,Monte di Fo'
H07825,44.05004,11.19563,540.0,fiduto,Mangona
H07826,43.68984,11.45618,108.0,fiduto,Incisa Valle
H07827,43.77918,11.25805,50.0,fiduto,Firenze Genio Civile
H07828,43.52988,10.92796,441.0,fiduto,Poggio Aglione
H07829,44.04914,11.30440,459.0,fiduto,Ponte a Olmo
H07830,43.81973,11.16823,33.0,fiduto,Case Passerini
H07832,43.75994,11.19376,42.0,fiduto,S. Giusto
H07833,43.79877,11.25114,84.0,fiduto,Firenze Universita'
H07836,44.05666,11.12056,695.0,fiduto,Vernio
H07837,43.54208,11.35547,536.0,fiduto,Lamole
H07839,43.66431,11.31454,144.0,fiduto,Strada in Chianti
H07840,43.63154,10.84985,50.0,fiduto,Fornacino
H07846,43.40905,10.86225,462.0,fiduto,Volterra
H07847,43.99122,10.96417,525.0,fiduto,Baggio
H07848,44.28449,10.30106,1580.0,fiduto,Passo Pradarena
H07849,44.25600,10.30965,1035.0,fiduto,Capanne di Sillano
H07850,44.23585,10.33259,858.0,fiduto,Monte Castellino
H07851,44.13462,10.19736,1070.0,fiduto,Orto di Donna
H07852,44.10853,10.28944,581.0,fiduto,Vagli di Sotto
H07853,44.21052,10.44718,1297.0,fiduto,Casone di Profecchia
H07855,44.15932,10.38613,502.0,fiduto,Villacollemandina
H07856,44.09004,10.45284,197.0,fiduto,Ponte di Campia
H07858,44.05899,10.25935,807.0,fiduto,Campagrina
H07859,44.16350,10.52080,1591.0,fiduto,Monte Romecchio
H07860,44.02894,10.36056,493.0,fiduto,Fornovolasco
H07861,44.06411,10.44299,179.0,fiduto,Gallicano
H07862,43.99642,10.36314,861.0,fiduto,Palagnana
H07863,43.99958,10.43215,345.0,fiduto,Fabbriche di Vallico
H07865,44.05983,10.56780,590.0,fiduto,Tereglio
H07866,44.13907,10.67354,1345.0,fiduto,Boscolungo
H07867,44.13270,10.74317,1000.0,fiduto,Melo
H07868,44.12986,10.78154,1716.0,fiduto,Croce Arcana
H07870,44.09818,10.75170,593.0,fiduto,Casotti di Cutigliano
H07871,44.07207,10.79421,755.0,fiduto,Selva dei Porci
H07872,44.04180,10.83274,810.0,fiduto,Monte Oppio
H07873,44.05536,10.78857,618.0,fiduto,S. Marcello Pistoiese
H07874,44.00846,10.80402,960.0,fiduto,Prunetta
H07875,44.04357,10.71981,350.0,fiduto,Ponte di Lucchio
H07876,44.00730,10.56398,103.0,fiduto,Chifenti
H07877,43.97986,10.55153,100.0,fiduto,Borgo a Mozzano
H07878,43.95242,10.42261,285.0,fiduto,Convalle
H07879,43.92934,10.51429,72.0,fiduto,Piaggione
H07880,43.92006,10.37015,475.0,fiduto,Gombitelli
H07882,43.88175,10.48420,34.0,fiduto,Mutigliano
H07884,43.86503,10.43319,23.0,fiduto,Ponte Guido
H07885,43.84185,10.51088,16.0,fiduto,Lucca (Orto Botanico
H07886,43.82964,10.46978,13.0,fiduto,Pontetetto
H07887,43.81885,10.41428,11.0,fiduto,Ripafratta
H07889,43.78051,10.39889,6.0,fiduto,Vecchiano
H07890,43.78135,10.26976,0.0,fiduto,Bocca di Serchio
H07891,43.83180,10.30686,1.0,fiduto,Torre del Lago
H07892,43.86765,10.25949,0.0,fiduto,Viareggio 1
H07893,43.93372,10.28105,21.0,fiduto,Camaiore
H07895,43.98528,10.31478,600.0,fiduto,Pomezzana
H07896,44.00501,10.27150,420.0,fiduto,Retignano
H07897,44.02358,10.22845,430.0,fiduto,Azzano
H07900,43.97256,10.18493,11.0,fiduto,Ponte Tavole
H07901,44.03925,10.24562,1140.0,fiduto,Cervaiole
H07904,43.14596,10.86278,595.0,fiduto,Monterotondo
H07906,44.00977,10.31899,390.0,fiduto,Cardoso
H07907,44.03013,10.17190,477.0,fiduto,Cerreto
H07909,43.71116,10.41202,6.0,fiduto,Pisa (Fac. Agraria
H07910,43.84899,11.40217,407.0,fiduto,S. Brigida all'Opaco
H07911,43.84424,11.26149,305.0,fiduto,Cercina
H07912,43.83975,11.31135,225.0,fiduto,Caldine
H07913,43.64839,11.26415,150.0,fiduto,Ferrone
H07916,44.02159,11.07949,555.0,fiduto,Cantagallo
H07917,44.07114,11.09350,752.0,fiduto,Gavigno
H07918,43.94474,11.21374,421.0,fiduto,Le Croci di Calenzano
H07919,43.86084,11.15500,60.0,fiduto,Calenzano
H07920,43.77304,11.09295,32.0,fiduto,Ponte a Signa
H07923,43.95365,10.82305,385.0,fiduto,Montagnana
H07924,43.88453,11.00385,40.0,fiduto,La Ferruccia
H07925,43.95956,11.06978,518.0,fiduto,Fattoria Iavello
H07926,43.48602,11.37910,495.0,fiduto,Radda in Chianti
H07929,43.71859,11.03591,45.0,fiduto,Turbone
H07930,43.72402,10.94623,25.0,fiduto,Empoli
H07931,43.78578,10.95952,250.0,fiduto,Vinci
H07932,43.29205,11.16722,420.0,fiduto,Simignano
H07934,43.47135,11.04128,306.0,fiduto,S. Gimignano
H07935,43.54653,11.03563,65.0,fiduto,Certaldo
H07936,43.68402,10.83148,102.0,fiduto,S. Miniato (Cimitero
H07938,43.97230,10.75597,790.0,fiduto,Serra Pistoiese
H07939,43.89330,10.77205,95.0,fiduto,Montecatini Terme
H07940,43.82055,10.82545,20.0,fiduto,Castelmartini
H07941,43.84509,10.90625,442.0,fiduto,S. Baronto
H07943,43.44185,10.95287,607.0,fiduto,La Madonnina
H07944,43.43445,10.72475,312.0,fiduto,Orciatico
H07945,43.45563,10.83013,100.0,fiduto,Molino d'Era
H07947,43.52698,10.61277,135.0,fiduto,Casciana Terme
H07948,43.74706,10.55448,890.0,fiduto,Monte Serra
H07949,43.63795,10.39092,5.0,fiduto,Coltano
H07950,43.65161,10.58797,5.0,fiduto,Gello
H07952,43.84284,10.65397,72.0,fiduto,Montecarlo
H07953,43.77441,10.65710,22.0,fiduto,Orentano
H07956,43.59997,10.35214,1.0,fiduto,Stagno
H07957,43.52120,10.40385,300.0,fiduto,Valle Benedetta
H07964,43.54625,10.29964,0.0,fiduto,Livorno Mareografo
H07975,43.96900,10.33616,671.0,fiduto,Vallelunga
H07977,43.64999,11.09236,117.0,fiduto,Montespertoli
H07978,43.30677,10.92702,147.0,fiduto,Puretta
H07979,43.88827,11.51985,148.0,fiduto,Dicomano
H08342,44.02852,10.27565,840.0,fiduto,Terrinca
H08343,43.99205,10.25179,345.0,fiduto,Gallena
H08345,43.95570,10.16360,0.0,fiduto,Forte dei Marmi
H08348,43.21525,10.98730,440.0,fiduto,Anqua
H08349,44.09447,10.17069,845.0,fiduto,Vergheto
H08350,44.05827,10.16813,105.0,fiduto,Canevara
H08356,43.32334,10.66982,33.0,fiduto,Ponte di Monterufoli
H08357,43.28129,10.80719,440.0,fiduto,Libbiano
H08358,43.09181,11.43879,188.0,fiduto,Buonconvento
H08361,43.32917,11.55549,222.0,fiduto,Monastero d'Ombrone
H08362,42.76471,11.16625,13.0,fiduto,Ponte Tura
H08363,42.80438,11.30322,148.0,fiduto,Granaione
H08364,42.93983,11.28464,70.0,fiduto,Paganico
H08365,42.89397,11.52669,566.0,fiduto,Castel del Piano
H08366,43.06634,11.72481,495.0,fiduto,Monticchiello
H08368,42.95122,11.85297,633.0,fiduto,Spineta
H08369,43.01629,11.16517,504.0,fiduto,Roccastrada
H08370,42.98384,11.36468,82.0,fiduto,Monte Antico
H08371,43.05018,11.49059,594.0,fiduto,Montalcino
H08372,43.06253,11.32252,330.0,fiduto,Pari
H08375,43.20312,11.07661,380.0,fiduto,Montalcinello
H08376,43.27630,11.22985,260.0,fiduto,Sovicille
H08378,43.15474,11.64972,400.0,fiduto,Montisi
H08387,43.07008,10.81483,334.0,fiduto,S. Ferdinando
H08389,42.89332,10.92738,146.0,fiduto,Caldana
H08390,42.98148,10.97884,59.0,fiduto,Casteani
H08393,42.69385,11.32937,576.0,fiduto,Scansano
H08394,43.41447,11.45570,440.0,fiduto,Madonna a Brolio
H08396,42.78640,11.50570,522.0,fiduto,Roccalbegna
H08397,42.60038,11.51848,447.0,fiduto,Manciano
H08398,42.55376,11.23707,21.0,fiduto,S. Donato
H08399,42.71832,11.49096,411.0,fiduto,Usi
H08400,42.54412,11.33641,16.0,fiduto,Marsiliana
H08401,42.61370,11.25487,82.0,fiduto,Poggio Perotto
H08402,42.69090,11.54673,438.0,fiduto,Capanne
H08404,42.64214,11.42512,170.0,fiduto,Torricelle
H08408,43.10247,11.03873,500.0,fiduto,Campiano
H08409,44.08374,10.12967,409.0,fiduto,Vara
H14439,42.89583,12.02139,250.0,fiduum,Ponte S.Maria
H14440,42.93167,11.96889,248.0,fiduum,Ponticelli
H14441,43.30694,12.41667,630.0,fiduum,Montelovesco
H14442,43.46139,12.25139,304.0,fiduum,Citta'di Castello
H14443,43.34972,12.16000,338.0,fiduum,Petrelle
H14444,43.11889,12.79111,535.0,fiduum,Nocera Umbra
H14445,42.78611,12.40917,331.0,fiduum,Todi
H14446,42.94778,12.28361,244.0,fiduum,Compignano
H14447,43.05361,12.56056,214.0,fiduum,Bastia Umbra
H14448,43.34778,12.56667,473.0,fiduum,Gubbio
H14449,42.35056,12.46139,45.0,fiduum,Tevere a Ponte Felice
H14450,43.01028,12.42917,193.0,fiduum,Ponte Nuovo di Torgiano
H14452,43.13083,12.04639,259.0,fiduum,Castiglione del Lago
H14453,42.77194,12.03417,157.0,fiduum,Allerona
H14455,42.69833,12.23667,124.0,fiduum,Lago di Corbara
H14456,43.16194,11.95333,305.0,fiduum,Petrignano del Lago
H14457,43.11472,12.14111,260.0,fiduum,Polvese 1
H14458,43.18722,12.14194,330.0,fiduum,Passignano sul Trasimeno
H14459,43.10639,12.18778,263.0,fiduum,S.Savino
H14460,43.11889,12.14444,308.0,fiduum,Polvese 2 La Villa
H14461,43.10278,12.53778,244.0,fiduum,Petrignano d'Assisi
H14462,42.92972,12.40583,177.0,fiduum,Collepepe
H14463,43.17750,12.65972,718.0,fiduum,Casa Castalda
H14464,43.01722,12.28056,257.0,fiduum,S.Biagio della Valle
H14465,43.43667,12.46389,750.0,fiduum,S.Benedetto Vecchio
H14466,42.71611,12.49583,273.0,fiduum,Casigliano
H14467,42.86528,12.55778,336.0,fiduum,Bastardo
H14468,42.79972,13.01389,968.0,fiduum,Forsivo
H14469,42.84361,12.29972,460.0,fiduum,Ripalvella
H14470,42.75583,12.67389,383.0,fiduum,S.Silvestro
H14471,42.84333,12.92583,414.0,fiduum,Ponte Buggianino
H14472,42.91611,12.33722,171.0,fiduum,Marsciano
H14473,42.81250,12.75694,240.0,fiduum,Azzano
H14474,42.72444,12.13583,111.0,fiduum,Orvieto Scalo
H14476,43.00056,12.02333,270.0,fiduum,Moiano
H14478,43.07333,12.70167,716.0,fiduum,Armenzano
H14479,43.03833,12.66722,923.0,fiduum,La Bolsella
H14481,43.59139,12.05333,402.0,fiduum,Montedoglio
H14489,43.28611,12.53417,523.0,fiduum,Carestello
H14490,43.10583,12.37611,345.0,fiduum,Perugia Fontivegge
H14491,43.49722,12.15833,292.0,fiduum,Pistrino
H14492,42.76056,13.18889,1654.0,fiduum,Forca Canapine
H14493,42.95333,12.67917,224.0,fiduum,Foligno
H14494,42.53417,12.76722,370.0,fiduum,Piediluco
H14496,42.55139,12.54417,110.0,fiduum,Narni Scalo
H14497,43.50889,12.21778,315.0,fiduum,Cerbara
H14498,43.26000,12.38194,234.0,fiduum,Pierantonio
H14499,42.75778,12.85944,310.0,fiduum,Vallo di Nera
H14500,43.37472,12.72917,1092.0,fiduum,Monte Cucco
H14515,43.31167,12.34722,304.0,fiduum,Umbertide
H14516,42.75583,12.73861,357.0,fiduum,Spoleto
H14517,42.73056,12.10778,315.0,fiduum,Orvieto
H14522,42.79861,13.10500,700.0,fiduum,Norcia
H14529,43.14389,12.56528,234.0,fiduum,Pianello
H14531,42.60889,12.54056,309.0,fiduum,S.Gemini
H14532,43.10472,12.38722,417.0,fiduum,Perugia Santa Giuliana
H14533,42.80250,12.40194,170.0,fiduum,Monte Molino
H14534,43.12694,12.43500,205.0,fiduum,Ponte Felcino
H14535,42.94389,12.63833,223.0,fiduum,Bevagna
H14537,42.99583,12.58417,206.0,fiduum,Cannara
H14538,42.96944,12.29139,205.0,fiduum,Palazzetta
H14539,42.55972,12.65028,130.0,fiduum,Terni
H14540,43.24083,12.78139,595.0,fiduum,Gualdo Tadino
H14541,42.55694,12.41694,335.0,fiduum,Amelia
H14550,42.64667,12.94917,935.0,fiduum,Monteleone di Spoleto
H14551,42.77444,12.52417,340.0,fiduum,Massa Martana
H14553,42.78861,12.12250,158.0,fiduum,Cassa Molino di Bagni
H14555,42.64694,12.77361,611.0,fiduum,Ancaiano
H14556,43.23528,12.12389,816.0,fiduum,La Cima
H14560,43.35806,12.23722,257.0,fiduum,Trestina
H14570,43.42694,12.36167,624.0,fiduum,Pieve di Saddi
H14571,43.18000,12.33833,419.0,fiduum,Compresso
H14572,43.31889,12.69500,550.0,fiduum,Torre dell'Olmo
H14573,42.78806,12.59472,618.0,fiduum,Montemartano
H14574,42.67000,12.65389,778.0,fiduum,Castagnacupa
H14575,42.67750,12.43694,482.0,fiduum,Avigliano Umbro
H14576,42.93889,12.02778,516.0,fiduum,Campogrande
H14577,42.87556,12.20056,517.0,fiduum,Pornello
H14578,43.26028,12.68083,350.0,fiduum,Branca
H14579,42.82000,12.68833,246.0,fiduum,Bruna
H14580,43.18806,12.59611,335.0,fiduum,Casanuova
H14581,42.72000,13.02722,604.0,fiduum,Cascia
H14582,42.68139,12.34778,554.0,fiduum,Melezzole
H14583,43.04889,12.05917,267.0,fiduum,Tresa
H53076,43.77666,12.09277,1074.0,fiduum,Verghereto Le Balze
H12033,46.27750,12.03306,578.0,fiduve,Agordo CMT
H12034,45.31250,11.26639,24.0,fiduve,Albaredo
H12035,46.50056,11.87833,1645.0,fiduve,Arabba CMT
H12037,45.88333,11.51556,1010.0,fiduve,Asiago CMT
H12038,45.84472,11.36722,338.0,fiduve,Astico a Pedescala
H12039,45.09917,11.48917,6.0,fiduve,Badia Polesine
H12041,45.51944,10.76639,165.0,fiduve,Bardolino CMT
H12044,45.77722,11.73028,125.0,fiduve,Barzizza
H12045,46.12722,12.22833,346.0,fiduve,Belluno
H12046,46.16500,12.24583,376.0,fiduve,Belluno Aerop. CMT
H12047,46.35222,11.96639,769.0,fiduve,Biois a Cencenighe
H12048,45.10056,11.78583,6.0,fiduve,Boara Pisani
H12049,46.43111,12.22222,882.0,fiduve,Boite a Cancia
H12050,45.59361,11.61861,52.0,fiduve,Bolzano Vicentino
H12051,45.24417,11.48417,20.0,fiduve,Borgofrassine
H12052,45.62028,11.03972,1050.0,fiduve,Boscochiesanuova CMT
H12053,45.26500,11.93500,32.0,fiduve,Bovolenta
H12054,45.24444,11.63889,21.0,fiduve,Brancaglia
H12058,46.34722,12.18472,884.0,fiduve,Campo di Zoldo CMT
H12059,45.73250,11.16667,1464.0,fiduve,Campogrosso
H12060,45.87722,11.27306,1735.0,fiduve,Campomolon
H12063,46.44139,11.99083,1008.0,fiduve,Caprile CMT
H12064,45.13694,11.64389,2.0,fiduve,Carmignano di brenta
H12065,46.60528,12.50306,1960.0,fiduve,Casera Coltrondo
H12066,46.48111,12.54083,1896.0,fiduve,Casera Doana-Razzo
H12067,46.12028,12.47889,1505.0,fiduve,Casera Palantina
H12068,45.82056,11.30167,430.0,fiduve,Castana CMT
H12069,45.67222,11.91944,47.0,fiduve,Castelfranco Veneto
H12070,45.69583,11.94889,50.0,fiduve,Castelfranco Veneto CMT
H12072,45.03194,11.32694,9.0,fiduve,Castelnovo Bariano CMT
H12075,45.13361,12.08222,12.0,fiduve,Cavarzere
H12078,46.41750,12.05750,1900.0,fiduve,Col dei Baldi
H12079,45.30972,11.38333,27.0,fiduve,Cologna Veneta
H12081,45.88194,12.28361,83.0,fiduve,Conegliano Veneto CMT
H12083,45.93639,12.42083,59.0,fiduve,Cordignano
H12085,46.51889,12.14667,1200.0,fiduve,Cortina CMT
H12086,46.46250,12.41167,841.0,fiduve,Domegge CMT
H12087,45.93972,11.72194,210.0,fiduve,Enego
H12088,45.55917,12.67500,12.0,fiduve,Eraclea
H12091,46.35639,11.87111,1145.0,fiduve,Falcade CMT
H12092,46.07417,12.30833,1605.0,fiduve,Faverghera
H12093,46.02139,11.90472,267.0,fiduve,Feltre CMT
H12094,44.94528,11.42556,10.0,fiduve,Ficarolo
H12095,45.82250,12.44250,19.0,fiduve,Fontanelle
H12098,45.86806,11.56333,1193.0,fiduve,Gallio
H12099,45.16250,12.08806,1.0,fiduve,Gesia-Cavarzere CMT
H12100,45.77306,12.53889,11.0,fiduve,Gorgo Monticano
H12101,45.46111,11.17250,146.0,fiduve,Illasi CMT
H12102,45.65611,12.79972,6.0,fiduve,La Salute di Livenza
H12103,46.12167,12.32639,375.0,fiduve,La Secca
H12104,45.18806,11.31417,21.0,fiduve,Legnago
H12105,45.34778,11.95333,8.0,fiduve,Legnaro CMT
H12106,45.50917,11.82694,52.0,fiduve,Limena
H12107,45.95417,11.65083,1428.0,fiduve,Lisser
H12108,45.48361,11.60306,43.0,fiduve,Longare
H12109,45.38889,11.38750,31.0,fiduve,Lonigo
H12110,45.39111,11.37917,28.0,fiduve,Lonigo CMT
H12111,45.74000,11.52444,52.0,fiduve,Lugo di Vicenza
H12112,46.43000,11.90528,1465.0,fiduve,Malga Ciapela CMT
H12113,46.12000,12.44083,1183.0,fiduve,Malga Col Indes CMT
H12114,45.87472,11.47222,1605.0,fiduve,Malga Larici
H12115,46.25222,11.95778,1735.0,fiduve,Malga Losch
H12116,45.67028,11.46556,99.0,fiduve,Malo CMT
H12117,45.79056,12.61139,12.0,fiduve,Meduna di Livenza
H12118,45.43694,12.11806,5.0,fiduve,Mira CMT
H12119,45.58250,12.30639,5.0,fiduve,Mogliano Veneto CMT
H12121,45.76750,10.86056,1760.0,fiduve,Monte Baldo
H12122,46.52833,12.17556,2240.0,fiduve,Monte Faloria CMT
H12123,45.86250,11.78361,1545.0,fiduve,Monte Grappa
H12124,46.60444,12.24528,2265.0,fiduve,Monte Piana
H12125,45.68250,11.06917,1620.0,fiduve,Monte Tomba
H12126,45.41389,11.28722,60.0,fiduve,Monteforte I.
H12128,45.43556,11.67028,25.0,fiduve,Montegalda
H12129,45.77417,12.61639,11.0,fiduve,Motta di Livenza
H12130,45.83056,12.20778,90.0,fiduve,Nervesa d.Battaglia
H12132,46.47583,11.88556,2250.0,fiduve,Ornella
H12133,46.51556,12.02250,2105.0,fiduve,Passo Falzarego
H12136,45.44111,10.69694,63.0,fiduve,Peschiera Navigarda
H12137,46.53750,12.52139,839.0,fiduve,Piave a Ponte Lasta
H12141,45.50500,11.37611,120.0,fiduve,Ponte Arzignano
H12144,45.58306,11.36889,159.0,fiduve,Ponte Brogliano
H12146,45.71806,12.52528,6.0,fiduve,Ponte di Piave CMT
H12147,45.49306,11.39139,80.0,fiduve,Ponte Gua'
H12148,45.57472,11.53667,46.0,fiduve,Ponte Marchese
H12149,46.14556,12.12722,351.0,fiduve,Ponte Mas
H12151,45.04306,12.36500,13.0,fiduve,Porto Levante
H12153,45.85056,12.53639,15.0,fiduve,Portobuffole'
H12154,45.78639,12.83750,8.0,fiduve,Portogruaro
H12155,45.74611,12.76250,2.0,fiduve,Portogruaro CMT
H12158,46.35667,11.82222,2200.0,fiduve,Pradazzo
H12159,44.91833,12.36972,0.0,fiduve,Pradon CMT
H12161,46.53639,12.08306,2615.0,fiduve,Ra Valles
H12162,45.69583,11.21167,500.0,fiduve,Recoaro Terme
H12163,45.71833,11.17917,1131.0,fiduve,Rifugio La Guardia CMT
H12164,46.17278,12.40389,1255.0,fiduve,Roncadin
H12165,45.26694,11.25500,20.0,fiduve,Roverchiara CMT
H12166,45.52639,11.52472,43.0,fiduve,S.Agostino
H12168,45.61139,12.56528,12.0,fiduve,S.Dona'di Piave
H12171,45.19806,11.40833,20.0,fiduve,S.Salvaro
H12173,46.55972,12.55556,895.0,fiduve,S.Stefano di Cadore CMT
H12175,45.40278,11.29194,38.0,fiduve,S.Vito Veronese
H12179,45.60972,11.18250,936.0,fiduve,S. Bortolo CMT
H12180,45.03500,11.82694,2.0,fiduve,S. Apollinare CMT
H12181,46.55472,12.70917,1265.0,fiduve,Sappada CMT
H12182,45.91806,11.95250,214.0,fiduve,Segusino
H12183,45.21889,11.00972,24.0,fiduve,Sorga' CMT
H12186,45.40250,11.99778,9.0,fiduve,Stra
H12187,45.34333,11.67806,158.0,fiduve,Teolo CMT
H12189,45.68194,12.22222,20.0,fiduve,Treviso Citta' CMT
H12190,45.14833,11.56472,20.0,fiduve,Valli Mocenighe
H12191,45.85083,11.65417,160.0,fiduve,Valstagna
H12192,45.83833,12.39861,39.0,fiduve,Vazzola
H12193,45.44528,11.72222,21.0,fiduve,Veggiano
H12194,45.45861,12.48444,1.0,fiduve,Venezia-Treporti CMT
H12195,45.44222,11.00083,66.0,fiduve,Verona
H12196,45.54111,11.54722,33.0,fiduve,Vicenza
H12197,45.37333,10.83361,66.0,fiduve,Villafranca Veronese CMT
H12198,45.83444,11.72778,1167.0,fiduve,Villaggio del Sole
H12200,45.32528,11.61694,17.0,fiduve,Vo Vecchio
H12201,45.37778,11.91389,12.0,fiduve,Voltabarozzo Valle
H12942,45.64056,13.07722,1.0,fiduve,Bibione CMT
H12943,45.95944,12.34000,97.0,fiduve,Borgo Campion
H12948,45.14389,12.27611,-1.0,fiduve,Chioggia S.Anna CMT
H12949,45.60250,12.70722,-1.0,fiduve,Eraclea CMT
H12950,45.95639,12.11722,286.0,fiduve,Follina CMT
H12951,45.89139,12.49361,18.0,fiduve,Gaiarine CMT
H12952,45.54722,10.92361,296.0,fiduve,Marano di Valpolicella CMT
H12953,45.98667,12.24611,332.0,fiduve,Nogarolo di Tarzo
H12954,45.80583,11.33583,405.0,fiduve,Posina a Stancari
H12955,45.80583,11.33585,405.0,fiduve,Posina a Stancari 1
H12956,45.71583,11.77639,85.0,fiduve,Rosa' CMT
H12958,45.14528,11.75723,9.0,fiduve,Stanghella 1
H12959,45.71167,11.18500,705.0,fiduve,Turcati Recoaro CMT
H12960,46.44250,12.20639,968.0,fiduve,Villanova CMT
H12961,45.99083,12.30028,132.0,fiduve,Vittorio Veneto
H12962,45.78444,12.11306,125.0,fiduve,Volpago CMT
H11216,44.65319,10.47312,135.0,freati,RE7901
H11217,44.82403,10.75434,25.0,freati,RE1500
H11220,44.92700,09.89475,85.0,freati,PC2702
H11222,44.22483,12.02317,29.0,freati,FC2000
H11226,44.69613,10.60989,55.0,freati,RE5500
H11229,44.21172,12.11133,24.0,freati,FC1402
H11230,44.55841,11.37351,28.0,freati,BO2800
H11239,44.84458,10.15216,63.0,freati,PRB400
H11815,44.51758,11.30221,39.0,freati,BOF800
H11818,45.05161,09.65609,59.0,freati,PC5603
H11819,44.86725,10.21459,46.0,freati,PR2302
H11825,44.88130,11.07821,17.0,freati,MO8000
H11827,44.06789,12.50062,20.0,freati,RN0500
H12458,43.96748,12.71627,2.0,freati,RN0600
H12717,44.20072,12.06119,28.0,freati,FC8301
H12718,44.14694,12.22444,25.0,freati,FC9000
H03721,44.94309,12.11928,4.0,icirfe,Ariano ETGFE
H03722,44.92927,11.99997,1.0,icirfe,Avanzarola
H03726,44.81052,12.12128,1.0,icirfe,Campello
H03727,44.86898,11.85792,1.0,icirfe,Chiavica Ruffa
H03728,44.93223,11.89685,1.0,icirfe,Cipriano
H03730,44.81376,12.24834,3.0,icirfe,Giralda
H03735,44.83853,11.92089,1.0,icirfe,Pioppo
H03741,44.88678,12.21043,1.0,icirfe,Vallona Nuova
H11839,44.60370,09.23553,849.0,idrost,Alpe di Gorreto
H11840,44.63379,09.73284,597.0,idrost,Bardi Scuola
H11843,44.21978,11.75545,185.0,idrost,Brisighella Pieve del Trio
H11844,44.79551,09.63362,600.0,idrost,Campelli Di Vigolo
H11848,44.47562,10.50865,580.0,idrost,Carpineti - Carezza
H11852,44.52711,09.54738,925.0,idrost,Casalporino
H11854,44.43751,09.48070,853.0,idrost,Casoni di S.Maria del Taro
H11855,44.63617,09.57935,881.0,idrost,Cassimoreno
H11856,44.63130,11.02953,32.0,idrost,Castelfranco Emilia
H11858,44.83695,10.57823,23.0,idrost,Castelnovo di Sotto
H11861,44.74325,10.77293,33.0,idrost,Correggio
H11862,44.77839,10.97129,23.0,idrost,Cortile di Carpi
H11863,44.04111,11.98190,330.0,idrost,Cusercoli
H11864,44.19013,10.67311,1371.0,idrost,Doccia di Fiumalbo
H11865,44.56668,09.67953,787.0,idrost,Farfanaro
H11866,44.83250,11.62114,26.0,idrost,Ferrara Urbana
H11867,44.83906,11.28402,12.0,idrost,Finale Emilia tele
H11868,44.55123,10.90937,90.0,idrost,Formigine - Colombaro
H11869,44.58157,09.58508,824.0,idrost,Frassineto
H11870,44.88547,10.38070,28.0,idrost,Gainago
H11871,44.43826,10.09289,980.0,idrost,Grammatica
H11872,44.36013,11.95861,15.0,idrost,Granarolo Faentino
H11877,44.17740,10.81780,1319.0,idrost,Lago Pratignano
H11880,44.21571,11.25681,900.0,idrost,Madonna dei Fornelli
H11882,44.16614,12.26798,25.0,idrost,Martorano
H11883,44.57105,11.53379,20.0,idrost,Mezzolara
H11889,44.56880,09.88653,556.0,idrost,Mormorola
H11890,43.95249,12.53622,190.0,idrost,Mulazzano
H11893,44.51406,09.84219,354.0,idrost,Ostia Parmense
H11894,44.62775,11.29056,25.0,idrost,Padulle Sala Bolognese
H11898,44.20976,10.48864,1535.0,idrost,Passo Radici
H11901,45.05492,09.67965,71.0,idrost,Piacenza Urbana
H11902,44.78042,10.03873,277.0,idrost,Pieve di Cusignano
H11903,44.40934,10.52302,367.0,idrost,Ponte Cavola
H11906,44.88830,11.60807,8.0,idrost,Pontelagoscuro
H11907,44.48442,10.44676,751.0,idrost,Predolo
H11911,44.69781,10.63370,72.0,idrost,Reggio nell'Emilia Urbana
H11913,44.05919,12.57354,16.0,idrost,Rimini Urbana
H11914,44.51770,10.38135,571.0,idrost,Roncovetro
H11917,45.04139,09.58959,68.0,idrost,S. Nicolo'
H11918,44.63271,09.40532,408.0,idrost,Salsominore
H11920,44.76274,09.70231,662.0,idrost,S. Michele
H11922,44.65378,11.62264,11.0,idrost,S. Pietro Capofiume
H11924,44.69500,11.14493,18.0,idrost,S. Agata Bolognese
H11925,44.44853,11.86667,10.0,idrost,S. Agata sul Santerno
H11926,44.43967,11.24125,275.0,idrost,Sasso Marconi - Borgonuovo
H11927,44.41953,11.75408,19.0,idrost,Sasso Morelli
H11928,44.25940,10.67408,971.0,idrost,Sassostorno
H11929,44.74656,11.74639,3.0,idrost,Sellarino Voghiera
H11930,44.58677,09.48245,1109.0,idrost,Selva Ferriere
H11931,44.42886,10.78707,826.0,idrost,Serramazzoni
H11934,44.73340,10.02363,434.0,idrost,Varano Marchesi Cava
H11938,44.50405,11.00414,100.0,idrost,Vignola
H11940,45.00695,10.16786,31.0,idrost,Zibello - S.Antonio
H11979,44.13820,12.24364,77.0,idrost,Cesena Urbana
H11980,43.92426,11.79330,735.0,idrost,Corniolo Tele
H11982,44.10962,11.16931,794.0,idrost,Cottede Tele
H11984,44.12187,11.37449,476.0,idrost,Firenzuola Tele
H11985,44.22039,12.04182,51.0,idrost,Forli' Urbana
H11987,44.34535,11.71292,42.0,idrost,Imola Tele
H11988,44.52991,10.49072,729.0,idrost,La Stella
H11991,44.22519,11.32364,825.0,idrost,Monghidoro Tele
H11993,43.99691,12.16866,365.0,idrost,Monte Iottone Tele
H11996,44.31392,12.16020,5.0,idrost,S. Pietro in Vincoli (Trento
H12427,44.26093,11.32647,741.0,idrost,Loiano ARPA
H12435,44.56861,11.73270,8.0,idrost,S. Antonio ARPA
H12624,43.99349,11.94530,460.0,idrost,Civitella di Romagna Tele
H14393,44.13657,11.83704,570.0,idrost,Trebbio
H14396,44.07154,11.87182,670.0,idrost,Monte Grosso
H14402,44.03248,12.04326,270.0,idrost,Voltre
H14404,43.84597,12.03572,1200.0,idrost,Corsicchie
H14406,44.08571,12.20682,175.0,idrost,Roversano
H14415,44.05651,12.54549,10.0,idrost,Rimini AUSA
H14416,44.63711,10.80601,54.0,idrost,Marzaglia
H14417,44.11918,10.80903,1794.0,idrost,Lago Scaffaiolo
H04766,44.08157,11.03295,650.0,idrost,Treppio
H53019,44.55421,09.28421,600.0,idrost,Loco Carchelli_tele
H53020,44.14833,11.69139,226.0,idrost,S. Cassiano sul Lamone
H53095,45.00253,10.00494,41.0,idrost,Castellazzo Villanova d'Arda
H53161,44.29472,10.57472,1105.0,idrost,Frassinoro
H05496,43.91441,12.64203,72.0,idrost,Morciano di Romagna
H05588,43.81986,12.27410,629.0,idrost,Pennabilli
H05599,44.05401,10.90564,620.0,idrost,Pracchia
H05632,44.13637,10.88740,900.0,idrost,Monteacuto dell'Alpi
H05648,44.12906,11.11778,846.0,idrost,diga del Brasimone
H05649,44.11826,11.00555,480.0,idrost,diga di Pavana
H05650,44.13442,11.04299,500.0,idrost,diga di Suviana
H05657,44.68840,12.21161,1.0,idrost,Idrovora di Guagnino
H05658,44.35337,12.26500,2.0,idrost,Idrovoro Fosso Ghiaia
H05659,44.22735,11.22190,460.0,idrost,Invaso
H05680,44.25360,11.42535,708.0,idrost,Casoni di Romagna
H05681,44.21118,11.50491,216.0,idrost,Castel del Rio
H05684,43.78817,12.14272,720.0,idrost,Casteldelci
H05702,43.69292,12.13633,859.0,idrost,Badia Tedalda
H05707,44.06089,11.39822,720.0,idrost,Barco
H05716,44.13056,11.51056,658.0,idrost,Bibbiana
H05728,44.44668,09.61802,852.0,idrost,Tarsogno
H05741,44.64016,09.33028,490.0,idrost,Valsigiara
H05749,44.36251,10.46003,704.0,idrost,Villa Minozzo
H05757,44.82606,11.12578,16.0,idrost,S. Felice sul Panaro
H05766,44.52371,10.69920,302.0,idrost,S. Valentino
H05801,44.41143,10.27560,798.0,idrost,Ramiseto
H05819,44.49853,10.17834,982.0,idrost,Musiara Superiore
H05820,44.58337,10.31375,513.0,idrost,Neviano Arduini
H05824,44.54710,09.61003,855.0,idrost,Nociveglia
H05829,44.29695,10.31667,1150.0,idrost,Ospitaletto
H05831,44.34579,10.13844,1151.0,idrost,Paduli diga
H05842,44.19428,10.57722,1083.0,idrost,Pievepelago
H05849,44.34364,10.72977,754.0,idrost,Polinago
H05850,44.41228,10.00853,1252.0,idrost,Lagdei
H05851,44.36948,10.10207,1339.0,idrost,Lago Ballano
H05872,44.27691,10.94205,920.0,idrost,Montese
H05879,44.53393,09.20824,744.0,idrost,Diga del Brugneto
H05882,44.34986,10.57013,703.0,idrost,Farneta centrale
H05883,44.29792,10.42749,1148.0,idrost,Febbio
H05908,44.42836,10.16216,597.0,idrost,Isola di Palanzano centrale
H05921,44.54781,10.03563,834.0,idrost,Casaselvatica
H05930,44.43486,10.39470,729.0,idrost,Castelnovo Ne' Monti
H05939,44.24716,10.46579,1051.0,idrost,Civago
H05941,44.34475,10.27119,832.0,idrost,Collagna
H05970,44.57337,09.28496,745.0,idrost,Rovegno
H05972,44.54591,09.45004,1007.0,idrost,S. Stefano d'Aveto
H05976,44.51485,09.15454,769.0,idrost,Torriglia
H05979,44.44414,09.78420,762.0,idrost,Valdena centrale
H05985,44.44686,09.69847,495.0,idrost,Albareto
H05987,44.93711,09.43104,410.0,idrost,Arcello
H05990,44.49907,10.60570,550.0,idrost,Baiso
H05994,44.48097,09.24206,1116.0,idrost,Barbagelata
H06001,44.50358,09.99306,811.0,idrost,Berceto
H06018,44.49467,09.34576,848.0,idrost,Cabanne
H06023,44.52122,10.27554,649.0,idrost,Campora di Sasso
H06024,44.56588,10.46581,516.0,idrost,Canossa
H07349,44.32736,10.62179,630.0,idrost,Montefiorino
H08235,44.75489,09.38412,270.0,idrost,Bobbio
H08240,44.50745,09.62674,521.0,idrost,Bedonia
H08242,44.41878,09.68639,656.0,idrost,Montegroppo
H08246,44.64942,09.82105,451.0,idrost,Varsi
H08248,44.81901,09.99125,146.0,idrost,Salsomaggiore
H08249,44.43900,10.03352,902.0,idrost,Bosco centrale
H08250,44.47342,10.04745,618.0,idrost,Marra Centrale
H08254,44.31699,10.34493,900.0,idrost,Ligonchio centrale
H08255,44.23713,10.51633,1219.0,idrost,Piandelagotti
H08256,44.31957,10.82825,687.0,idrost,Pavullo nel Frignano
H08258,44.23211,10.76871,985.0,idrost,Sestola
H08259,44.43249,10.99243,456.0,idrost,Guiglia stazione agraria
H08262,44.83512,12.09774,2.0,idrost,Codigoro
H08263,44.15404,10.97729,352.0,idrost,Porretta Terme
H08264,44.22886,11.05590,256.0,idrost,Riola di Vergato
H08265,44.28779,11.11312,193.0,idrost,Vergato
H08266,44.27662,11.27352,600.0,idrost,Monzuno
H08269,44.47870,11.29836,286.0,idrost,Bologna San Luca
H08270,44.49988,11.34616,84.0,idrost,Bologna idrografico
H08282,44.49092,12.28387,3.0,idrost,Marina di Ravenna
H08284,44.05347,11.84197,240.0,idrost,Rocca San Casciano
H08286,43.87219,11.74718,1068.0,idrost,Campigna
H08289,43.89067,12.08637,325.0,idrost,diga di Quarto
H08293,43.93753,12.44649,680.0,idrost,S. Marino
H08296,43.95847,12.73940,5.0,idrost,Cattolica
H11255,44.75510,09.38369,272.0,idrtl9,Bobbio
H11257,44.47318,11.28243,65.0,idrtl9,Casalecchio chiusa
H11258,44.47563,11.28110,63.0,idrtl9,Casalecchio canale
H11263,44.05404,10.90557,620.0,idrtl9,Pracchia
H11264,44.94519,11.42552,21.0,idrtl9,Ficarolo
H11265,45.10179,09.34609,64.0,idrtl9,Spessa Po
H11267,44.71211,09.56966,436.0,idrtl9,Farini
H11268,44.48728,10.09950,544.0,idrtl9,Corniglio
H11269,45.04561,10.75911,29.0,idrtl9,Borgoforte
H11271,44.52437,10.35273,296.0,idrtl9,Compiano
H11272,44.90633,10.55893,30.0,idrtl9,Boretto
H11273,44.43329,10.65365,247.0,idrtl9,Lugo
H11274,44.74755,10.98734,38.0,idrtl9,Ponte Bacchello
H11275,44.35660,10.92266,226.0,idrtl9,Ponte Samone
H11276,44.72716,11.04508,32.0,idrtl9,Bomporto
H11277,44.64025,09.33012,462.0,idrtl9,Trebbia Valsigiara
H11278,45.06052,09.70554,55.0,idrtl9,Piacenza
H11279,44.40934,10.52302,367.0,idrtl9,Ponte Cavola
H11280,45.01486,11.29334,10.0,idrtl9,Sermide
H11281,44.88830,11.60807,8.0,idrtl9,Pontelagoscuro
H11283,45.12835,09.99484,45.0,idrtl9,Cremona SIAP
H11284,44.58855,10.96231,44.0,idrtl9,S. Donnino
H11285,44.85676,10.96490,32.0,idrtl9,Pioppa
H11286,44.63485,10.17139,309.0,idrtl9,Marzolara
H11290,45.05668,09.52977,65.0,idrtl9,Rottofreno
H11291,44.63271,09.40532,408.0,idrtl9,Salsominore
H11292,44.99210,09.86695,57.0,idrtl9,Saliceto
H11293,44.90039,09.58211,148.0,idrtl9,Rivergaro
H11294,44.49151,09.63055,491.0,idrtl9,Tornolo
H11297,44.84397,10.45405,34.0,idrtl9,Sorbolo
H11300,44.77880,10.58119,38.0,idrtl9,Cadelbosco
H11302,44.91614,10.11014,53.0,idrtl9,Castellina di Soragna
H11308,44.67946,10.94756,32.0,idrtl9,Modena Naviglio
H11309,44.80548,10.32468,58.0,idrtl9,Parma Ponte Verdi
H11310,44.43004,10.66763,250.0,idrtl9,Rossenna
H11311,44.20386,10.79909,512.0,idrtl9,Fanano
H11312,44.62402,10.56793,136.0,idrtl9,Puianello
H11314,44.65039,10.79554,57.0,idrtl9,Rubiera SS9
H11316,44.49342,10.32998,342.0,idrtl9,Vetto
H11317,44.66967,10.89934,43.0,idrtl9,Ponte Alto
H11321,44.49520,09.34647,848.0,idrtl9,Cabanne
H11332,44.91689,10.25430,42.0,idrtl9,S. Secondo
H12002,44.27467,11.57899,98.0,idrtl9,Borgo Tossignano
H12003,44.48023,11.28208,54.0,idrtl9,Casalecchio tiro a volo
H12016,44.09098,12.19984,54.0,idrtl9,S. Carlo
H12017,44.18521,11.70181,154.0,idrtl9,Strada Casale
H12018,44.51406,09.84219,354.0,idrtl9,Ostia Parmense
H13061,45.00949,09.77124,71.0,idrtl9,Pontenure
H53117,44.66995,10.99531,36.0,idrtl9,Navicello
H00010,44.50354,11.00357,100.0,locali,Vignola
H00011,44.68349,10.29603,169.0,locali,Panocchia
H02281,44.33320,11.74953,68.0,locali,Imola Mario Neri
H02286,44.80806,10.27245,56.0,locali,S. PANCRAZIO
H02291,44.43967,11.24125,275.0,locali,Sasso Marconi Arpa
H02979,44.40274,11.46209,321.0,locali,SETTEFONTI
H02981,44.88542,10.87451,20.0,locali,Rolo
H00002,44.83906,11.28402,12.0,locali,Finale Emilia
H00003,44.85892,11.65625,2.0,locali,MALBORGHETTO
H00004,44.16562,12.26806,25.0,locali,Martorano
H53083,44.81376,12.24834,-1.0,locali,GIRALDA
H53084,44.57337,12.10134,-1.0,locali,UMANA
H53085,44.71096,11.88483,-3.0,locali,MARTINELLA
H06257,44.36161,11.92193,15.0,locali,Granarolo Faentino
H06267,43.95249,12.53622,190.0,locali,Mulazzano
H00007,44.65378,11.62264,11.0,locali,S. Pietro Capofiume
H00008,44.26086,11.32819,741.0,locali,Loiano
H14379,44.62028,12.23556,0.0,marefe,Bellocchio
H14381,44.79140,12.39532,0.0,marefe,Faro
H14384,44.66889,12.21806,0.0,marefe,Logonovo
H14385,44.79074,12.39236,0.0,marefe,Manufatto
H14387,44.67667,12.24944,0.0,marefe,Porto Garibaldi
H14388,44.69056,12.18083,0.0,marefe,Ponte San Pietro
H14422,44.67667,12.24945,0.0,marefe,Porto Garibaldi Encoder
H53143,44.81472,12.28889,0.0,marefe,Punta Volano
H53144,44.81531,12.32449,0.0,marefe,Gorino 2
H53145,44.79669,12.32313,0.0,marefe,Bocca Scanno
H53159,44.83593,12.34395,0.0,marefe,Po di Goro
Hlat=3668057,36.68057,15.09437,,pluvio_dpcn,
Hlat=3672820,36.72820,14.99302,,pluvio_dpcn,
Hlat=3674139,36.74139,14.84944,,pluvio_dpcn,
Hlat=3675956,36.75956,14.67598,,pluvio_dpcn,
Hlat=3678417,36.78417,15.02389,,pluvio_dpcn,
Hlat=3678889,36.78889,14.60139,,pluvio_dpcn,
Hlat=3679143,36.79143,11.95440,,pluvio_dpcn,
Hlat=3679861,36.79861,14.81917,,pluvio_dpcn,
Hlat=3682306,36.82306,14.92444,,pluvio_dpcn,
Hlat=3682750,36.82750,14.58444,,pluvio_dpcn,
Hlat=3683256,36.83256,14.52885,,pluvio_dpcn,
Hlat=3684000,36.84000,15.08250,,pluvio_dpcn,
Hlat=3684223,36.84223,15.04696,,pluvio_dpcn,
Hlat=3685472,36.85472,15.00250,,pluvio_dpcn,
Hlat=3686306,36.86306,14.84278,,pluvio_dpcn,
Hlat=3688099,36.88099,14.90102,,pluvio_dpcn,
Hlat=3688194,36.88194,14.47528,,pluvio_dpcn,
Hlat=3688389,36.88389,14.56417,,pluvio_dpcn,
Hlat=3688445,36.88445,15.08278,,pluvio_dpcn,
Hlat=3689111,36.89111,14.77333,,pluvio_dpcn,
Hlat=3690944,36.90944,15.14722,,pluvio_dpcn,
Hlat=3691028,36.91028,15.02333,,pluvio_dpcn,
Hlat=3692500,36.92500,14.82806,,pluvio_dpcn,
Hlat=3693056,36.93056,15.06972,,pluvio_dpcn,
Hlat=3695111,36.95111,15.02667,,pluvio_dpcn,
Hlat=3695222,36.95222,14.60167,,pluvio_dpcn,
Hlat=3695388,36.95388,14.67589,,pluvio_dpcn,
Hlat=3697222,36.97222,14.77500,,pluvio_dpcn,
Hlat=3697330,36.97330,14.39970,,pluvio_dpcn,
Hlat=3698111,36.98111,15.20111,,pluvio_dpcn,
Hlat=3699805,36.99805,14.88722,,pluvio_dpcn,
Hlat=3700306,37.00306,15.00694,,pluvio_dpcn,
Hlat=3701236,37.01236,14.59352,,pluvio_dpcn,
Hlat=3702000,37.02000,14.49167,,pluvio_dpcn,
Hlat=3705220,37.05220,15.23640,,pluvio_dpcn,
Hlat=3705302,37.05302,14.81815,,pluvio_dpcn,
Hlat=3705998,37.05998,15.15759,,pluvio_dpcn,
Hlat=3706037,37.06037,14.87096,,pluvio_dpcn,
Hlat=3706194,37.06194,14.90028,,pluvio_dpcn,
Hlat=3706278,37.06278,15.29194,,pluvio_dpcn,
Hlat=3706944,37.06944,15.12444,,pluvio_dpcn,
Hlat=3708500,37.08500,14.37778,,pluvio_dpcn,
Hlat=3708500,37.08500,15.02722,,pluvio_dpcn,
Hlat=3709111,37.09111,15.13250,,pluvio_dpcn,
Hlat=3709615,37.09615,14.55954,,pluvio_dpcn,
Hlat=3709861,37.09861,14.79083,,pluvio_dpcn,
Hlat=3710083,37.10083,14.95667,,pluvio_dpcn,
Hlat=3710098,37.10098,13.93301,,pluvio_dpcn,
Hlat=3710222,37.10222,14.49750,,pluvio_dpcn,
Hlat=3712250,37.12250,14.93778,,pluvio_dpcn,
Hlat=3712528,37.12528,14.68167,,pluvio_dpcn,
Hlat=3712639,37.12639,14.84583,,pluvio_dpcn,
Hlat=3712700,37.12700,14.68207,,pluvio_dpcn,
Hlat=3712992,37.12992,14.11393,,pluvio_dpcn,
Hlat=3713250,37.13250,14.58306,,pluvio_dpcn,
Hlat=3713722,37.13722,14.47611,,pluvio_dpcn,
Hlat=3714028,37.14028,13.91667,,pluvio_dpcn,
Hlat=3714556,37.14556,14.39639,,pluvio_dpcn,
Hlat=3714611,37.14611,14.21472,,pluvio_dpcn,
Hlat=3715506,37.15506,14.29862,,pluvio_dpcn,
Hlat=3715573,37.15573,13.88913,,pluvio_dpcn,
Hlat=3715667,37.15667,14.15139,,pluvio_dpcn,
Hlat=3715805,37.15805,14.01472,,pluvio_dpcn,
Hlat=3716083,37.16083,15.16528,,pluvio_dpcn,
Hlat=3716945,37.16945,13.74111,,pluvio_dpcn,
Hlat=3718056,37.18056,15.11472,,pluvio_dpcn,
Hlat=3718917,37.18917,14.35361,,pluvio_dpcn,
Hlat=3719028,37.19028,14.28667,,pluvio_dpcn,
Hlat=3719167,37.19167,14.08722,,pluvio_dpcn,
Hlat=3719278,37.19278,14.93972,,pluvio_dpcn,
Hlat=3719720,37.19720,14.17690,,pluvio_dpcn,
Hlat=3719846,37.19846,13.84266,,pluvio_dpcn,
Hlat=3720139,37.20139,13.76111,,pluvio_dpcn,
Hlat=3720639,37.20639,14.77000,,pluvio_dpcn,
Hlat=3720835,37.20835,13.99297,,pluvio_dpcn,
Hlat=3721056,37.21056,13.91417,,pluvio_dpcn,
Hlat=3721472,37.21472,14.44111,,pluvio_dpcn,
Hlat=3722028,37.22028,15.03139,,pluvio_dpcn,
Hlat=3722222,37.22222,14.86667,,pluvio_dpcn,
Hlat=3722445,37.22445,14.63111,,pluvio_dpcn,
Hlat=3723000,37.23000,15.22780,,pluvio_dpcn,
Hlat=3723003,37.23003,14.57481,,pluvio_dpcn,
Hlat=3723417,37.23417,14.31778,,pluvio_dpcn,
Hlat=3723500,37.23500,14.38833,,pluvio_dpcn,
Hlat=3723832,37.23832,13.63637,,pluvio_dpcn,
Hlat=3723944,37.23944,14.50667,,pluvio_dpcn,
Hlat=3724060,37.24060,14.51860,,pluvio_dpcn,
Hlat=3724411,37.24411,14.89477,,pluvio_dpcn,
Hlat=3724862,37.24862,15.14257,,pluvio_dpcn,
Hlat=3725250,37.25250,15.08194,,pluvio_dpcn,
Hlat=3725834,37.25834,14.20833,,pluvio_dpcn,
Hlat=3725889,37.25889,14.87472,,pluvio_dpcn,
Hlat=3725917,37.25917,13.79611,,pluvio_dpcn,
Hlat=3726194,37.26194,14.10333,,pluvio_dpcn,
Hlat=3726207,37.26207,13.72168,,pluvio_dpcn,
Hlat=3726610,37.26610,13.91890,,pluvio_dpcn,
Hlat=3727195,37.27195,14.64472,,pluvio_dpcn,
Hlat=3727195,37.27195,14.69361,,pluvio_dpcn,
Hlat=3727456,37.27456,14.08743,,pluvio_dpcn,
Hlat=3728500,37.28500,13.78778,,pluvio_dpcn,
Hlat=3729000,37.29000,14.46639,,pluvio_dpcn,
Hlat=3729250,37.29250,14.26361,,pluvio_dpcn,
Hlat=3729500,37.29500,14.82000,,pluvio_dpcn,
Hlat=3729666,37.29666,14.21284,,pluvio_dpcn,
Hlat=3729694,37.29694,15.00500,,pluvio_dpcn,
Hlat=3729722,37.29722,14.07111,,pluvio_dpcn,
Hlat=3730806,37.30806,13.75361,,pluvio_dpcn,
Hlat=3731278,37.31278,14.94556,,pluvio_dpcn,
Hlat=3731556,37.31556,13.46889,,pluvio_dpcn,
Hlat=3731562,37.31562,14.37895,,pluvio_dpcn,
Hlat=3731877,37.31877,14.72555,,pluvio_dpcn,
Hlat=3732389,37.32389,14.75139,,pluvio_dpcn,
Hlat=3732917,37.32917,14.44500,,pluvio_dpcn,
Hlat=3733250,37.33250,14.53250,,pluvio_dpcn,
Hlat=3734058,37.34058,13.92631,,pluvio_dpcn,
Hlat=3734151,37.34151,13.54961,,pluvio_dpcn,
Hlat=3734195,37.34195,14.62556,,pluvio_dpcn,
Hlat=3734237,37.34237,14.00379,,pluvio_dpcn,
Hlat=3735049,37.35049,14.90807,,pluvio_dpcn,
Hlat=3735377,37.35377,13.93645,,pluvio_dpcn,
Hlat=3735848,37.35848,13.77365,,pluvio_dpcn,
Hlat=3735970,37.35970,13.86110,,pluvio_dpcn,
Hlat=3735972,37.35972,13.64547,,pluvio_dpcn,
Hlat=3736667,37.36667,15.08973,,pluvio_dpcn,
Hlat=3737278,37.37278,14.81806,,pluvio_dpcn,
Hlat=3738028,37.38028,13.45306,,pluvio_dpcn,
Hlat=3738222,37.38222,14.19472,,pluvio_dpcn,
Hlat=3739056,37.39056,13.98806,,pluvio_dpcn,
Hlat=3739111,37.39111,14.95444,,pluvio_dpcn,
Hlat=3739333,37.39333,13.35167,,pluvio_dpcn,
Hlat=3740500,37.40500,14.28333,,pluvio_dpcn,
Hlat=3740694,37.40694,13.51778,,pluvio_dpcn,
Hlat=3740694,37.40694,13.73361,,pluvio_dpcn,
Hlat=3740722,37.40722,13.61139,,pluvio_dpcn,
Hlat=3741058,37.41058,14.38396,,pluvio_dpcn,
Hlat=3741195,37.41195,14.13594,,pluvio_dpcn,
Hlat=3741806,37.41806,14.53417,,pluvio_dpcn,
Hlat=3742857,37.42857,14.05107,,pluvio_dpcn,
Hlat=3743000,37.43000,13.82806,,pluvio_dpcn,
Hlat=3743444,37.43444,14.08667,,pluvio_dpcn,
Hlat=3743879,37.43879,13.26658,,pluvio_dpcn,
Hlat=3744179,37.44179,15.06771,,pluvio_dpcn,
Hlat=3744524,37.44524,14.57607,,pluvio_dpcn,
Hlat=3744750,37.44750,14.57472,,pluvio_dpcn,
Hlat=3744806,37.44806,14.28972,,pluvio_dpcn,
Hlat=3744917,37.44917,13.89778,,pluvio_dpcn,
Hlat=3744925,37.44925,14.47005,,pluvio_dpcn,
Hlat=3745694,37.45694,14.91639,,pluvio_dpcn,
Hlat=3745766,37.45766,13.98225,,pluvio_dpcn,
Hlat=3746278,37.46278,14.89806,,pluvio_dpcn,
Hlat=3746688,37.46688,13.59458,,pluvio_dpcn,
Hlat=3746872,37.46872,14.25037,,pluvio_dpcn,
Hlat=3746944,37.46944,13.73333,,pluvio_dpcn,
Hlat=3747588,37.47588,14.53542,,pluvio_dpcn,
Hlat=3748102,37.48102,14.63355,,pluvio_dpcn,
Hlat=3748583,37.48583,13.48611,,pluvio_dpcn,
Hlat=3748806,37.48806,15.04083,,pluvio_dpcn,
Hlat=3749556,37.49556,14.14500,,pluvio_dpcn,
Hlat=3749641,37.49641,14.05694,,pluvio_dpcn,
Hlat=3749972,37.49972,14.38667,,pluvio_dpcn,
Hlat=3750083,37.50083,14.79278,,pluvio_dpcn,
Hlat=3750334,37.50334,14.64695,,pluvio_dpcn,
Hlat=3750390,37.50390,13.27470,,pluvio_dpcn,
Hlat=3750468,37.50468,15.07878,,pluvio_dpcn,
Hlat=3750501,37.50501,14.17521,,pluvio_dpcn,
Hlat=3751083,37.51083,13.43194,,pluvio_dpcn,
Hlat=3751333,37.51333,14.95250,,pluvio_dpcn,
Hlat=3751364,37.51364,13.82562,,pluvio_dpcn,
Hlat=3751417,37.51417,13.78028,,pluvio_dpcn,
Hlat=3751477,37.51477,14.85525,,pluvio_dpcn,
Hlat=3751778,37.51778,13.73389,,pluvio_dpcn,
Hlat=3752333,37.52333,15.00500,,pluvio_dpcn,
Hlat=3752361,37.52361,13.06694,,pluvio_dpcn,
Hlat=3753472,37.53472,14.87278,,pluvio_dpcn,
Hlat=3753611,37.53611,13.64167,,pluvio_dpcn,
Hlat=3754139,37.54139,15.07889,,pluvio_dpcn,
Hlat=3754805,37.54805,13.95028,,pluvio_dpcn,
Hlat=3755583,37.55583,14.10694,,pluvio_dpcn,
Hlat=3756000,37.56000,14.36861,,pluvio_dpcn,
Hlat=3756167,37.56167,13.32056,,pluvio_dpcn,
Hlat=3756306,37.56306,13.45889,,pluvio_dpcn,
Hlat=3756306,37.56306,15.06333,,pluvio_dpcn,
Hlat=3756389,37.56389,15.11917,,pluvio_dpcn,
Hlat=3756583,37.56583,15.14639,,pluvio_dpcn,
Hlat=3756611,37.56611,13.00667,,pluvio_dpcn,
Hlat=3756861,37.56861,13.15611,,pluvio_dpcn,
Hlat=3757889,37.57889,14.20472,,pluvio_dpcn,
Hlat=3757889,37.57889,14.20500,,pluvio_dpcn,
Hlat=3758111,37.58111,13.40944,,pluvio_dpcn,
Hlat=3758361,37.58361,15.14083,,pluvio_dpcn,
Hlat=3758944,37.58944,15.03944,,pluvio_dpcn,
Hlat=3759061,37.59061,14.03743,,pluvio_dpcn,
Hlat=3759193,37.59193,13.03971,,pluvio_dpcn,
Hlat=3759195,37.59195,12.72167,,pluvio_dpcn,
Hlat=3759444,37.59444,12.96806,,pluvio_dpcn,
Hlat=3759550,37.59550,13.41528,,pluvio_dpcn,
Hlat=3759639,37.59639,14.14306,,pluvio_dpcn,
Hlat=3760055,37.60055,13.91349,,pluvio_dpcn,
Hlat=3760194,37.60194,14.59361,,pluvio_dpcn,
Hlat=3760556,37.60556,14.82750,,pluvio_dpcn,
Hlat=3760611,37.60611,14.34722,,pluvio_dpcn,
Hlat=3761158,37.61158,13.55313,,pluvio_dpcn,
Hlat=3761417,37.61417,13.82861,,pluvio_dpcn,
Hlat=3761444,37.61444,15.10222,,pluvio_dpcn,
Hlat=3761639,37.61639,15.01306,,pluvio_dpcn,
Hlat=3761720,37.61720,13.43347,,pluvio_dpcn,
Hlat=3761777,37.61777,13.49704,,pluvio_dpcn,
Hlat=3762167,37.62167,14.73194,,pluvio_dpcn,
Hlat=3762172,37.62172,14.50112,,pluvio_dpcn,
Hlat=3762305,37.62305,13.54250,,pluvio_dpcn,
Hlat=3762500,37.62500,14.41611,,pluvio_dpcn,
Hlat=3762722,37.62722,12.80556,,pluvio_dpcn,
Hlat=3762978,37.62978,13.75780,,pluvio_dpcn,
Hlat=3763161,37.63161,13.22938,,pluvio_dpcn,
Hlat=3763194,37.63194,14.18750,,pluvio_dpcn,
Hlat=3763216,37.63216,14.01079,,pluvio_dpcn,
Hlat=3763250,37.63250,13.06833,,pluvio_dpcn,
Hlat=3763528,37.63528,13.62306,,pluvio_dpcn,
Hlat=3763639,37.63639,15.11556,,pluvio_dpcn,
Hlat=3764056,37.64056,14.38667,,pluvio_dpcn,
Hlat=3764080,37.64080,13.60390,,pluvio_dpcn,
Hlat=3764264,37.64264,15.04852,,pluvio_dpcn,
Hlat=3764603,37.64603,12.85233,,pluvio_dpcn,
Hlat=3764806,37.64806,13.66889,,pluvio_dpcn,
Hlat=3765111,37.65111,14.45138,,pluvio_dpcn,
Hlat=3765500,37.65500,14.52833,,pluvio_dpcn,
Hlat=3765583,37.65583,14.79444,,pluvio_dpcn,
Hlat=3765944,37.65944,13.18472,,pluvio_dpcn,
Hlat=3766861,37.66861,13.96361,,pluvio_dpcn,
Hlat=3767026,37.67026,14.22557,,pluvio_dpcn,
Hlat=3767028,37.67028,15.13694,,pluvio_dpcn,
Hlat=3767083,37.67083,13.55389,,pluvio_dpcn,
Hlat=3767139,37.67139,13.46667,,pluvio_dpcn,
Hlat=3767194,37.67194,13.46806,,pluvio_dpcn,
Hlat=3767333,37.67333,14.60889,,pluvio_dpcn,
Hlat=3767361,37.67361,13.27278,,pluvio_dpcn,
Hlat=3767805,37.67805,14.03278,,pluvio_dpcn,
Hlat=3767807,37.67807,12.67436,,pluvio_dpcn,
Hlat=3768139,37.68139,14.66167,,pluvio_dpcn,
Hlat=3768187,37.68187,13.02100,,pluvio_dpcn,
Hlat=3768195,37.68195,14.34667,,pluvio_dpcn,
Hlat=3768472,37.68472,13.34917,,pluvio_dpcn,
Hlat=3768513,37.68513,15.19834,,pluvio_dpcn,
Hlat=3768528,37.68528,14.23250,,pluvio_dpcn,
Hlat=3768725,37.68725,13.42118,,pluvio_dpcn,
Hlat=3769000,37.69000,14.11472,,pluvio_dpcn,
Hlat=3769194,37.69194,12.75222,,pluvio_dpcn,
Hlat=3769556,37.69556,12.90556,,pluvio_dpcn,
Hlat=3769944,37.69944,14.99611,,pluvio_dpcn,
Hlat=3769969,37.69969,13.25919,,pluvio_dpcn,
Hlat=3770601,37.70601,13.85006,,pluvio_dpcn,
Hlat=3770611,37.70611,13.26250,,pluvio_dpcn,
Hlat=3771260,37.71260,14.52599,,pluvio_dpcn,
Hlat=3771889,37.71889,13.71389,,pluvio_dpcn,
Hlat=3771917,37.71917,14.30278,,pluvio_dpcn,
Hlat=3772083,37.72083,13.40556,,pluvio_dpcn,
Hlat=3772139,37.72139,15.18500,,pluvio_dpcn,
Hlat=3772389,37.72389,12.52194,,pluvio_dpcn,
Hlat=3772583,37.72583,14.91500,,pluvio_dpcn,
Hlat=3772886,37.72886,13.04288,,pluvio_dpcn,
Hlat=3773028,37.73028,13.26444,,pluvio_dpcn,
Hlat=3773028,37.73028,14.70611,,pluvio_dpcn,
Hlat=3773810,37.73810,13.13250,,pluvio_dpcn,
Hlat=3774266,37.74266,13.74575,,pluvio_dpcn,
Hlat=3774639,37.74639,12.82722,,pluvio_dpcn,
Hlat=3774750,37.74750,14.20167,,pluvio_dpcn,
Hlat=3774778,37.74778,14.58000,,pluvio_dpcn,
Hlat=3774805,37.74805,13.83139,,pluvio_dpcn,
Hlat=3775322,37.75322,13.59290,,pluvio_dpcn,
Hlat=3775353,37.75353,14.78619,,pluvio_dpcn,
Hlat=3775530,37.75530,14.40250,,pluvio_dpcn,
Hlat=3776000,37.76000,12.63361,,pluvio_dpcn,
Hlat=3776083,37.76083,13.49528,,pluvio_dpcn,
Hlat=3776139,37.76139,15.17528,,pluvio_dpcn,
Hlat=3776262,37.76262,13.70689,,pluvio_dpcn,
Hlat=3776278,37.76278,13.29278,,pluvio_dpcn,
Hlat=3776294,37.76294,14.42461,,pluvio_dpcn,
Hlat=3776556,37.76556,15.05944,,pluvio_dpcn,
Hlat=3777417,37.77417,13.75694,,pluvio_dpcn,
Hlat=3777972,37.77972,13.19972,,pluvio_dpcn,
Hlat=3778695,37.78695,14.72278,,pluvio_dpcn,
Hlat=3778778,37.78778,13.09639,,pluvio_dpcn,
Hlat=3778780,37.78780,12.96252,,pluvio_dpcn,
Hlat=3778910,37.78910,14.31489,,pluvio_dpcn,
Hlat=3779036,37.79036,15.03465,,pluvio_dpcn,
Hlat=3779220,37.79220,13.09728,,pluvio_dpcn,
Hlat=3779356,37.79356,12.56816,,pluvio_dpcn,
Hlat=3779528,37.79528,13.43389,,pluvio_dpcn,
Hlat=3779761,37.79761,14.20362,,pluvio_dpcn,
Hlat=3780130,37.80130,12.70722,,pluvio_dpcn,
Hlat=3780304,37.80304,13.25012,,pluvio_dpcn,
Hlat=3780416,37.80416,13.05639,,pluvio_dpcn,
Hlat=3780472,37.80472,15.17000,,pluvio_dpcn,
Hlat=3780500,37.80500,14.47583,,pluvio_dpcn,
Hlat=3780610,37.80610,14.50560,,pluvio_dpcn,
Hlat=3781333,37.81333,14.41194,,pluvio_dpcn,
Hlat=3781599,37.81599,15.24644,,pluvio_dpcn,
Hlat=3781621,37.81621,14.19420,,pluvio_dpcn,
Hlat=3781720,37.81720,13.29280,,pluvio_dpcn,
Hlat=3782000,37.82000,13.88250,,pluvio_dpcn,
Hlat=3782028,37.82028,13.89222,,pluvio_dpcn,
Hlat=3782349,37.82349,13.99503,,pluvio_dpcn,
Hlat=3782417,37.82417,13.57500,,pluvio_dpcn,
Hlat=3782448,37.82448,15.13091,,pluvio_dpcn,
Hlat=3782561,37.82561,14.11815,,pluvio_dpcn,
Hlat=3782614,37.82614,14.87250,,pluvio_dpcn,
Hlat=3782806,37.82806,15.22694,,pluvio_dpcn,
Hlat=3782944,37.82944,14.57417,,pluvio_dpcn,
Hlat=3783139,37.83139,14.85944,,pluvio_dpcn,
Hlat=3783194,37.83194,13.43056,,pluvio_dpcn,
Hlat=3783222,37.83222,13.05361,,pluvio_dpcn,
Hlat=3783709,37.83709,13.16557,,pluvio_dpcn,
Hlat=3783718,37.83718,14.67861,,pluvio_dpcn,
Hlat=3784361,37.84361,13.56167,,pluvio_dpcn,
Hlat=3784722,37.84722,13.69306,,pluvio_dpcn,
Hlat=3784722,37.84722,14.71583,,pluvio_dpcn,
Hlat=3784806,37.84806,13.34417,,pluvio_dpcn,
Hlat=3785061,37.85061,13.49503,,pluvio_dpcn,
Hlat=3785083,37.85083,14.24389,,pluvio_dpcn,
Hlat=3785111,37.85111,14.79111,,pluvio_dpcn,
Hlat=3785194,37.85194,13.75639,,pluvio_dpcn,
Hlat=3785444,37.85444,12.94861,,pluvio_dpcn,
Hlat=3785459,37.85459,12.87996,,pluvio_dpcn,
Hlat=3785806,37.85806,12.66500,,pluvio_dpcn,
Hlat=3786000,37.86000,14.61139,,pluvio_dpcn,
Hlat=3786119,37.86119,14.33953,,pluvio_dpcn,
Hlat=3786500,37.86500,12.82194,,pluvio_dpcn,
Hlat=3786972,37.86972,14.88861,,pluvio_dpcn,
Hlat=3786972,37.86972,15.26389,,pluvio_dpcn,
Hlat=3787417,37.87417,12.58444,,pluvio_dpcn,
Hlat=3787583,37.87583,13.22861,,pluvio_dpcn,
Hlat=3787678,37.87678,13.36697,,pluvio_dpcn,
Hlat=3787750,37.87750,14.00722,,pluvio_dpcn,
Hlat=3788055,37.88055,15.11833,,pluvio_dpcn,
Hlat=3788278,37.88278,12.71639,,pluvio_dpcn,
Hlat=3788306,37.88306,15.30167,,pluvio_dpcn,
Hlat=3788556,37.88556,15.21361,,pluvio_dpcn,
Hlat=3788861,37.88861,14.31083,,pluvio_dpcn,
Hlat=3788973,37.88973,14.97775,,pluvio_dpcn,
Hlat=3789111,37.89111,14.77056,,pluvio_dpcn,
Hlat=3789139,37.89139,14.38139,,pluvio_dpcn,
Hlat=3789511,37.89511,14.48581,,pluvio_dpcn,
Hlat=3789639,37.89639,12.50111,,pluvio_dpcn,
Hlat=3789695,37.89695,15.05611,,pluvio_dpcn,
Hlat=3789748,37.89748,13.30325,,pluvio_dpcn,
Hlat=3790333,37.90333,13.10060,,pluvio_dpcn,
Hlat=3790805,37.90805,13.48944,,pluvio_dpcn,
Hlat=3790805,37.90805,15.14528,,pluvio_dpcn,
Hlat=3790889,37.90889,15.27889,,pluvio_dpcn,
Hlat=3791000,37.91000,15.05694,,pluvio_dpcn,
Hlat=3791411,37.91411,13.07042,,pluvio_dpcn,
Hlat=3791583,37.91583,13.75861,,pluvio_dpcn,
Hlat=3791583,37.91583,14.18722,,pluvio_dpcn,
Hlat=3791861,37.91861,14.65472,,pluvio_dpcn,
Hlat=3791861,37.91861,14.95778,,pluvio_dpcn,
Hlat=3792000,37.92000,15.32861,,pluvio_dpcn,
Hlat=3792111,37.92111,14.15472,,pluvio_dpcn,
Hlat=3792361,37.92361,13.56250,,pluvio_dpcn,
Hlat=3792389,37.92389,13.94111,,pluvio_dpcn,
Hlat=3792522,37.92522,16.06326,,pluvio_dpcn,
Hlat=3792611,37.92611,13.37056,,pluvio_dpcn,
Hlat=3792611,37.92611,14.29083,,pluvio_dpcn,
Hlat=3792639,37.92639,14.90306,,pluvio_dpcn,
Hlat=3792670,37.92670,14.35690,,pluvio_dpcn,
Hlat=3792722,37.92722,12.32583,,pluvio_dpcn,
Hlat=3792732,37.92732,12.74211,,pluvio_dpcn,
Hlat=3792762,37.92762,13.37103,,pluvio_dpcn,
Hlat=3792778,37.92778,14.42250,,pluvio_dpcn,
Hlat=3792972,37.92972,14.84194,,pluvio_dpcn,
Hlat=3793129,37.93129,14.69482,,pluvio_dpcn,
Hlat=3793306,37.93306,13.26528,,pluvio_dpcn,
Hlat=3793530,37.93530,13.65750,,pluvio_dpcn,
Hlat=3793639,37.93639,15.19139,,pluvio_dpcn,
Hlat=3793861,37.93861,14.57139,,pluvio_dpcn,
Hlat=3794185,37.94185,12.55267,,pluvio_dpcn,
Hlat=3794305,37.94305,13.88278,,pluvio_dpcn,
Hlat=3794361,37.94361,15.12972,,pluvio_dpcn,
Hlat=3794584,37.94584,12.79306,,pluvio_dpcn,
Hlat=3794625,37.94625,13.46630,,pluvio_dpcn,
Hlat=3794707,37.94707,12.66141,,pluvio_dpcn,
Hlat=3794833,37.94833,14.01167,,pluvio_dpcn,
Hlat=3794970,37.94970,13.78360,,pluvio_dpcn,
Hlat=3795361,37.95361,14.62333,,pluvio_dpcn,
Hlat=3795364,37.95364,14.62314,,pluvio_dpcn,
Hlat=3795444,37.95444,13.09139,,pluvio_dpcn,
Hlat=3795583,37.95583,14.71222,,pluvio_dpcn,
Hlat=3795806,37.95806,15.32778,,pluvio_dpcn,
Hlat=3795972,37.95972,13.65000,,pluvio_dpcn,
Hlat=3796278,37.96278,12.67917,,pluvio_dpcn,
Hlat=3796305,37.96305,13.28583,,pluvio_dpcn,
Hlat=3796407,37.96407,13.28880,,pluvio_dpcn,
Hlat=3796861,37.96861,14.76750,,pluvio_dpcn,
Hlat=3796889,37.96889,13.97083,,pluvio_dpcn,
Hlat=3797078,37.97078,14.08628,,pluvio_dpcn,
Hlat=3797137,37.97137,13.61146,,pluvio_dpcn,
Hlat=3797264,37.97264,14.28935,,pluvio_dpcn,
Hlat=3797333,37.97333,12.57694,,pluvio_dpcn,
Hlat=3797417,37.97417,14.34056,,pluvio_dpcn,
Hlat=3797640,37.97640,14.23720,,pluvio_dpcn,
Hlat=3797738,37.97738,15.26020,,pluvio_dpcn,
Hlat=3797998,37.97998,14.96717,,pluvio_dpcn,
Hlat=3798000,37.98000,15.36917,,pluvio_dpcn,
Hlat=3798278,37.98278,15.17889,,pluvio_dpcn,
Hlat=3798389,37.98389,12.63111,,pluvio_dpcn,
Hlat=3798695,37.98695,14.90583,,pluvio_dpcn,
Hlat=3798750,37.98750,14.02472,,pluvio_dpcn,
Hlat=3798750,37.98750,14.30056,,pluvio_dpcn,
Hlat=3798750,37.98750,15.72861,,pluvio_dpcn,
Hlat=3799111,37.99111,13.00639,,pluvio_dpcn,
Hlat=3799111,37.99111,15.38444,,pluvio_dpcn,
Hlat=3799389,37.99389,15.26806,,pluvio_dpcn,
Hlat=3799500,37.99500,14.15056,,pluvio_dpcn,
Hlat=3799639,37.99639,13.89000,,pluvio_dpcn,
Hlat=3799639,37.99639,14.84972,,pluvio_dpcn,
Hlat=3799667,37.99667,15.93000,,pluvio_dpcn,
Hlat=3799861,37.99861,12.81833,,pluvio_dpcn,
Hlat=3800017,38.00017,13.92019,,pluvio_dpcn,
Hlat=3800139,38.00139,13.08111,,pluvio_dpcn,
Hlat=3800167,38.00167,16.03417,,pluvio_dpcn,
Hlat=3800417,38.00417,13.50556,,pluvio_dpcn,
Hlat=3800528,38.00528,14.90778,,pluvio_dpcn,
Hlat=3800611,38.00611,15.31222,,pluvio_dpcn,
Hlat=3800889,38.00889,15.10056,,pluvio_dpcn,
Hlat=3800972,38.00972,14.55583,,pluvio_dpcn,
Hlat=3801222,38.01222,14.35444,,pluvio_dpcn,
Hlat=3801293,38.01293,12.88877,,pluvio_dpcn,
Hlat=3801305,38.01305,15.05861,,pluvio_dpcn,
Hlat=3801805,38.01805,12.88694,,pluvio_dpcn,
Hlat=3801944,38.01944,15.01778,,pluvio_dpcn,
Hlat=3802139,38.02139,14.45000,,pluvio_dpcn,
Hlat=3802361,38.02361,15.42639,,pluvio_dpcn,
Hlat=3802444,38.02444,13.58361,,pluvio_dpcn,
Hlat=3802444,38.02444,14.71278,,pluvio_dpcn,
Hlat=3802465,38.02465,15.14111,,pluvio_dpcn,
Hlat=3802479,38.02479,13.25915,,pluvio_dpcn,
Hlat=3802528,38.02528,14.77722,,pluvio_dpcn,
Hlat=3802555,38.02555,12.78778,,pluvio_dpcn,
Hlat=3802679,38.02679,13.43892,,pluvio_dpcn,
Hlat=3802953,38.02953,14.47974,,pluvio_dpcn,
Hlat=3803111,38.03111,13.45444,,pluvio_dpcn,
Hlat=3803297,38.03297,12.58555,,pluvio_dpcn,
Hlat=3803353,38.03353,15.37429,,pluvio_dpcn,
Hlat=3803470,38.03470,14.02360,,pluvio_dpcn,
Hlat=3803748,38.03748,12.66449,,pluvio_dpcn,
Hlat=3803803,38.03803,14.66658,,pluvio_dpcn,
Hlat=3803833,38.03833,15.23222,,pluvio_dpcn,
Hlat=3803917,38.03917,15.12722,,pluvio_dpcn,
Hlat=3804222,38.04222,15.72417,,pluvio_dpcn,
Hlat=3804389,38.04389,13.36583,,pluvio_dpcn,
Hlat=3804445,38.04445,15.90278,,pluvio_dpcn,
Hlat=3804746,38.04746,14.80731,,pluvio_dpcn,
Hlat=3804917,38.04917,15.46250,,pluvio_dpcn,
Hlat=3804972,38.04972,15.43722,,pluvio_dpcn,
Hlat=3805250,38.05250,14.97389,,pluvio_dpcn,
Hlat=3805361,38.05361,14.62833,,pluvio_dpcn,
Hlat=3805416,38.05416,14.67000,,pluvio_dpcn,
Hlat=3805750,38.05750,14.72333,,pluvio_dpcn,
Hlat=3806417,38.06417,15.26944,,pluvio_dpcn,
Hlat=3806553,38.06553,13.09400,,pluvio_dpcn,
Hlat=3806694,38.06694,13.50139,,pluvio_dpcn,
Hlat=3806778,38.06778,13.11306,,pluvio_dpcn,
Hlat=3806861,38.06861,12.81722,,pluvio_dpcn,
Hlat=3807084,38.07084,15.47472,,pluvio_dpcn,
Hlat=3807250,38.07250,13.36806,,pluvio_dpcn,
Hlat=3807333,38.07333,15.32528,,pluvio_dpcn,
Hlat=3807333,38.07333,15.44639,,pluvio_dpcn,
Hlat=3807695,38.07695,14.97194,,pluvio_dpcn,
Hlat=3807750,38.07750,15.39111,,pluvio_dpcn,
Hlat=3807917,38.07917,15.48694,,pluvio_dpcn,
Hlat=3808110,38.08110,15.10440,,pluvio_dpcn,
Hlat=3808111,38.08111,12.69611,,pluvio_dpcn,
Hlat=3808361,38.08361,14.84611,,pluvio_dpcn,
Hlat=3808472,38.08472,14.74278,,pluvio_dpcn,
Hlat=3808500,38.08500,15.47194,,pluvio_dpcn,
Hlat=3808611,38.08611,14.81083,,pluvio_dpcn,
Hlat=3809056,38.09056,15.17111,,pluvio_dpcn,
Hlat=3809167,38.09167,16.08194,,pluvio_dpcn,
Hlat=3809690,38.09690,15.20780,,pluvio_dpcn,
Hlat=3809917,38.09917,15.48083,,pluvio_dpcn,
Hlat=3810278,38.10278,15.63889,,pluvio_dpcn,
Hlat=3810472,38.10472,14.71639,,pluvio_dpcn,
Hlat=3810553,38.10553,14.78569,,pluvio_dpcn,
Hlat=3810833,38.10833,15.24528,,pluvio_dpcn,
Hlat=3810861,38.10861,14.84444,,pluvio_dpcn,
Hlat=3811111,38.11111,15.81444,,pluvio_dpcn,
Hlat=3811278,38.11278,14.88972,,pluvio_dpcn,
Hlat=3811361,38.11361,15.06500,,pluvio_dpcn,
Hlat=3811555,38.11555,14.98417,,pluvio_dpcn,
Hlat=3811583,38.11583,15.12306,,pluvio_dpcn,
Hlat=3811666,38.11666,13.33500,,pluvio_dpcn,
Hlat=3812056,38.12056,15.73667,,pluvio_dpcn,
Hlat=3812194,38.12194,13.35389,,pluvio_dpcn,
Hlat=3812364,38.12364,15.35947,,pluvio_dpcn,
Hlat=3812611,38.12611,15.44917,,pluvio_dpcn,
Hlat=3812972,38.12972,13.23528,,pluvio_dpcn,
Hlat=3812980,38.12980,13.32759,,pluvio_dpcn,
Hlat=3813000,38.13000,15.50556,,pluvio_dpcn,
Hlat=3813361,38.13361,15.28417,,pluvio_dpcn,
Hlat=3813639,38.13639,14.72278,,pluvio_dpcn,
Hlat=3813861,38.13861,14.94611,,pluvio_dpcn,
Hlat=3813940,38.13940,15.01874,,pluvio_dpcn,
Hlat=3814139,38.14139,15.21222,,pluvio_dpcn,
Hlat=3815031,38.15031,16.18149,,pluvio_dpcn,
Hlat=3815111,38.15111,16.07278,,pluvio_dpcn,
Hlat=3815500,38.15500,13.11444,,pluvio_dpcn,
Hlat=3815833,38.15833,15.32111,,pluvio_dpcn,
Hlat=3815861,38.15861,15.38139,,pluvio_dpcn,
Hlat=3816195,38.16195,14.86361,,pluvio_dpcn,
Hlat=3816806,38.16806,15.41167,,pluvio_dpcn,
Hlat=3816889,38.16889,15.28194,,pluvio_dpcn,
Hlat=3817028,38.17028,14.89472,,pluvio_dpcn,
Hlat=3817167,38.17167,15.50028,,pluvio_dpcn,
Hlat=3817500,38.17500,15.75611,,pluvio_dpcn,
Hlat=3817722,38.17722,15.47111,,pluvio_dpcn,
Hlat=3818500,38.18500,15.63806,,pluvio_dpcn,
Hlat=3818889,38.18889,12.73333,,pluvio_dpcn,
Hlat=3818905,38.18905,15.35226,,pluvio_dpcn,
Hlat=3818945,38.18945,13.31194,,pluvio_dpcn,
Hlat=3819167,38.19167,15.53444,,pluvio_dpcn,
Hlat=3819278,38.19278,15.84417,,pluvio_dpcn,
Hlat=3819361,38.19361,15.43389,,pluvio_dpcn,
Hlat=3820222,38.20222,13.24528,,pluvio_dpcn,
Hlat=3820444,38.20444,16.15361,,pluvio_dpcn,
Hlat=3821167,38.21167,15.50361,,pluvio_dpcn,
Hlat=3821444,38.21444,15.37222,,pluvio_dpcn,
Hlat=3822167,38.22167,15.45361,,pluvio_dpcn,
Hlat=3822222,38.22222,15.54000,,pluvio_dpcn,
Hlat=3822222,38.22222,16.04445,,pluvio_dpcn,
Hlat=3824194,38.24194,15.73806,,pluvio_dpcn,
Hlat=3824222,38.24222,16.25778,,pluvio_dpcn,
Hlat=3824278,38.24278,15.55639,,pluvio_dpcn,
Hlat=3824694,38.24694,15.75139,,pluvio_dpcn,
Hlat=3824917,38.24917,15.76472,,pluvio_dpcn,
Hlat=3825000,38.25000,15.49861,,pluvio_dpcn,
Hlat=3825000,38.25000,15.78083,,pluvio_dpcn,
Hlat=3825083,38.25083,15.71389,,pluvio_dpcn,
Hlat=3825278,38.25278,15.97361,,pluvio_dpcn,
Hlat=3825389,38.25389,15.52222,,pluvio_dpcn,
Hlat=3825851,38.25851,15.56130,,pluvio_dpcn,
Hlat=3825861,38.25861,15.87139,,pluvio_dpcn,
Hlat=3826083,38.26083,15.59917,,pluvio_dpcn,
Hlat=3827500,38.27500,16.14722,,pluvio_dpcn,
Hlat=3829055,38.29055,15.81194,,pluvio_dpcn,
Hlat=3829083,38.29083,15.51167,,pluvio_dpcn,
Hlat=3830139,38.30139,16.32556,,pluvio_dpcn,
Hlat=3830806,38.30806,16.03083,,pluvio_dpcn,
Hlat=3832722,38.32722,16.39528,,pluvio_dpcn,
Hlat=3833222,38.33222,16.15333,,pluvio_dpcn,
Hlat=3835361,38.35361,16.07861,,pluvio_dpcn,
Hlat=3835389,38.35389,16.01056,,pluvio_dpcn,
Hlat=3835750,38.35750,15.85056,,pluvio_dpcn,
Hlat=3837139,38.37139,16.18917,,pluvio_dpcn,
Hlat=3837750,38.37750,15.91278,,pluvio_dpcn,
Hlat=3840778,38.40778,15.97167,,pluvio_dpcn,
Hlat=3840833,38.40833,16.07750,,pluvio_dpcn,
Hlat=3841889,38.41889,16.46833,,pluvio_dpcn,
Hlat=3843083,38.43083,15.90722,,pluvio_dpcn,
Hlat=3843555,38.43555,16.57000,,pluvio_dpcn,
Hlat=3843778,38.43778,16.14305,,pluvio_dpcn,
Hlat=3844444,38.44444,16.29167,,pluvio_dpcn,
Hlat=3846583,38.46583,16.06028,,pluvio_dpcn,
Hlat=3848556,38.48556,14.93172,,pluvio_dpcn,
Hlat=3849166,38.49166,16.30278,,pluvio_dpcn,
Hlat=3849972,38.49972,15.98361,,pluvio_dpcn,
Hlat=3851667,38.51667,16.31944,,pluvio_dpcn,
Hlat=3853611,38.53611,16.51944,,pluvio_dpcn,
Hlat=3854945,38.54945,16.12444,,pluvio_dpcn,
Hlat=3855806,38.55806,16.21278,,pluvio_dpcn,
Hlat=3856125,38.56125,14.83341,,pluvio_dpcn,
Hlat=3856611,38.56611,16.31250,,pluvio_dpcn,
Hlat=3858278,38.58278,15.89250,,pluvio_dpcn,
Hlat=3860556,38.60556,16.06056,,pluvio_dpcn,
Hlat=3861917,38.61917,15.83250,,pluvio_dpcn,
Hlat=3862472,38.62472,16.24444,,pluvio_dpcn,
Hlat=3865055,38.65055,15.98222,,pluvio_dpcn,
Hlat=3867222,38.67222,16.40167,,pluvio_dpcn,
Hlat=3867361,38.67361,16.10278,,pluvio_dpcn,
Hlat=3869000,38.69000,16.54445,,pluvio_dpcn,
Hlat=3870278,38.70278,16.11972,,pluvio_dpcn,
Hlat=3870833,38.70833,16.19194,,pluvio_dpcn,
Hlat=3871833,38.71833,16.12194,,pluvio_dpcn,
Hlat=3871944,38.71944,16.28333,,pluvio_dpcn,
Hlat=3873361,38.73361,16.34389,,pluvio_dpcn,
Hlat=3875333,38.75333,16.44778,,pluvio_dpcn,
Hlat=3878417,38.78417,16.28611,,pluvio_dpcn,
Hlat=3881445,38.81445,16.55972,,pluvio_dpcn,
Hlat=3883361,38.83361,16.40222,,pluvio_dpcn,
Hlat=3889833,38.89833,16.33222,,pluvio_dpcn,
Hlat=3891250,38.91250,16.58194,,pluvio_dpcn,
Hlat=3893722,38.93722,17.02333,,pluvio_dpcn,
Hlat=3893778,38.93778,16.85639,,pluvio_dpcn,
Hlat=3894639,38.94639,16.51972,,pluvio_dpcn,
Hlat=3895167,38.95167,16.67750,,pluvio_dpcn,
Hlat=3895222,38.95222,16.58278,,pluvio_dpcn,
Hlat=3896889,38.96889,16.77972,,pluvio_dpcn,
Hlat=3897445,38.97445,16.54028,,pluvio_dpcn,
Hlat=3897445,38.97445,08.62028,,pluvio_dpcn,
Hlat=3897750,38.97750,16.30361,,pluvio_dpcn,
Hlat=3901389,39.01389,17.12778,,pluvio_dpcn,
Hlat=3901694,39.01694,08.99861,,pluvio_dpcn,
Hlat=3903028,39.03028,16.59639,,pluvio_dpcn,
Hlat=3903305,39.03305,08.84889,,pluvio_dpcn,
Hlat=3903667,39.03667,17.01528,,pluvio_dpcn,
Hlat=3904333,39.04333,16.75889,,pluvio_dpcn,
Hlat=3904750,39.04750,08.83167,,pluvio_dpcn,
Hlat=3906194,39.06194,08.44972,,pluvio_dpcn,
Hlat=3906889,39.06889,16.89056,,pluvio_dpcn,
Hlat=3907222,39.07222,17.02778,,pluvio_dpcn,
Hlat=3908221,39.08221,17.13556,,pluvio_dpcn,
Hlat=3908306,39.08306,16.23667,,pluvio_dpcn,
Hlat=3909167,39.09167,08.71972,,pluvio_dpcn,
Hlat=3910278,39.10278,16.92778,,pluvio_dpcn,
Hlat=3914194,39.14194,16.74889,,pluvio_dpcn,
Hlat=3915000,39.15000,16.07806,,pluvio_dpcn,
Hlat=3915722,39.15722,08.96528,,pluvio_dpcn,
Hlat=3915972,39.15972,16.78306,,pluvio_dpcn,
Hlat=3916333,39.16333,16.54000,,pluvio_dpcn,
Hlat=3916361,39.16361,16.40556,,pluvio_dpcn,
Hlat=3918361,39.18361,16.32583,,pluvio_dpcn,
Hlat=3918861,39.18861,08.48167,,pluvio_dpcn,
Hlat=3920028,39.20028,08.93750,,pluvio_dpcn,
Hlat=3920611,39.20611,08.77694,,pluvio_dpcn,
Hlat=3920694,39.20694,09.48667,,pluvio_dpcn,
Hlat=3921667,39.21667,16.20278,,pluvio_dpcn,
Hlat=3922389,39.22389,09.11639,,pluvio_dpcn,
Hlat=3924417,39.24417,16.78889,,pluvio_dpcn,
Hlat=3924722,39.24722,16.54445,,pluvio_dpcn,
Hlat=3928731,39.28731,16.26483,,pluvio_dpcn,
Hlat=3929055,39.29055,16.97806,,pluvio_dpcn,
Hlat=3930083,39.30083,08.56306,,pluvio_dpcn,
Hlat=3930500,39.30500,09.39583,,pluvio_dpcn,
Hlat=3930750,39.30750,08.95306,,pluvio_dpcn,
Hlat=3931472,39.31472,16.78222,,pluvio_dpcn,
Hlat=3932139,39.32139,16.42889,,pluvio_dpcn,
Hlat=3933917,39.33917,08.60417,,pluvio_dpcn,
Hlat=3934056,39.34056,16.30417,,pluvio_dpcn,
Hlat=3935722,39.35722,09.55972,,pluvio_dpcn,
Hlat=3935806,39.35806,09.30056,,pluvio_dpcn,
Hlat=3936111,39.36111,16.04167,,pluvio_dpcn,
Hlat=3937167,39.37167,08.93889,,pluvio_dpcn,
Hlat=3937472,39.37472,08.80194,,pluvio_dpcn,
Hlat=3938167,39.38167,17.05889,,pluvio_dpcn,
Hlat=3939806,39.39806,16.12083,,pluvio_dpcn,
Hlat=3940000,39.40000,16.53750,,pluvio_dpcn,
Hlat=3940722,39.40722,17.11083,,pluvio_dpcn,
Hlat=3942445,39.42445,17.00361,,pluvio_dpcn,
Hlat=3943724,39.43724,09.54302,,pluvio_dpcn,
Hlat=3944972,39.44972,16.61417,,pluvio_dpcn,
Hlat=3945222,39.45222,09.01806,,pluvio_dpcn,
Hlat=3947445,39.47445,16.20083,,pluvio_dpcn,
Hlat=3948589,39.48589,09.26578,,pluvio_dpcn,
Hlat=3950000,39.50000,16.40278,,pluvio_dpcn,
Hlat=3950444,39.50444,16.94028,,pluvio_dpcn,
Hlat=3950500,39.50500,08.62389,,pluvio_dpcn,
Hlat=3951389,39.51389,16.73056,,pluvio_dpcn,
Hlat=3951389,39.51389,09.42306,,pluvio_dpcn,
Hlat=3951750,39.51750,15.94056,,pluvio_dpcn,
Hlat=3952401,39.52401,16.16225,,pluvio_dpcn,
Hlat=3952611,39.52611,08.84611,,pluvio_dpcn,
Hlat=3954500,39.54500,09.13833,,pluvio_dpcn,
Hlat=3955389,39.55389,09.35333,,pluvio_dpcn,
Hlat=3958694,39.58694,16.52111,,pluvio_dpcn,
Hlat=3962000,39.62000,08.81417,,pluvio_dpcn,
Hlat=3962028,39.62028,09.34500,,pluvio_dpcn,
Hlat=3962250,39.62250,16.27806,,pluvio_dpcn,
Hlat=3962972,39.62972,15.85167,,pluvio_dpcn,
Hlat=3965917,39.65917,09.13194,,pluvio_dpcn,
Hlat=3966111,39.66111,16.02778,,pluvio_dpcn,
Hlat=3968833,39.68833,09.58139,,pluvio_dpcn,
Hlat=3968972,39.68972,08.55250,,pluvio_dpcn,
Hlat=3971063,39.71063,16.49662,,pluvio_dpcn,
Hlat=3973316,39.73316,16.27101,,pluvio_dpcn,
Hlat=3974500,39.74500,16.11750,,pluvio_dpcn,
Hlat=3975722,39.75722,09.30528,,pluvio_dpcn,
Hlat=3978611,39.78611,16.25556,,pluvio_dpcn,
Hlat=3978695,39.78695,08.82056,,pluvio_dpcn,
Hlat=3978972,39.78972,16.31389,,pluvio_dpcn,
Hlat=3979556,39.79556,09.51306,,pluvio_dpcn,
Hlat=3979694,39.79694,16.48139,,pluvio_dpcn,
Hlat=3980800,39.80800,18.34750,,pluvio_dpcn,
Hlat=3981278,39.81278,09.25917,,pluvio_dpcn,
Hlat=3983720,39.83720,09.47661,,pluvio_dpcn,
Hlat=3985083,39.85083,09.04750,,pluvio_dpcn,
Hlat=3985500,39.85500,16.08778,,pluvio_dpcn,
Hlat=3985778,39.85778,09.51806,,pluvio_dpcn,
Hlat=3986555,39.86555,16.38139,,pluvio_dpcn,
Hlat=3987111,39.87111,15.90583,,pluvio_dpcn,
Hlat=3988861,39.88861,09.55000,,pluvio_dpcn,
Hlat=3988983,39.88983,18.31533,,pluvio_dpcn,
Hlat=3990283,39.90283,09.43183,,pluvio_dpcn,
Hlat=3992556,39.92556,09.15611,,pluvio_dpcn,
Hlat=3992611,39.92611,16.46639,,pluvio_dpcn,
Hlat=3993750,39.93750,15.76861,,pluvio_dpcn,
Hlat=3994000,39.94000,16.05056,,pluvio_dpcn,
Hlat=3995055,39.95055,08.93222,,pluvio_dpcn,
Hlat=3995361,39.95361,15.97306,,pluvio_dpcn,
Hlat=3995773,39.95773,08.85745,,pluvio_dpcn,
Hlat=3996067,39.96067,18.10200,,pluvio_dpcn,
Hlat=3996646,39.96646,09.27008,,pluvio_dpcn,
Hlat=3997617,39.97617,18.26867,,pluvio_dpcn,
Hlat=3997978,39.97978,15.71700,,pluvio_dpcn,
Hlat=3998233,39.98233,09.42539,,pluvio_dpcn,
Hlat=3998389,39.98389,16.29833,,pluvio_dpcn,
Hlat=3999111,39.99111,16.60667,,pluvio_dpcn,
Hlat=4000111,40.00111,15.79667,,pluvio_dpcn,
Hlat=4000717,40.00717,18.40017,,pluvio_dpcn,
Hlat=4002389,40.02389,08.67083,,pluvio_dpcn,
Hlat=4003695,40.03695,08.39444,,pluvio_dpcn,
Hlat=4004417,40.04417,09.65000,,pluvio_dpcn,
Hlat=4005000,40.05000,16.44695,,pluvio_dpcn,
Hlat=4006900,40.06900,17.97633,,pluvio_dpcn,
Hlat=4006900,40.06900,18.17800,,pluvio_dpcn,
Hlat=4007000,40.07000,16.10361,,pluvio_dpcn,
Hlat=4007442,40.07442,15.65231,,pluvio_dpcn,
Hlat=4008433,40.08433,18.38355,,pluvio_dpcn,
Hlat=4008867,40.08867,18.41883,,pluvio_dpcn,
Hlat=4008944,40.08944,16.33055,,pluvio_dpcn,
Hlat=4010917,40.10917,09.41167,,pluvio_dpcn,
Hlat=4011100,40.11100,18.28900,,pluvio_dpcn,
Hlat=4011333,40.11333,09.25333,,pluvio_dpcn,
Hlat=4011500,40.11500,15.44261,,pluvio_dpcn,
Hlat=4011583,40.11583,15.62778,,pluvio_dpcn,
Hlat=4011983,40.11983,18.47617,,pluvio_dpcn,
Hlat=4012806,40.12806,15.28861,,pluvio_dpcn,
Hlat=4013028,40.13028,08.81389,,pluvio_dpcn,
Hlat=4013194,40.13194,15.45861,,pluvio_dpcn,
Hlat=4013389,40.13389,15.54389,,pluvio_dpcn,
Hlat=4013445,40.13445,15.76222,,pluvio_dpcn,
Hlat=4014200,40.14200,18.17800,,pluvio_dpcn,
Hlat=4014389,40.14389,15.56194,,pluvio_dpcn,
Hlat=4015300,40.15300,18.07283,,pluvio_dpcn,
Hlat=4015750,40.15750,18.30367,,pluvio_dpcn,
Hlat=4015917,40.15917,09.50917,,pluvio_dpcn,
Hlat=4016111,40.16111,15.98611,,pluvio_dpcn,
Hlat=4016733,40.16733,15.66992,,pluvio_dpcn,
Hlat=4016778,40.16778,16.65139,,pluvio_dpcn,
Hlat=4017111,40.17111,08.91361,,pluvio_dpcn,
Hlat=4017278,40.17278,16.43861,,pluvio_dpcn,
Hlat=4017528,40.17528,15.43111,,pluvio_dpcn,
Hlat=4018184,40.18184,18.02300,,pluvio_dpcn,
Hlat=4019853,40.19853,15.30000,,pluvio_dpcn,
Hlat=4021028,40.21028,09.28528,,pluvio_dpcn,
Hlat=4021278,40.21278,16.20667,,pluvio_dpcn,
Hlat=4021636,40.21636,15.16914,,pluvio_dpcn,
Hlat=4021639,40.21639,15.43444,,pluvio_dpcn,
Hlat=4023000,40.23000,15.26250,,pluvio_dpcn,
Hlat=4024417,40.24417,15.55333,,pluvio_dpcn,
Hlat=4024711,40.24711,15.41286,,pluvio_dpcn,
Hlat=4025195,40.25195,16.47167,,pluvio_dpcn,
Hlat=4025472,40.25472,09.18972,,pluvio_dpcn,
Hlat=4025555,40.25555,15.66028,,pluvio_dpcn,
Hlat=4025778,40.25778,15.13000,,pluvio_dpcn,
Hlat=4026083,40.26083,08.76528,,pluvio_dpcn,
Hlat=4026528,40.26528,09.58972,,pluvio_dpcn,
Hlat=4026639,40.26639,16.22639,,pluvio_dpcn,
Hlat=4026833,40.26833,18.05133,,pluvio_dpcn,
Hlat=4027250,40.27250,18.27450,,pluvio_dpcn,
Hlat=4027945,40.27945,15.70417,,pluvio_dpcn,
Hlat=4029055,40.29055,08.47750,,pluvio_dpcn,
Hlat=4029139,40.29139,15.22611,,pluvio_dpcn,
Hlat=4029389,40.29389,15.30508,,pluvio_dpcn,
Hlat=4029833,40.29833,16.72667,,pluvio_dpcn,
Hlat=4029861,40.29861,15.78667,,pluvio_dpcn,
Hlat=4030833,40.30833,15.84333,,pluvio_dpcn,
Hlat=4031000,40.31000,16.75194,,pluvio_dpcn,
Hlat=4032084,40.32084,15.05778,,pluvio_dpcn,
Hlat=4032117,40.32117,17.72200,,pluvio_dpcn,
Hlat=4032125,40.32125,15.15158,,pluvio_dpcn,
Hlat=4032615,40.32615,09.03498,,pluvio_dpcn,
Hlat=4033167,40.33167,08.59667,,pluvio_dpcn,
Hlat=4033306,40.33306,09.36917,,pluvio_dpcn,
Hlat=4035167,40.35167,17.88633,,pluvio_dpcn,
Hlat=4035433,40.35433,18.17800,,pluvio_dpcn,
Hlat=4035836,40.35836,15.58392,,pluvio_dpcn,
Hlat=4036086,40.36086,15.33772,,pluvio_dpcn,
Hlat=4036666,40.36666,16.51528,,pluvio_dpcn,
Hlat=4037200,40.37200,18.05817,,pluvio_dpcn,
Hlat=4037611,40.37611,16.09945,,pluvio_dpcn,
Hlat=4037650,40.37650,17.43567,,pluvio_dpcn,
Hlat=4037667,40.37667,08.50389,,pluvio_dpcn,
Hlat=4037667,40.37667,09.67583,,pluvio_dpcn,
Hlat=4038317,40.38317,17.64600,,pluvio_dpcn,
Hlat=4039046,40.39046,16.65682,,pluvio_dpcn,
Hlat=4039111,40.39111,15.57167,,pluvio_dpcn,
Hlat=4039444,40.39444,15.60306,,pluvio_dpcn,
Hlat=4039556,40.39556,08.66389,,pluvio_dpcn,
Hlat=4040500,40.40500,15.72500,,pluvio_dpcn,
Hlat=4040517,40.40517,17.84183,,pluvio_dpcn,
Hlat=4040650,40.40650,17.31917,,pluvio_dpcn,
Hlat=4041195,40.41195,09.35389,,pluvio_dpcn,
Hlat=4042167,40.42167,09.00444,,pluvio_dpcn,
Hlat=4042305,40.42305,15.31333,,pluvio_dpcn,
Hlat=4042670,40.42670,15.98330,,pluvio_dpcn,
Hlat=4043070,40.43070,16.32220,,pluvio_dpcn,
Hlat=4043833,40.43833,15.42839,,pluvio_dpcn,
Hlat=4043833,40.43833,16.86567,,pluvio_dpcn,
Hlat=4044283,40.44283,17.26317,,pluvio_dpcn,
Hlat=4045055,40.45055,15.96667,,pluvio_dpcn,
Hlat=4045383,40.45383,17.42300,,pluvio_dpcn,
Hlat=4046333,40.46333,09.48444,,pluvio_dpcn,
Hlat=4046861,40.46861,14.96583,,pluvio_dpcn,
Hlat=4047560,40.47560,16.75440,,pluvio_dpcn,
Hlat=4047611,40.47611,15.17028,,pluvio_dpcn,
Hlat=4047972,40.47972,15.64139,,pluvio_dpcn,
Hlat=4048056,40.48056,16.24833,,pluvio_dpcn,
Hlat=4048683,40.48683,17.99350,,pluvio_dpcn,
Hlat=4049028,40.49028,16.44806,,pluvio_dpcn,
Hlat=4049700,40.49700,15.01425,,pluvio_dpcn,
Hlat=4050056,40.50056,15.76111,,pluvio_dpcn,
Hlat=4050167,40.50167,08.47056,,pluvio_dpcn,
Hlat=4051222,40.51222,15.04278,,pluvio_dpcn,
Hlat=4051389,40.51389,08.76389,,pluvio_dpcn,
Hlat=4051420,40.51420,16.53890,,pluvio_dpcn,
Hlat=4052017,40.52017,17.45317,,pluvio_dpcn,
Hlat=4052167,40.52167,15.91222,,pluvio_dpcn,
Hlat=4052417,40.52417,09.21917,,pluvio_dpcn,
Hlat=4052600,40.52600,17.28217,,pluvio_dpcn,
Hlat=4052900,40.52900,17.71033,,pluvio_dpcn,
Hlat=4053783,40.53783,17.81550,,pluvio_dpcn,
Hlat=4053829,40.53829,15.03086,,pluvio_dpcn,
Hlat=4054250,40.54250,15.56972,,pluvio_dpcn,
Hlat=4054450,40.54450,16.86267,,pluvio_dpcn,
Hlat=4054924,40.54924,15.43586,,pluvio_dpcn,
Hlat=4054972,40.54972,14.22806,,pluvio_dpcn,
Hlat=4055533,40.55533,17.79067,,pluvio_dpcn,
Hlat=4055611,40.55611,16.33055,,pluvio_dpcn,
Hlat=4055783,40.55783,17.02050,,pluvio_dpcn,
Hlat=4055866,40.55866,16.70120,,pluvio_dpcn,
Hlat=4056194,40.56194,15.23694,,pluvio_dpcn,
Hlat=4056278,40.56278,08.64333,,pluvio_dpcn,
Hlat=4056280,40.56280,17.33838,,pluvio_dpcn,
Hlat=4056488,40.56488,17.20403,,pluvio_dpcn,
Hlat=4056944,40.56944,09.69750,,pluvio_dpcn,
Hlat=4057084,40.57084,09.42583,,pluvio_dpcn,
Hlat=4057417,40.57417,15.65694,,pluvio_dpcn,
Hlat=4057550,40.57550,17.10833,,pluvio_dpcn,
Hlat=4057972,40.57972,15.33611,,pluvio_dpcn,
Hlat=4058361,40.58361,08.31306,,pluvio_dpcn,
Hlat=4058420,40.58420,16.76850,,pluvio_dpcn,
Hlat=4058944,40.58944,16.03778,,pluvio_dpcn,
Hlat=4059500,40.59500,15.51750,,pluvio_dpcn,
Hlat=4059533,40.59533,17.24850,,pluvio_dpcn,
Hlat=4060361,40.60361,14.97472,,pluvio_dpcn,
Hlat=4060472,40.60472,15.29250,,pluvio_dpcn,
Hlat=4060639,40.60639,14.36278,,pluvio_dpcn,
Hlat=4061533,40.61533,17.52033,,pluvio_dpcn,
Hlat=4061889,40.61889,16.13833,,pluvio_dpcn,
Hlat=4062139,40.62139,14.57944,,pluvio_dpcn,
Hlat=4062183,40.62183,16.80200,,pluvio_dpcn,
Hlat=4062610,40.62610,15.79684,,pluvio_dpcn,
Hlat=4062778,40.62778,08.98861,,pluvio_dpcn,
Hlat=4062867,40.62867,17.92667,,pluvio_dpcn,
Hlat=4063024,40.63024,14.38699,,pluvio_dpcn,
Hlat=4063055,40.63055,14.50333,,pluvio_dpcn,
Hlat=4063083,40.63083,17.04100,,pluvio_dpcn,
Hlat=4063194,40.63194,08.81917,,pluvio_dpcn,
Hlat=4063278,40.63278,15.81083,,pluvio_dpcn,
Hlat=4063472,40.63472,16.27500,,pluvio_dpcn,
Hlat=4063750,40.63750,15.35167,,pluvio_dpcn,
Hlat=4063750,40.63750,15.63722,,pluvio_dpcn,
Hlat=4063828,40.63828,14.59083,,pluvio_dpcn,
Hlat=4063917,40.63917,14.53361,,pluvio_dpcn,
Hlat=4063937,40.63937,16.43290,,pluvio_dpcn,
Hlat=4064333,40.64333,08.54056,,pluvio_dpcn,
Hlat=4064389,40.64389,14.83667,,pluvio_dpcn,
Hlat=4064639,40.64639,14.86556,,pluvio_dpcn,
Hlat=4064667,40.64667,09.32417,,pluvio_dpcn,
Hlat=4064695,40.64695,14.54056,,pluvio_dpcn,
Hlat=4065028,40.65028,14.70222,,pluvio_dpcn,
Hlat=4065167,40.65167,14.60667,,pluvio_dpcn,
Hlat=4065250,40.65250,14.63889,,pluvio_dpcn,
Hlat=4065361,40.65361,14.46389,,pluvio_dpcn,
Hlat=4065383,40.65383,17.75183,,pluvio_dpcn,
Hlat=4065545,40.65545,14.69406,,pluvio_dpcn,
Hlat=4066047,40.66047,14.60339,,pluvio_dpcn,
Hlat=4066250,40.66250,14.98389,,pluvio_dpcn,
Hlat=4066617,40.66617,16.71367,,pluvio_dpcn,
Hlat=4066917,40.66917,17.03250,,pluvio_dpcn,
Hlat=4066945,40.66945,15.91528,,pluvio_dpcn,
Hlat=4066945,40.66945,16.60167,,pluvio_dpcn,
Hlat=4067072,40.67072,14.71228,,pluvio_dpcn,
Hlat=4067361,40.67361,14.50167,,pluvio_dpcn,
Hlat=4067536,40.67536,14.61164,,pluvio_dpcn,
Hlat=4067750,40.67750,14.74000,,pluvio_dpcn,
Hlat=4067813,40.67813,15.24852,,pluvio_dpcn,
Hlat=4067842,40.67842,14.70625,,pluvio_dpcn,
Hlat=4068889,40.68889,14.51444,,pluvio_dpcn,
Hlat=4069217,40.69217,17.38883,,pluvio_dpcn,
Hlat=4069272,40.69272,14.68844,,pluvio_dpcn,
Hlat=4069639,40.69639,14.64556,,pluvio_dpcn,
Hlat=4069722,40.69722,14.70167,,pluvio_dpcn,
Hlat=4070778,40.70778,14.53389,,pluvio_dpcn,
Hlat=4071083,40.71083,13.95000,,pluvio_dpcn,
Hlat=4071483,40.71483,17.58467,,pluvio_dpcn,
Hlat=4071528,40.71528,08.59444,,pluvio_dpcn,
Hlat=4071903,40.71903,14.62033,,pluvio_dpcn,
Hlat=4071944,40.71944,14.77056,,pluvio_dpcn,
Hlat=4072167,40.72167,13.89889,,pluvio_dpcn,
Hlat=4072556,40.72556,14.75111,,pluvio_dpcn,
Hlat=4072583,40.72583,16.90367,,pluvio_dpcn,
Hlat=4072611,40.72611,09.10250,,pluvio_dpcn,
Hlat=4072639,40.72639,14.84417,,pluvio_dpcn,
Hlat=4072861,40.72861,15.71444,,pluvio_dpcn,
Hlat=4072889,40.72889,14.59389,,pluvio_dpcn,
Hlat=4072972,40.72972,15.80222,,pluvio_dpcn,
Hlat=4073195,40.73195,13.87917,,pluvio_dpcn,
Hlat=4073333,40.73333,15.20000,,pluvio_dpcn,
Hlat=4073361,40.73361,15.59306,,pluvio_dpcn,
Hlat=4073444,40.73444,14.68083,,pluvio_dpcn,
Hlat=4073722,40.73722,08.67806,,pluvio_dpcn,
Hlat=4073889,40.73889,16.16250,,pluvio_dpcn,
Hlat=4074028,40.74028,13.94722,,pluvio_dpcn,
Hlat=4074166,40.74166,16.24611,,pluvio_dpcn,
Hlat=4074194,40.74194,14.75889,,pluvio_dpcn,
Hlat=4075467,40.75467,17.33617,,pluvio_dpcn,
Hlat=4075528,40.75528,09.48528,,pluvio_dpcn,
Hlat=4075972,40.75972,15.47889,,pluvio_dpcn,
Hlat=4076111,40.76111,14.50694,,pluvio_dpcn,
Hlat=4076333,40.76333,14.62722,,pluvio_dpcn,
Hlat=4076350,40.76350,16.59967,,pluvio_dpcn,
Hlat=4076389,40.76389,15.99833,,pluvio_dpcn,
Hlat=4077417,40.77417,08.80194,,pluvio_dpcn,
Hlat=4078000,40.78000,14.57333,,pluvio_dpcn,
Hlat=4078500,40.78500,14.78667,,pluvio_dpcn,
Hlat=4078583,40.78583,14.76556,,pluvio_dpcn,
Hlat=4078695,40.78695,14.91222,,pluvio_dpcn,
Hlat=4078917,40.78917,16.75700,,pluvio_dpcn,
Hlat=4079117,40.79117,17.11767,,pluvio_dpcn,
Hlat=4079361,40.79361,14.16389,,pluvio_dpcn,
Hlat=4079417,40.79417,14.38056,,pluvio_dpcn,
Hlat=4079440,40.79440,14.90890,,pluvio_dpcn,
Hlat=4079667,40.79667,16.91833,,pluvio_dpcn,
Hlat=4080550,40.80550,15.52700,,pluvio_dpcn,
Hlat=4081361,40.81361,15.22639,,pluvio_dpcn,
Hlat=4081417,40.81417,14.36333,,pluvio_dpcn,
Hlat=4081690,40.81690,14.61640,,pluvio_dpcn,
Hlat=4081694,40.81694,14.70167,,pluvio_dpcn,
Hlat=4081833,40.81833,14.78139,,pluvio_dpcn,
Hlat=4082167,40.82167,16.40817,,pluvio_dpcn,
Hlat=4082250,40.82250,08.40806,,pluvio_dpcn,
Hlat=4082472,40.82472,14.71111,,pluvio_dpcn,
Hlat=4082550,40.82550,17.36550,,pluvio_dpcn,
Hlat=4082639,40.82639,14.84222,,pluvio_dpcn,
Hlat=4082944,40.82944,14.61417,,pluvio_dpcn,
Hlat=4082944,40.82944,09.32361,,pluvio_dpcn,
Hlat=4082967,40.82967,15.38067,,pluvio_dpcn,
Hlat=4083055,40.83055,15.07222,,pluvio_dpcn,
Hlat=4083083,40.83083,14.12778,,pluvio_dpcn,
Hlat=4083250,40.83250,15.24417,,pluvio_dpcn,
Hlat=4083528,40.83528,14.59528,,pluvio_dpcn,
Hlat=4083861,40.83861,15.03944,,pluvio_dpcn,
Hlat=4083917,40.83917,15.64367,,pluvio_dpcn,
Hlat=4084000,40.84000,14.65639,,pluvio_dpcn,
Hlat=4084167,40.84167,09.65278,,pluvio_dpcn,
Hlat=4084250,40.84250,14.46583,,pluvio_dpcn,
Hlat=4084700,40.84700,15.24333,,pluvio_dpcn,
Hlat=4084787,40.84787,15.05046,,pluvio_dpcn,
Hlat=4084983,40.84983,15.85433,,pluvio_dpcn,
Hlat=4085500,40.85500,14.65722,,pluvio_dpcn,
Hlat=4085528,40.85528,14.19750,,pluvio_dpcn,
Hlat=4085806,40.85806,08.95972,,pluvio_dpcn,
Hlat=4085833,40.85833,14.73889,,pluvio_dpcn,
Hlat=4085861,40.85861,14.61556,,pluvio_dpcn,
Hlat=4086083,40.86083,16.63483,,pluvio_dpcn,
Hlat=4086195,40.86195,15.28194,,pluvio_dpcn,
Hlat=4086389,40.86389,14.64944,,pluvio_dpcn,
Hlat=4086555,40.86555,14.23417,,pluvio_dpcn,
Hlat=4087500,40.87500,14.56083,,pluvio_dpcn,
Hlat=4087583,40.87583,17.20800,,pluvio_dpcn,
Hlat=4088000,40.88000,15.02944,,pluvio_dpcn,
Hlat=4088066,40.88066,16.79267,,pluvio_dpcn,
Hlat=4088250,40.88250,14.72167,,pluvio_dpcn,
Hlat=4088467,40.88467,15.08583,,pluvio_dpcn,
Hlat=4088805,40.88805,09.11222,,pluvio_dpcn,
Hlat=4089250,40.89250,14.84444,,pluvio_dpcn,
Hlat=4089283,40.89283,15.41967,,pluvio_dpcn,
Hlat=4089705,40.89705,16.84247,,pluvio_dpcn,
Hlat=4090067,40.90067,17.05267,,pluvio_dpcn,
Hlat=4090278,40.90278,15.50361,,pluvio_dpcn,
Hlat=4090833,40.90833,08.76750,,pluvio_dpcn,
Hlat=4091167,40.91167,14.78083,,pluvio_dpcn,
Hlat=4091222,40.91222,15.00528,,pluvio_dpcn,
Hlat=4091317,40.91317,15.71383,,pluvio_dpcn,
Hlat=4091767,40.91767,15.17500,,pluvio_dpcn,
Hlat=4091778,40.91778,14.72917,,pluvio_dpcn,
Hlat=4092050,40.92050,17.12583,,pluvio_dpcn,
Hlat=4092722,40.92722,14.57667,,pluvio_dpcn,
Hlat=4092933,40.92933,15.31950,,pluvio_dpcn,
Hlat=4093195,40.93195,12.98278,,pluvio_dpcn,
Hlat=4093389,40.93389,15.98000,,pluvio_dpcn,
Hlat=4093600,40.93600,15.55050,,pluvio_dpcn,
Hlat=4093817,40.93817,17.30117,,pluvio_dpcn,
Hlat=4093972,40.93972,08.21306,,pluvio_dpcn,
Hlat=4094111,40.94111,14.02139,,pluvio_dpcn,
Hlat=4094139,40.94139,14.62528,,pluvio_dpcn,
Hlat=4094400,40.94400,15.61467,,pluvio_dpcn,
Hlat=4095350,40.95350,16.91750,,pluvio_dpcn,
Hlat=4095600,40.95600,15.79883,,pluvio_dpcn,
Hlat=4095700,40.95700,16.14050,,pluvio_dpcn,
Hlat=4095900,40.95900,16.57217,,pluvio_dpcn,
Hlat=4095917,40.95917,14.54083,,pluvio_dpcn,
Hlat=4095945,40.95945,14.59778,,pluvio_dpcn,
Hlat=4095972,40.95972,15.80361,,pluvio_dpcn,
Hlat=4097472,40.97472,15.00361,,pluvio_dpcn,
Hlat=4097583,40.97583,16.41550,,pluvio_dpcn,
Hlat=4098250,40.98250,17.22517,,pluvio_dpcn,
Hlat=4099083,40.99083,15.62067,,pluvio_dpcn,
Hlat=4099111,40.99111,14.72778,,pluvio_dpcn,
Hlat=4099361,40.99361,09.63194,,pluvio_dpcn,
Hlat=4099800,40.99800,16.73117,,pluvio_dpcn,
Hlat=4099944,40.99944,08.89750,,pluvio_dpcn,
Hlat=4100083,41.00083,16.86717,,pluvio_dpcn,
Hlat=4100278,41.00278,14.78083,,pluvio_dpcn,
Hlat=4100583,41.00583,14.48472,,pluvio_dpcn,
Hlat=4100834,41.00834,14.62417,,pluvio_dpcn,
Hlat=4100883,41.00883,15.36183,,pluvio_dpcn,
Hlat=4101028,41.01028,14.66861,,pluvio_dpcn,
Hlat=4101783,41.01783,15.76667,,pluvio_dpcn,
Hlat=4102083,41.02083,14.59833,,pluvio_dpcn,
Hlat=4102200,41.02200,16.00783,,pluvio_dpcn,
Hlat=4102250,41.02250,14.33583,,pluvio_dpcn,
Hlat=4102750,41.02750,14.48611,,pluvio_dpcn,
Hlat=4103502,41.03502,13.93886,,pluvio_dpcn,
Hlat=4103528,41.03528,14.49139,,pluvio_dpcn,
Hlat=4103695,41.03695,15.79139,,pluvio_dpcn,
Hlat=4105767,41.05767,15.37500,,pluvio_dpcn,
Hlat=4106650,41.06650,15.53283,,pluvio_dpcn,
Hlat=4107233,41.07233,16.08417,,pluvio_dpcn,
Hlat=4107333,41.07333,16.31950,,pluvio_dpcn,
Hlat=4108333,41.08333,09.11222,,pluvio_dpcn,
Hlat=4108778,41.08778,14.49667,,pluvio_dpcn,
Hlat=4109111,41.09111,15.05361,,pluvio_dpcn,
Hlat=4109261,41.09261,14.10557,,pluvio_dpcn,
Hlat=4109300,41.09300,16.48867,,pluvio_dpcn,
Hlat=4109300,41.09300,16.70500,,pluvio_dpcn,
Hlat=4109533,41.09533,16.87150,,pluvio_dpcn,
Hlat=4109750,41.09750,14.36250,,pluvio_dpcn,
Hlat=4109750,41.09750,16.61717,,pluvio_dpcn,
Hlat=4109845,41.09845,15.99153,,pluvio_dpcn,
Hlat=4110250,41.10250,14.46389,,pluvio_dpcn,
Hlat=4110633,41.10633,16.14083,,pluvio_dpcn,
Hlat=4110889,41.10889,14.20833,,pluvio_dpcn,
Hlat=4111067,41.11067,15.33117,,pluvio_dpcn,
Hlat=4111500,41.11500,14.82500,,pluvio_dpcn,
Hlat=4111517,41.11517,16.87733,,pluvio_dpcn,
Hlat=4112083,41.12083,15.27533,,pluvio_dpcn,
Hlat=4112472,41.12472,14.97083,,pluvio_dpcn,
Hlat=4112850,41.12850,15.95383,,pluvio_dpcn,
Hlat=4113399,41.13399,14.77341,,pluvio_dpcn,
Hlat=4114056,41.14056,15.08611,,pluvio_dpcn,
Hlat=4114224,41.14224,14.83597,,pluvio_dpcn,
Hlat=4114400,41.14400,15.39267,,pluvio_dpcn,
Hlat=4114400,41.14400,16.83350,,pluvio_dpcn,
Hlat=4114617,41.14617,16.40683,,pluvio_dpcn,
Hlat=4114833,41.14833,15.52117,,pluvio_dpcn,
Hlat=4114944,41.14944,14.83528,,pluvio_dpcn,
Hlat=4115717,41.15717,15.27567,,pluvio_dpcn,
Hlat=4116111,41.16111,14.50417,,pluvio_dpcn,
Hlat=4117805,41.17805,14.35722,,pluvio_dpcn,
Hlat=4118650,41.18650,15.75800,,pluvio_dpcn,
Hlat=4119639,41.19639,13.83833,,pluvio_dpcn,
Hlat=4119667,41.19667,15.13611,,pluvio_dpcn,
Hlat=4120361,41.20361,14.24222,,pluvio_dpcn,
Hlat=4120950,41.20950,15.27500,,pluvio_dpcn,
Hlat=4121033,41.21033,15.52417,,pluvio_dpcn,
Hlat=4121278,41.21278,14.39583,,pluvio_dpcn,
Hlat=4121967,41.21967,15.38683,,pluvio_dpcn,
Hlat=4122028,41.22028,13.55917,,pluvio_dpcn,
Hlat=4122117,41.22117,15.22550,,pluvio_dpcn,
Hlat=4122117,41.22117,16.10583,,pluvio_dpcn,
Hlat=4122278,41.22278,09.39917,,pluvio_dpcn,
Hlat=4122361,41.22361,14.28750,,pluvio_dpcn,
Hlat=4123233,41.23233,16.19350,,pluvio_dpcn,
Hlat=4123505,41.23505,14.49843,,pluvio_dpcn,
Hlat=4123683,41.23683,15.90417,,pluvio_dpcn,
Hlat=4123683,41.23683,16.49150,,pluvio_dpcn,
Hlat=4124694,41.24694,14.47278,,pluvio_dpcn,
Hlat=4125972,41.25972,14.89750,,pluvio_dpcn,
Hlat=4126333,41.26333,15.29917,,pluvio_dpcn,
Hlat=4127111,41.27111,13.52528,,pluvio_dpcn,
Hlat=4127111,41.27111,13.79639,,pluvio_dpcn,
Hlat=4127167,41.27167,14.21056,,pluvio_dpcn,
Hlat=4128056,41.28056,13.83639,,pluvio_dpcn,
Hlat=4128083,41.28083,13.97861,,pluvio_dpcn,
Hlat=4128806,41.28806,13.01694,,pluvio_dpcn,
Hlat=4128806,41.28806,13.25417,,pluvio_dpcn,
Hlat=4129889,41.29889,15.08667,,pluvio_dpcn,
Hlat=4130400,41.30400,15.51833,,pluvio_dpcn,
Hlat=4130500,41.30500,13.72861,,pluvio_dpcn,
Hlat=4130983,41.30983,15.19100,,pluvio_dpcn,
Hlat=4130983,41.30983,15.69950,,pluvio_dpcn,
Hlat=4132948,41.32948,14.33605,,pluvio_dpcn,
Hlat=4133417,41.33417,16.20800,,pluvio_dpcn,
Hlat=4133528,41.33528,14.66611,,pluvio_dpcn,
Hlat=4133722,41.33722,14.51333,,pluvio_dpcn,
Hlat=4133889,41.33889,13.42361,,pluvio_dpcn,
Hlat=4134937,41.34937,14.27415,,pluvio_dpcn,
Hlat=4134967,41.34967,15.30500,,pluvio_dpcn,
Hlat=4135291,41.35291,14.21282,,pluvio_dpcn,
Hlat=4135617,41.35617,16.06200,,pluvio_dpcn,
Hlat=4135850,41.35850,15.17050,,pluvio_dpcn,
Hlat=4136417,41.36417,14.83722,,pluvio_dpcn,
Hlat=4137278,41.37278,13.01694,,pluvio_dpcn,
Hlat=4138250,41.38250,14.17278,,pluvio_dpcn,
Hlat=4138972,41.38972,13.52528,,pluvio_dpcn,
Hlat=4138972,41.38972,13.66083,,pluvio_dpcn,
Hlat=4140516,41.40516,13.86905,,pluvio_dpcn,
Hlat=4140583,41.40583,13.89000,,pluvio_dpcn,
Hlat=4140600,41.40600,15.19050,,pluvio_dpcn,
Hlat=4140667,41.40667,13.44056,,pluvio_dpcn,
Hlat=4140667,41.40667,13.83028,,pluvio_dpcn,
Hlat=4140933,41.40933,15.43650,,pluvio_dpcn,
Hlat=4142222,41.42222,15.04083,,pluvio_dpcn,
Hlat=4142267,41.42267,15.77833,,pluvio_dpcn,
Hlat=4142472,41.42472,13.88028,,pluvio_dpcn,
Hlat=4142583,41.42583,15.12117,,pluvio_dpcn,
Hlat=4143350,41.43350,15.20400,,pluvio_dpcn,
Hlat=4143583,41.43583,15.56500,,pluvio_dpcn,
Hlat=4144056,41.44056,13.18639,,pluvio_dpcn,
Hlat=4144056,41.44056,13.40667,,pluvio_dpcn,
Hlat=4144056,41.44056,13.84722,,pluvio_dpcn,
Hlat=4145350,41.45350,15.10617,,pluvio_dpcn,
Hlat=4145389,41.45389,14.25306,,pluvio_dpcn,
Hlat=4145472,41.45472,14.39778,,pluvio_dpcn,
Hlat=4145750,41.45750,12.62694,,pluvio_dpcn,
Hlat=4145750,41.45750,12.81333,,pluvio_dpcn,
Hlat=4145750,41.45750,13.08472,,pluvio_dpcn,
Hlat=4145750,41.45750,13.67778,,pluvio_dpcn,
Hlat=4146900,41.46900,15.48317,,pluvio_dpcn,
Hlat=4147445,41.47445,12.91500,,pluvio_dpcn,
Hlat=4147445,41.47445,13.18639,,pluvio_dpcn,
Hlat=4147472,41.47472,14.54028,,pluvio_dpcn,
Hlat=4147698,41.47698,14.54555,,pluvio_dpcn,
Hlat=4148389,41.48389,14.98278,,pluvio_dpcn,
Hlat=4148667,41.48667,15.05650,,pluvio_dpcn,
Hlat=4149139,41.49139,13.05083,,pluvio_dpcn,
Hlat=4149139,41.49139,13.76250,,pluvio_dpcn,
Hlat=4149139,41.49139,13.84722,,pluvio_dpcn,
Hlat=4149139,41.49139,13.91500,,pluvio_dpcn,
Hlat=4149750,41.49750,14.35639,,pluvio_dpcn,
Hlat=4150041,41.50041,14.01814,,pluvio_dpcn,
Hlat=4150217,41.50217,15.33117,,pluvio_dpcn,
Hlat=4150750,41.50750,14.91389,,pluvio_dpcn,
Hlat=4150834,41.50834,12.77944,,pluvio_dpcn,
Hlat=4150834,41.50834,13.40667,,pluvio_dpcn,
Hlat=4151866,41.51866,14.13783,,pluvio_dpcn,
Hlat=4152750,41.52750,14.91333,,pluvio_dpcn,
Hlat=4153917,41.53917,14.66111,,pluvio_dpcn,
Hlat=4153983,41.53983,15.14133,,pluvio_dpcn,
Hlat=4154222,41.54222,13.27111,,pluvio_dpcn,
Hlat=4154222,41.54222,13.64389,,pluvio_dpcn,
Hlat=4154783,41.54783,15.61975,,pluvio_dpcn,
Hlat=4155217,41.55217,14.97933,,pluvio_dpcn,
Hlat=4155917,41.55917,12.64389,,pluvio_dpcn,
Hlat=4155917,41.55917,13.52528,,pluvio_dpcn,
Hlat=4155917,41.55917,13.67778,,pluvio_dpcn,
Hlat=4156368,41.56368,15.49955,,pluvio_dpcn,
Hlat=4157516,41.57516,15.87283,,pluvio_dpcn,
Hlat=4157611,41.57611,13.32194,,pluvio_dpcn,
Hlat=4157917,41.57917,14.12667,,pluvio_dpcn,
Hlat=4158400,41.58400,14.95717,,pluvio_dpcn,
Hlat=4159306,41.59306,12.64389,,pluvio_dpcn,
Hlat=4159306,41.59306,12.83028,,pluvio_dpcn,
Hlat=4159306,41.59306,12.98278,,pluvio_dpcn,
Hlat=4160056,41.60056,14.44333,,pluvio_dpcn,
Hlat=4160417,41.60417,14.16028,,pluvio_dpcn,
Hlat=4160667,41.60667,15.06700,,pluvio_dpcn,
Hlat=4160944,41.60944,14.25056,,pluvio_dpcn,
Hlat=4161000,41.61000,12.54222,,pluvio_dpcn,
Hlat=4161000,41.61000,13.16944,,pluvio_dpcn,
Hlat=4161000,41.61000,13.40667,,pluvio_dpcn,
Hlat=4161000,41.61000,13.55917,,pluvio_dpcn,
Hlat=4161000,41.61000,13.94889,,pluvio_dpcn,
Hlat=4162528,41.62528,14.14111,,pluvio_dpcn,
Hlat=4162695,41.62695,13.77944,,pluvio_dpcn,
Hlat=4164389,41.64389,12.66083,,pluvio_dpcn,
Hlat=4164389,41.64389,12.91500,,pluvio_dpcn,
Hlat=4164389,41.64389,13.30500,,pluvio_dpcn,
Hlat=4166083,41.66083,12.50833,,pluvio_dpcn,
Hlat=4167778,41.67778,13.08472,,pluvio_dpcn,
Hlat=4167778,41.67778,13.40667,,pluvio_dpcn,
Hlat=4167778,41.67778,13.86417,,pluvio_dpcn,
Hlat=4168139,41.68139,14.43750,,pluvio_dpcn,
Hlat=4168583,41.68583,15.39267,,pluvio_dpcn,
Hlat=4168750,41.68750,15.28900,,pluvio_dpcn,
Hlat=4168938,41.68938,13.98936,,pluvio_dpcn,
Hlat=4169278,41.69278,14.33111,,pluvio_dpcn,
Hlat=4169472,41.69472,13.15250,,pluvio_dpcn,
Hlat=4170000,41.70000,14.18500,,pluvio_dpcn,
Hlat=4170000,41.70000,14.92556,,pluvio_dpcn,
Hlat=4170867,41.70867,15.50150,,pluvio_dpcn,
Hlat=4171017,41.71017,15.95383,,pluvio_dpcn,
Hlat=4171167,41.71167,12.66083,,pluvio_dpcn,
Hlat=4171167,41.71167,13.25417,,pluvio_dpcn,
Hlat=4171233,41.71233,15.75500,,pluvio_dpcn,
Hlat=4171865,41.71865,14.69430,,pluvio_dpcn,
Hlat=4172861,41.72861,12.28806,,pluvio_dpcn,
Hlat=4172861,41.72861,12.35583,,pluvio_dpcn,
Hlat=4172861,41.72861,12.69472,,pluvio_dpcn,
Hlat=4172861,41.72861,13.35583,,pluvio_dpcn,
Hlat=4172861,41.72861,13.62694,,pluvio_dpcn,
Hlat=4172861,41.72861,13.67778,,pluvio_dpcn,
Hlat=4173183,41.73183,15.34600,,pluvio_dpcn,
Hlat=4174222,41.74222,14.38306,,pluvio_dpcn,
Hlat=4174556,41.74556,12.66083,,pluvio_dpcn,
Hlat=4175000,41.75000,13.98556,,pluvio_dpcn,
Hlat=4175171,41.75171,14.09373,,pluvio_dpcn,
Hlat=4176250,41.76250,12.23722,,pluvio_dpcn,
Hlat=4176250,41.76250,12.55917,,pluvio_dpcn,
Hlat=4176250,41.76250,12.71167,,pluvio_dpcn,
Hlat=4176250,41.76250,12.98278,,pluvio_dpcn,
Hlat=4176250,41.76250,13.72861,,pluvio_dpcn,
Hlat=4177859,41.77859,14.25583,,pluvio_dpcn,
Hlat=4177945,41.77945,12.38972,,pluvio_dpcn,
Hlat=4177945,41.77945,13.33889,,pluvio_dpcn,
Hlat=4177945,41.77945,13.40667,,pluvio_dpcn,
Hlat=4177972,41.77972,14.54667,,pluvio_dpcn,
Hlat=4179250,41.79250,15.46517,,pluvio_dpcn,
Hlat=4179639,41.79639,13.05083,,pluvio_dpcn,
Hlat=4179867,41.79867,15.65567,,pluvio_dpcn,
Hlat=4180222,41.80222,15.15694,,pluvio_dpcn,
Hlat=4180690,41.80690,12.68670,,pluvio_dpcn,
Hlat=4180944,41.80944,13.79222,,pluvio_dpcn,
Hlat=4181333,41.81333,12.67778,,pluvio_dpcn,
Hlat=4181333,41.81333,13.23722,,pluvio_dpcn,
Hlat=4181667,41.81667,16.03967,,pluvio_dpcn,
Hlat=4181928,41.81928,13.53119,,pluvio_dpcn,
Hlat=4182100,41.82100,15.35917,,pluvio_dpcn,
Hlat=4182300,41.82300,15.24067,,pluvio_dpcn,
Hlat=4182733,41.82733,15.92450,,pluvio_dpcn,
Hlat=4182917,41.82917,14.71028,,pluvio_dpcn,
Hlat=4183028,41.83028,12.22028,,pluvio_dpcn,
Hlat=4183028,41.83028,12.35583,,pluvio_dpcn,
Hlat=4183028,41.83028,12.42361,,pluvio_dpcn,
Hlat=4183028,41.83028,12.49139,,pluvio_dpcn,
Hlat=4183028,41.83028,12.84722,,pluvio_dpcn,
Hlat=4183501,41.83501,14.86056,,pluvio_dpcn,
Hlat=4183703,41.83703,13.92950,,pluvio_dpcn,
Hlat=4183833,41.83833,15.59433,,pluvio_dpcn,
Hlat=4183833,41.83833,15.80467,,pluvio_dpcn,
Hlat=4184472,41.84472,15.85528,,pluvio_dpcn,
Hlat=4184583,41.84583,14.26722,,pluvio_dpcn,
Hlat=4184722,41.84722,12.88111,,pluvio_dpcn,
Hlat=4185190,41.85190,14.08348,,pluvio_dpcn,
Hlat=4185432,41.85432,14.21122,,pluvio_dpcn,
Hlat=4185583,41.85583,15.12050,,pluvio_dpcn,
Hlat=4186417,41.86417,12.18639,,pluvio_dpcn,
Hlat=4186417,41.86417,12.50833,,pluvio_dpcn,
Hlat=4186417,41.86417,12.62694,,pluvio_dpcn,
Hlat=4186417,41.86417,13.23722,,pluvio_dpcn,
Hlat=4186500,41.86500,14.05639,,pluvio_dpcn,
Hlat=4186964,41.86964,14.45449,,pluvio_dpcn,
Hlat=4187150,41.87150,15.32833,,pluvio_dpcn,
Hlat=4188050,41.88050,16.17583,,pluvio_dpcn,
Hlat=4188111,41.88111,12.23722,,pluvio_dpcn,
Hlat=4188111,41.88111,12.42361,,pluvio_dpcn,
Hlat=4188111,41.88111,12.45750,,pluvio_dpcn,
Hlat=4188111,41.88111,12.47444,,pluvio_dpcn,
Hlat=4188111,41.88111,12.49139,,pluvio_dpcn,
Hlat=4188111,41.88111,12.54222,,pluvio_dpcn,
Hlat=4188111,41.88111,12.74556,,pluvio_dpcn,
Hlat=4188111,41.88111,12.98278,,pluvio_dpcn,
Hlat=4188819,41.88819,14.05902,,pluvio_dpcn,
Hlat=4189000,41.89000,14.78583,,pluvio_dpcn,
Hlat=4189611,41.89611,14.63417,,pluvio_dpcn,
Hlat=4189739,41.89739,13.57891,,pluvio_dpcn,
Hlat=4189806,41.89806,12.35583,,pluvio_dpcn,
Hlat=4189806,41.89806,12.47444,,pluvio_dpcn,
Hlat=4189806,41.89806,12.50833,,pluvio_dpcn,
Hlat=4189806,41.89806,13.32194,,pluvio_dpcn,
Hlat=4191500,41.91500,12.47444,,pluvio_dpcn,
Hlat=4191500,41.91500,12.50833,,pluvio_dpcn,
Hlat=4191500,41.91500,12.62694,,pluvio_dpcn,
Hlat=4191500,41.91500,13.01694,,pluvio_dpcn,
Hlat=4191508,41.91508,13.42598,,pluvio_dpcn,
Hlat=4191762,41.91762,13.87184,,pluvio_dpcn,
Hlat=4192805,41.92805,15.88112,,pluvio_dpcn,
Hlat=4193195,41.93195,12.44056,,pluvio_dpcn,
Hlat=4193195,41.93195,12.47444,,pluvio_dpcn,
Hlat=4193195,41.93195,12.52528,,pluvio_dpcn,
Hlat=4193195,41.93195,12.57611,,pluvio_dpcn,
Hlat=4193195,41.93195,12.67778,,pluvio_dpcn,
Hlat=4193195,41.93195,13.08472,,pluvio_dpcn,
Hlat=4193195,41.93195,13.10167,,pluvio_dpcn,
Hlat=4193195,41.93195,13.23722,,pluvio_dpcn,
Hlat=4194165,41.94165,13.41286,,pluvio_dpcn,
Hlat=4194222,41.94222,14.70306,,pluvio_dpcn,
Hlat=4194228,41.94228,14.42795,,pluvio_dpcn,
Hlat=4194500,41.94500,16.01682,,pluvio_dpcn,
Hlat=4194889,41.94889,12.44056,,pluvio_dpcn,
Hlat=4194889,41.94889,12.49139,,pluvio_dpcn,
Hlat=4194889,41.94889,12.50833,,pluvio_dpcn,
Hlat=4194889,41.94889,12.59306,,pluvio_dpcn,
Hlat=4194889,41.94889,12.64389,,pluvio_dpcn,
Hlat=4195489,41.95489,14.35646,,pluvio_dpcn,
Hlat=4195721,41.95721,13.64863,,pluvio_dpcn,
Hlat=4196583,41.96583,12.06778,,pluvio_dpcn,
Hlat=4196583,41.96583,12.40667,,pluvio_dpcn,
Hlat=4196583,41.96583,12.49139,,pluvio_dpcn,
Hlat=4196583,41.96583,12.54222,,pluvio_dpcn,
Hlat=4196583,41.96583,12.79639,,pluvio_dpcn,
Hlat=4197194,41.97194,14.99472,,pluvio_dpcn,
Hlat=4198278,41.98278,12.49139,,pluvio_dpcn,
Hlat=4198278,41.98278,13.10167,,pluvio_dpcn,
Hlat=4198988,41.98988,14.24870,,pluvio_dpcn,
Hlat=4199354,41.99354,13.45438,,pluvio_dpcn,
Hlat=4199681,41.99681,14.48314,,pluvio_dpcn,
Hlat=4199972,41.99972,12.10167,,pluvio_dpcn,
Hlat=4199972,41.99972,12.49139,,pluvio_dpcn,
Hlat=4199972,41.99972,12.94889,,pluvio_dpcn,
Hlat=4199972,41.99972,13.01694,,pluvio_dpcn,
Hlat=4200000,42.00000,11.98278,,pluvio_dpcn,
Hlat=4200000,42.00000,12.45750,,pluvio_dpcn,
Hlat=4200000,42.00000,12.72861,,pluvio_dpcn,
Hlat=4200333,42.00333,15.00306,,pluvio_dpcn,
Hlat=4200555,42.00555,13.15833,,pluvio_dpcn,
Hlat=4201694,42.01694,12.18639,,pluvio_dpcn,
Hlat=4201694,42.01694,12.28806,,pluvio_dpcn,
Hlat=4202911,42.02911,13.66455,,pluvio_dpcn,
Hlat=4203389,42.03389,13.01694,,pluvio_dpcn,
Hlat=4203449,42.03449,14.36822,,pluvio_dpcn,
Hlat=4203923,42.03923,14.48796,,pluvio_dpcn,
Hlat=4204106,42.04106,14.18244,,pluvio_dpcn,
Hlat=4205083,42.05083,12.03389,,pluvio_dpcn,
Hlat=4205083,42.05083,12.62694,,pluvio_dpcn,
Hlat=4205086,42.05086,13.99986,,pluvio_dpcn,
Hlat=4205883,42.05883,13.10855,,pluvio_dpcn,
Hlat=4205998,42.05998,13.62581,,pluvio_dpcn,
Hlat=4206567,42.06567,14.66659,,pluvio_dpcn,
Hlat=4206778,42.06778,12.40667,,pluvio_dpcn,
Hlat=4206778,42.06778,12.76250,,pluvio_dpcn,
Hlat=4206778,42.06778,12.89806,,pluvio_dpcn,
Hlat=4206788,42.06788,13.26540,,pluvio_dpcn,
Hlat=4206871,42.06871,13.91436,,pluvio_dpcn,
Hlat=4207380,42.07380,13.53689,,pluvio_dpcn,
Hlat=4208236,42.08236,13.79883,,pluvio_dpcn,
Hlat=4208472,42.08472,11.79639,,pluvio_dpcn,
Hlat=4208472,42.08472,12.27111,,pluvio_dpcn,
Hlat=4209567,42.09567,14.25795,,pluvio_dpcn,
Hlat=4209661,42.09661,13.37275,,pluvio_dpcn,
Hlat=4209986,42.09986,14.69839,,pluvio_dpcn,
Hlat=4210167,42.10167,12.16944,,pluvio_dpcn,
Hlat=4210167,42.10167,12.50833,,pluvio_dpcn,
Hlat=4210167,42.10167,13.00000,,pluvio_dpcn,
Hlat=4211861,42.11861,12.37278,,pluvio_dpcn,
Hlat=4211861,42.11861,12.61000,,pluvio_dpcn,
Hlat=4211861,42.11861,12.77944,,pluvio_dpcn,
Hlat=4212341,42.12341,14.36102,,pluvio_dpcn,
Hlat=4213108,42.13108,14.41479,,pluvio_dpcn,
Hlat=4213364,42.13364,13.13133,,pluvio_dpcn,
Hlat=4213556,42.13556,12.11861,,pluvio_dpcn,
Hlat=4213556,42.13556,12.50833,,pluvio_dpcn,
Hlat=4213556,42.13556,12.74556,,pluvio_dpcn,
Hlat=4213556,42.13556,13.03389,,pluvio_dpcn,
Hlat=4213719,42.13719,14.64351,,pluvio_dpcn,
Hlat=4215077,42.15077,14.01914,,pluvio_dpcn,
Hlat=4215250,42.15250,11.91500,,pluvio_dpcn,
Hlat=4215250,42.15250,12.00000,,pluvio_dpcn,
Hlat=4215250,42.15250,12.23722,,pluvio_dpcn,
Hlat=4215250,42.15250,12.79639,,pluvio_dpcn,
Hlat=4215508,42.15508,13.51292,,pluvio_dpcn,
Hlat=4215627,42.15627,13.82975,,pluvio_dpcn,
Hlat=4215690,42.15690,14.00970,,pluvio_dpcn,
Hlat=4216945,42.16945,11.76250,,pluvio_dpcn,
Hlat=4216945,42.16945,12.66083,,pluvio_dpcn,
Hlat=4217472,42.17472,13.95472,,pluvio_dpcn,
Hlat=4218639,42.18639,11.79639,,pluvio_dpcn,
Hlat=4218639,42.18639,13.22028,,pluvio_dpcn,
Hlat=4218828,42.18828,14.21503,,pluvio_dpcn,
Hlat=4218996,42.18996,14.09939,,pluvio_dpcn,
Hlat=4219947,42.19947,14.50459,,pluvio_dpcn,
Hlat=4220333,42.20333,12.01694,,pluvio_dpcn,
Hlat=4220333,42.20333,12.47444,,pluvio_dpcn,
Hlat=4220333,42.20333,12.89806,,pluvio_dpcn,
Hlat=4221414,42.21414,13.82234,,pluvio_dpcn,
Hlat=4221819,42.21819,14.38847,,pluvio_dpcn,
Hlat=4222028,42.22028,12.62694,,pluvio_dpcn,
Hlat=4222101,42.22101,13.77993,,pluvio_dpcn,
Hlat=4222197,42.22197,14.14231,,pluvio_dpcn,
Hlat=4223330,42.23330,12.61670,,pluvio_dpcn,
Hlat=4223722,42.23722,12.22028,,pluvio_dpcn,
Hlat=4223722,42.23722,12.33889,,pluvio_dpcn,
Hlat=4223722,42.23722,12.81333,,pluvio_dpcn,
Hlat=4223722,42.23722,12.94889,,pluvio_dpcn,
Hlat=4224806,42.24806,13.56731,,pluvio_dpcn,
Hlat=4225000,42.25000,12.05000,,pluvio_dpcn,
Hlat=4225100,42.25100,13.88653,,pluvio_dpcn,
Hlat=4225417,42.25417,11.74556,,pluvio_dpcn,
Hlat=4225417,42.25417,12.03389,,pluvio_dpcn,
Hlat=4225417,42.25417,12.76250,,pluvio_dpcn,
Hlat=4227085,42.27085,14.01303,,pluvio_dpcn,
Hlat=4227111,42.27111,11.91500,,pluvio_dpcn,
Hlat=4227111,42.27111,12.55917,,pluvio_dpcn,
Hlat=4227111,42.27111,12.69472,,pluvio_dpcn,
Hlat=4227111,42.27111,13.13556,,pluvio_dpcn,
Hlat=4228241,42.28241,14.43672,,pluvio_dpcn,
Hlat=4228666,42.28666,14.47500,,pluvio_dpcn,
Hlat=4228806,42.28806,12.20333,,pluvio_dpcn,
Hlat=4228806,42.28806,12.42361,,pluvio_dpcn,
Hlat=4228806,42.28806,12.91500,,pluvio_dpcn,
Hlat=4229064,42.29064,13.28956,,pluvio_dpcn,
Hlat=4229544,42.29544,13.98517,,pluvio_dpcn,
Hlat=4230854,42.30854,14.23437,,pluvio_dpcn,
Hlat=4232195,42.32195,11.64389,,pluvio_dpcn,
Hlat=4232195,42.32195,12.08472,,pluvio_dpcn,
Hlat=4232195,42.32195,12.99972,,pluvio_dpcn,
Hlat=4232369,42.32369,13.57389,,pluvio_dpcn,
Hlat=4233250,42.33250,10.29110,,pluvio_dpcn,
Hlat=4233349,42.33349,13.77944,,pluvio_dpcn,
Hlat=4233397,42.33397,13.86250,,pluvio_dpcn,
Hlat=4233413,42.33413,13.42869,,pluvio_dpcn,
Hlat=4234183,42.34183,14.11185,,pluvio_dpcn,
Hlat=4234614,42.34614,13.94533,,pluvio_dpcn,
Hlat=4234911,42.34911,14.39181,,pluvio_dpcn,
Hlat=4235583,42.35583,11.59306,,pluvio_dpcn,
Hlat=4235583,42.35583,12.33889,,pluvio_dpcn,
Hlat=4235583,42.35583,12.45750,,pluvio_dpcn,
Hlat=4235583,42.35583,12.76250,,pluvio_dpcn,
Hlat=4235583,42.35583,13.00000,,pluvio_dpcn,
Hlat=4235662,42.35662,13.37456,,pluvio_dpcn,
Hlat=4235667,42.35667,13.37444,,pluvio_dpcn,
Hlat=4235838,42.35838,10.90670,,pluvio_dpcn,
Hlat=4236584,42.36584,13.72718,,pluvio_dpcn,
Hlat=4237192,42.37192,13.26194,,pluvio_dpcn,
Hlat=4237278,42.37278,11.55917,,pluvio_dpcn,
Hlat=4237278,42.37278,11.79639,,pluvio_dpcn,
Hlat=4237278,42.37278,12.55917,,pluvio_dpcn,
Hlat=4237278,42.37278,12.69472,,pluvio_dpcn,
Hlat=4237699,42.37699,14.18311,,pluvio_dpcn,
Hlat=4238506,42.38506,11.16851,,pluvio_dpcn,
Hlat=4238972,42.38972,11.93194,,pluvio_dpcn,
Hlat=4238972,42.38972,12.96583,,pluvio_dpcn,
Hlat=4240540,42.40540,11.39157,,pluvio_dpcn,
Hlat=4240667,42.40667,11.62694,,pluvio_dpcn,
Hlat=4240667,42.40667,11.88111,,pluvio_dpcn,
Hlat=4240667,42.40667,12.88111,,pluvio_dpcn,
Hlat=4241964,42.41964,13.51814,,pluvio_dpcn,
Hlat=4242223,42.42223,14.27678,,pluvio_dpcn,
Hlat=4242361,42.42361,12.10167,,pluvio_dpcn,
Hlat=4242361,42.42361,12.20333,,pluvio_dpcn,
Hlat=4242361,42.42361,12.23722,,pluvio_dpcn,
Hlat=4242361,42.42361,12.66083,,pluvio_dpcn,
Hlat=4242371,42.42371,14.16275,,pluvio_dpcn,
Hlat=4242865,42.42865,13.31740,,pluvio_dpcn,
Hlat=4244011,42.44011,13.91503,,pluvio_dpcn,
Hlat=4244056,42.44056,12.93194,,pluvio_dpcn,
Hlat=4244331,42.44331,12.40879,,pluvio_dpcn,
Hlat=4244383,42.44383,13.55781,,pluvio_dpcn,
Hlat=4244962,42.44962,14.24236,,pluvio_dpcn,
Hlat=4245750,42.45750,11.74556,,pluvio_dpcn,
Hlat=4245750,42.45750,12.99972,,pluvio_dpcn,
Hlat=4245750,42.45750,13.05083,,pluvio_dpcn,
Hlat=4246722,42.46722,12.43500,,pluvio_dpcn,
Hlat=4246878,42.46878,14.19443,,pluvio_dpcn,
Hlat=4249139,42.49139,12.79639,,pluvio_dpcn,
Hlat=4250010,42.50010,13.79801,,pluvio_dpcn,
Hlat=4252528,42.52528,12.01694,,pluvio_dpcn,
Hlat=4252528,42.52528,12.86417,,pluvio_dpcn,
Hlat=4252528,42.52528,13.10167,,pluvio_dpcn,
Hlat=4252620,42.52620,13.24139,,pluvio_dpcn,
Hlat=4252805,42.52805,14.12835,,pluvio_dpcn,
Hlat=4253227,42.53227,12.77353,,pluvio_dpcn,
Hlat=4253614,42.53614,13.40639,,pluvio_dpcn,
Hlat=4254222,42.54222,11.64389,,pluvio_dpcn,
Hlat=4254222,42.54222,11.93194,,pluvio_dpcn,
Hlat=4254417,42.54417,11.33642,,pluvio_dpcn,
Hlat=4254844,42.54844,13.47781,,pluvio_dpcn,
Hlat=4255111,42.55111,12.54278,,pluvio_dpcn,
Hlat=4255641,42.55641,13.63203,,pluvio_dpcn,
Hlat=4255695,42.55695,12.41694,,pluvio_dpcn,
Hlat=4255753,42.55753,11.23858,,pluvio_dpcn,
Hlat=4255867,42.55867,13.34030,,pluvio_dpcn,
Hlat=4255917,42.55917,11.76250,,pluvio_dpcn,
Hlat=4255917,42.55917,11.84722,,pluvio_dpcn,
Hlat=4255967,42.55967,12.65037,,pluvio_dpcn,
Hlat=4257254,42.57254,13.99827,,pluvio_dpcn,
Hlat=4257611,42.57611,12.20333,,pluvio_dpcn,
Hlat=4257611,42.57611,12.96583,,pluvio_dpcn,
Hlat=4257611,42.57611,13.01694,,pluvio_dpcn,
Hlat=4258152,42.58152,13.63838,,pluvio_dpcn,
Hlat=4259306,42.59306,12.15250,,pluvio_dpcn,
Hlat=4259306,42.59306,13.15250,,pluvio_dpcn,
Hlat=4259361,42.59361,11.56500,,pluvio_dpcn,
Hlat=4260072,42.60072,11.51831,,pluvio_dpcn,
Hlat=4260810,42.60810,12.54280,,pluvio_dpcn,
Hlat=4260886,42.60886,13.76857,,pluvio_dpcn,
Hlat=4260889,42.60889,12.54056,,pluvio_dpcn,
Hlat=4261369,42.61369,11.25500,,pluvio_dpcn,
Hlat=4262424,42.62424,13.92120,,pluvio_dpcn,
Hlat=4262695,42.62695,12.10167,,pluvio_dpcn,
Hlat=4262962,42.62962,13.29463,,pluvio_dpcn,
Hlat=4264242,42.64242,11.42539,,pluvio_dpcn,
Hlat=4264667,42.64667,12.94889,,pluvio_dpcn,
Hlat=4264695,42.64695,12.77361,,pluvio_dpcn,
Hlat=4264742,42.64742,13.60281,,pluvio_dpcn,
Hlat=4265479,42.65479,13.71730,,pluvio_dpcn,
Hlat=4265937,42.65937,11.01597,,pluvio_dpcn,
Hlat=4266083,42.66083,11.98278,,pluvio_dpcn,
Hlat=4267028,42.67028,12.65417,,pluvio_dpcn,
Hlat=4267750,42.67750,12.43694,,pluvio_dpcn,
Hlat=4268139,42.68139,12.34778,,pluvio_dpcn,
Hlat=4269067,42.69067,11.54636,,pluvio_dpcn,
Hlat=4269378,42.69378,11.33019,,pluvio_dpcn,
Hlat=4269802,42.69802,13.87540,,pluvio_dpcn,
Hlat=4270399,42.70399,11.14354,,pluvio_dpcn,
Hlat=4270694,42.70694,12.50528,,pluvio_dpcn,
Hlat=4270713,42.70713,12.26381,,pluvio_dpcn,
Hlat=4271305,42.71305,11.63083,,pluvio_dpcn,
Hlat=4271611,42.71611,12.10639,,pluvio_dpcn,
Hlat=4271639,42.71639,13.03111,,pluvio_dpcn,
Hlat=4271861,42.71861,11.49089,,pluvio_dpcn,
Hlat=4272426,42.72426,12.14214,,pluvio_dpcn,
Hlat=4272508,42.72508,12.13591,,pluvio_dpcn,
Hlat=4272972,42.72972,13.69167,,pluvio_dpcn,
Hlat=4273098,42.73098,11.59651,,pluvio_dpcn,
Hlat=4273742,42.73742,13.40658,,pluvio_dpcn,
Hlat=4273848,42.73848,13.23818,,pluvio_dpcn,
Hlat=4275000,42.75000,12.67111,,pluvio_dpcn,
Hlat=4275000,42.75000,13.19444,,pluvio_dpcn,
Hlat=4275169,42.75169,12.85084,,pluvio_dpcn,
Hlat=4275500,42.75500,12.73861,,pluvio_dpcn,
Hlat=4276250,42.76250,11.86417,,pluvio_dpcn,
Hlat=4276419,42.76419,11.16600,,pluvio_dpcn,
Hlat=4276690,42.76690,11.01489,,pluvio_dpcn,
Hlat=4276832,42.76832,13.40897,,pluvio_dpcn,
Hlat=4277278,42.77278,12.03900,,pluvio_dpcn,
Hlat=4277333,42.77333,13.66765,,pluvio_dpcn,
Hlat=4277472,42.77472,12.52389,,pluvio_dpcn,
Hlat=4277545,42.77545,13.95191,,pluvio_dpcn,
Hlat=4277694,42.77694,12.40500,,pluvio_dpcn,
Hlat=4277782,42.77782,13.29545,,pluvio_dpcn,
Hlat=4277861,42.77861,13.70528,,pluvio_dpcn,
Hlat=4278221,42.78221,10.26916,,pluvio_dpcn,
Hlat=4278639,42.78639,11.50550,,pluvio_dpcn,
Hlat=4278712,42.78712,11.17470,,pluvio_dpcn,
Hlat=4278806,42.78806,12.59444,,pluvio_dpcn,
Hlat=4278861,42.78861,13.09944,,pluvio_dpcn,
Hlat=4279042,42.79042,12.11868,,pluvio_dpcn,
Hlat=4279557,42.79557,11.40661,,pluvio_dpcn,
Hlat=4279574,42.79574,10.36010,,pluvio_dpcn,
Hlat=4279575,42.79575,10.36011,,pluvio_dpcn,
Hlat=4279588,42.79588,13.75858,,pluvio_dpcn,
Hlat=4280278,42.80278,13.01472,,pluvio_dpcn,
Hlat=4280481,42.80481,11.30319,,pluvio_dpcn,
Hlat=4282000,42.82000,12.68833,,pluvio_dpcn,
Hlat=4282670,42.82670,12.75892,,pluvio_dpcn,
Hlat=4283738,42.83738,13.30880,,pluvio_dpcn,
Hlat=4283805,42.83805,12.30000,,pluvio_dpcn,
Hlat=4284965,42.84965,13.53753,,pluvio_dpcn,
Hlat=4285223,42.85223,13.65146,,pluvio_dpcn,
Hlat=4285459,42.85459,11.55586,,pluvio_dpcn,
Hlat=4285460,42.85460,11.55587,,pluvio_dpcn,
Hlat=4285937,42.85937,13.77547,,pluvio_dpcn,
Hlat=4286750,42.86750,12.55833,,pluvio_dpcn,
Hlat=4286917,42.86917,11.16706,,pluvio_dpcn,
Hlat=4287360,42.87360,13.20500,,pluvio_dpcn,
Hlat=4287556,42.87556,12.20056,,pluvio_dpcn,
Hlat=4288278,42.88278,11.66667,,pluvio_dpcn,
Hlat=4288298,42.88298,11.66159,,pluvio_dpcn,
Hlat=4288622,42.88622,13.16578,,pluvio_dpcn,
Hlat=4289342,42.89342,10.92739,,pluvio_dpcn,
Hlat=4289595,42.89595,12.02092,,pluvio_dpcn,
Hlat=4289970,42.89970,13.32530,,pluvio_dpcn,
Hlat=4290445,42.90445,13.13805,,pluvio_dpcn,
Hlat=4290522,42.90522,13.40683,,pluvio_dpcn,
Hlat=4291190,42.91190,13.18920,,pluvio_dpcn,
Hlat=4292007,42.92007,13.46413,,pluvio_dpcn,
Hlat=4292618,42.92618,13.09863,,pluvio_dpcn,
Hlat=4292949,42.92949,11.07935,,pluvio_dpcn,
Hlat=4292985,42.92985,12.40601,,pluvio_dpcn,
Hlat=4292996,42.92996,11.96869,,pluvio_dpcn,
Hlat=4293310,42.93310,10.76540,,pluvio_dpcn,
Hlat=4293330,42.93330,13.88920,,pluvio_dpcn,
Hlat=4293889,42.93889,12.02750,,pluvio_dpcn,
Hlat=4293981,42.93981,11.28439,,pluvio_dpcn,
Hlat=4294194,42.94194,12.28806,,pluvio_dpcn,
Hlat=4294360,42.94360,13.14250,,pluvio_dpcn,
Hlat=4294403,42.94403,12.63867,,pluvio_dpcn,
Hlat=4294992,42.94992,12.69172,,pluvio_dpcn,
Hlat=4295076,42.95076,11.43934,,pluvio_dpcn,
Hlat=4295089,42.95089,11.85258,,pluvio_dpcn,
Hlat=4295420,42.95420,13.56860,,pluvio_dpcn,
Hlat=4296060,42.96060,11.72798,,pluvio_dpcn,
Hlat=4296075,42.96075,11.61779,,pluvio_dpcn,
Hlat=4296280,42.96280,13.48970,,pluvio_dpcn,
Hlat=4296805,42.96805,13.71175,,pluvio_dpcn,
Hlat=4297552,42.97552,13.86875,,pluvio_dpcn,
Hlat=4297638,42.97638,13.35133,,pluvio_dpcn,
Hlat=4298133,42.98133,10.97872,,pluvio_dpcn,
Hlat=4298350,42.98350,11.36439,,pluvio_dpcn,
Hlat=4298368,42.98368,12.99405,,pluvio_dpcn,
Hlat=4298838,42.98838,10.48940,,pluvio_dpcn,
Hlat=4299110,42.99110,13.23920,,pluvio_dpcn,
Hlat=4299213,42.99213,13.78500,,pluvio_dpcn,
Hlat=4299405,42.99405,10.64339,,pluvio_dpcn,
Hlat=4299574,42.99574,12.58390,,pluvio_dpcn,
Hlat=4300139,43.00139,11.22250,,pluvio_dpcn,
Hlat=4300143,43.00143,11.22266,,pluvio_dpcn,
Hlat=4300670,43.00670,13.24170,,pluvio_dpcn,
Hlat=4300890,43.00890,12.42546,,pluvio_dpcn,
Hlat=4301064,43.01064,12.03136,,pluvio_dpcn,
Hlat=4301389,43.01389,12.27306,,pluvio_dpcn,
Hlat=4301812,43.01812,13.49602,,pluvio_dpcn,
Hlat=4301917,43.01917,10.61375,,pluvio_dpcn,
Hlat=4302117,43.02117,10.86487,,pluvio_dpcn,
Hlat=4302597,43.02597,13.64595,,pluvio_dpcn,
Hlat=4302715,43.02715,13.72412,,pluvio_dpcn,
Hlat=4302734,43.02734,11.58211,,pluvio_dpcn,
Hlat=4303055,43.03055,12.91750,,pluvio_dpcn,
Hlat=4303300,43.03300,11.06400,,pluvio_dpcn,
Hlat=4303470,43.03470,13.15600,,pluvio_dpcn,
Hlat=4304445,43.04445,12.65833,,pluvio_dpcn,
Hlat=4304889,43.04889,12.05917,,pluvio_dpcn,
Hlat=4305211,43.05211,11.49103,,pluvio_dpcn,
Hlat=4305247,43.05247,10.55572,,pluvio_dpcn,
Hlat=4305609,43.05609,10.61573,,pluvio_dpcn,
Hlat=4306102,43.06102,12.54195,,pluvio_dpcn,
Hlat=4306231,43.06231,11.32269,,pluvio_dpcn,
Hlat=4306399,43.06399,10.68454,,pluvio_dpcn,
Hlat=4306589,43.06589,11.72481,,pluvio_dpcn,
Hlat=4306755,43.06755,10.72236,,pluvio_dpcn,
Hlat=4306805,43.06805,12.69861,,pluvio_dpcn,
Hlat=4307053,43.07053,10.81442,,pluvio_dpcn,
Hlat=4307257,43.07257,13.08690,,pluvio_dpcn,
Hlat=4307582,43.07582,10.98507,,pluvio_dpcn,
Hlat=4308003,43.08003,13.28157,,pluvio_dpcn,
Hlat=4308453,43.08453,11.84632,,pluvio_dpcn,
Hlat=4308700,43.08700,13.00445,,pluvio_dpcn,
Hlat=4309108,43.09108,11.43854,,pluvio_dpcn,
Hlat=4309826,43.09826,10.53686,,pluvio_dpcn,
Hlat=4310267,43.10267,11.03883,,pluvio_dpcn,
Hlat=4310400,43.10400,13.39900,,pluvio_dpcn,
Hlat=4310500,43.10500,12.37194,,pluvio_dpcn,
Hlat=4310610,43.10610,13.59860,,pluvio_dpcn,
Hlat=4310639,43.10639,12.18444,,pluvio_dpcn,
Hlat=4310720,43.10720,12.43560,,pluvio_dpcn,
Hlat=4311273,43.11273,11.79370,,pluvio_dpcn,
Hlat=4311333,43.11333,12.78500,,pluvio_dpcn,
Hlat=4311361,43.11361,12.37667,,pluvio_dpcn,
Hlat=4311639,43.11639,12.13694,,pluvio_dpcn,
Hlat=4311957,43.11957,12.95295,,pluvio_dpcn,
Hlat=4312425,43.12425,10.63967,,pluvio_dpcn,
Hlat=4312556,43.12556,12.04028,,pluvio_dpcn,
Hlat=4312695,43.12695,12.43469,,pluvio_dpcn,
Hlat=4313925,43.13925,11.17806,,pluvio_dpcn,
Hlat=4314278,43.14278,10.97444,,pluvio_dpcn,
Hlat=4314310,43.14310,13.21917,,pluvio_dpcn,
Hlat=4314400,43.14400,12.56509,,pluvio_dpcn,
Hlat=4314608,43.14608,10.86261,,pluvio_dpcn,
Hlat=4314610,43.14610,13.06610,,pluvio_dpcn,
Hlat=4315492,43.15492,10.80747,,pluvio_dpcn,
Hlat=4315522,43.15522,11.64981,,pluvio_dpcn,
Hlat=4315750,43.15750,13.71440,,pluvio_dpcn,
Hlat=4315903,43.15903,12.97075,,pluvio_dpcn,
Hlat=4316000,43.16000,13.40360,,pluvio_dpcn,
Hlat=4316111,43.16111,11.95278,,pluvio_dpcn,
Hlat=4317436,43.17436,11.54383,,pluvio_dpcn,
Hlat=4317722,43.17722,12.65972,,pluvio_dpcn,
Hlat=4318000,43.18000,12.33833,,pluvio_dpcn,
Hlat=4318112,43.18112,12.97333,,pluvio_dpcn,
Hlat=4318306,43.18306,11.93236,,pluvio_dpcn,
Hlat=4318333,43.18333,12.14167,,pluvio_dpcn,
Hlat=4318740,43.18740,10.62666,,pluvio_dpcn,
Hlat=4318806,43.18806,12.59611,,pluvio_dpcn,
Hlat=4319405,43.19405,12.90042,,pluvio_dpcn,
Hlat=4320219,43.20219,10.73919,,pluvio_dpcn,
Hlat=4320286,43.20286,11.80361,,pluvio_dpcn,
Hlat=4320311,43.20311,11.07669,,pluvio_dpcn,
Hlat=4320432,43.20432,10.88057,,pluvio_dpcn,
Hlat=4320900,43.20900,11.18000,,pluvio_dpcn,
Hlat=4320922,43.20922,13.29552,,pluvio_dpcn,
Hlat=4321558,43.21558,10.98661,,pluvio_dpcn,
Hlat=4321902,43.21902,13.63792,,pluvio_dpcn,
Hlat=4322189,43.22189,10.59474,,pluvio_dpcn,
Hlat=4322954,43.22954,13.18845,,pluvio_dpcn,
Hlat=4323250,43.23250,13.37110,,pluvio_dpcn,
Hlat=4323261,43.23261,13.77223,,pluvio_dpcn,
Hlat=4324083,43.24083,12.78139,,pluvio_dpcn,
Hlat=4324296,43.24296,11.41671,,pluvio_dpcn,
Hlat=4324670,43.24670,12.11390,,pluvio_dpcn,
Hlat=4325313,43.25313,12.94332,,pluvio_dpcn,
Hlat=4325353,43.25353,10.94375,,pluvio_dpcn,
Hlat=4325814,43.25814,10.69181,,pluvio_dpcn,
Hlat=4325977,43.25977,12.38177,,pluvio_dpcn,
Hlat=4326028,43.26028,12.68083,,pluvio_dpcn,
Hlat=4326048,43.26048,10.59563,,pluvio_dpcn,
Hlat=4326080,43.26080,13.59000,,pluvio_dpcn,
Hlat=4326259,43.26259,11.69526,,pluvio_dpcn,
Hlat=4326917,43.26917,11.99625,,pluvio_dpcn,
Hlat=4327486,43.27486,12.08780,,pluvio_dpcn,
Hlat=4327631,43.27631,11.22989,,pluvio_dpcn,
Hlat=4328125,43.28125,10.80653,,pluvio_dpcn,
Hlat=4328472,43.28472,12.53056,,pluvio_dpcn,
Hlat=4329138,43.29138,11.07115,,pluvio_dpcn,
Hlat=4329214,43.29214,11.16711,,pluvio_dpcn,
Hlat=4329223,43.29223,13.41870,,pluvio_dpcn,
Hlat=4330500,43.30500,12.41917,,pluvio_dpcn,
Hlat=4330664,43.30664,10.92719,,pluvio_dpcn,
Hlat=4330846,43.30846,11.82485,,pluvio_dpcn,
Hlat=4331030,43.31030,12.82420,,pluvio_dpcn,
Hlat=4331139,43.31139,12.34833,,pluvio_dpcn,
Hlat=4331580,43.31580,13.18860,,pluvio_dpcn,
Hlat=4331861,43.31861,12.69500,,pluvio_dpcn,
Hlat=4331912,43.31912,13.05953,,pluvio_dpcn,
Hlat=4332050,43.32050,11.31242,,pluvio_dpcn,
Hlat=4332333,43.32333,10.66978,,pluvio_dpcn,
Hlat=4332726,43.32726,13.42604,,pluvio_dpcn,
Hlat=4332883,43.32883,11.55519,,pluvio_dpcn,
Hlat=4333027,43.33027,12.90403,,pluvio_dpcn,
Hlat=4333422,43.33422,10.85800,,pluvio_dpcn,
Hlat=4333905,43.33905,11.74225,,pluvio_dpcn,
Hlat=4334275,43.34275,11.92900,,pluvio_dpcn,
Hlat=4334667,43.34667,12.56583,,pluvio_dpcn,
Hlat=4334750,43.34750,12.15917,,pluvio_dpcn,
Hlat=4334990,43.34990,10.52170,,pluvio_dpcn,
Hlat=4335944,43.35944,12.23306,,pluvio_dpcn,
Hlat=4336223,43.36223,13.19233,,pluvio_dpcn,
Hlat=4336420,43.36420,13.34310,,pluvio_dpcn,
Hlat=4336528,43.36528,10.99033,,pluvio_dpcn,
Hlat=4336627,43.36627,11.15143,,pluvio_dpcn,
Hlat=4336786,43.36786,10.60278,,pluvio_dpcn,
Hlat=4336842,43.36842,13.07953,,pluvio_dpcn,
Hlat=4336993,43.36993,11.42334,,pluvio_dpcn,
Hlat=4337352,43.37352,11.89017,,pluvio_dpcn,
Hlat=4337500,43.37500,12.72917,,pluvio_dpcn,
Hlat=4338360,43.38360,13.59330,,pluvio_dpcn,
Hlat=4338703,43.38703,10.74292,,pluvio_dpcn,
Hlat=4338860,43.38860,13.04170,,pluvio_dpcn,
Hlat=4340000,43.40000,10.47000,,pluvio_dpcn,
Hlat=4340635,43.40635,12.98030,,pluvio_dpcn,
Hlat=4340640,43.40640,12.65890,,pluvio_dpcn,
Hlat=4340897,43.40897,10.86228,,pluvio_dpcn,
Hlat=4340940,43.40940,13.43690,,pluvio_dpcn,
Hlat=4340994,43.40994,10.67061,,pluvio_dpcn,
Hlat=4341042,43.41042,10.57283,,pluvio_dpcn,
Hlat=4341467,43.41467,11.51681,,pluvio_dpcn,
Hlat=4341521,43.41521,13.65162,,pluvio_dpcn,
Hlat=4342083,43.42083,11.97925,,pluvio_dpcn,
Hlat=4342498,43.42498,12.85635,,pluvio_dpcn,
Hlat=4342631,43.42631,09.89365,,pluvio_dpcn,
Hlat=4342694,43.42694,12.36167,,pluvio_dpcn,
Hlat=4343195,43.43195,12.46111,,pluvio_dpcn,
Hlat=4343372,43.43372,12.90434,,pluvio_dpcn,
Hlat=4343456,43.43456,10.72511,,pluvio_dpcn,
Hlat=4343578,43.43578,13.61955,,pluvio_dpcn,
Hlat=4343580,43.43580,13.35110,,pluvio_dpcn,
Hlat=4343623,43.43623,11.34610,,pluvio_dpcn,
Hlat=4343644,43.43644,11.64886,,pluvio_dpcn,
Hlat=4343805,43.43805,13.53805,,pluvio_dpcn,
Hlat=4344183,43.44183,10.95336,,pluvio_dpcn,
Hlat=4344538,43.44538,13.11565,,pluvio_dpcn,
Hlat=4345083,43.45083,11.53103,,pluvio_dpcn,
Hlat=4345550,43.45550,10.83019,,pluvio_dpcn,
Hlat=4345667,43.45667,12.23833,,pluvio_dpcn,
Hlat=4346707,43.46707,12.64052,,pluvio_dpcn,
Hlat=4347110,43.47110,12.72640,,pluvio_dpcn,
Hlat=4347128,43.47128,11.04144,,pluvio_dpcn,
Hlat=4347131,43.47131,11.97487,,pluvio_dpcn,
Hlat=4347136,43.47136,11.12897,,pluvio_dpcn,
Hlat=4347194,43.47194,11.89236,,pluvio_dpcn,
Hlat=4347232,43.47232,10.56491,,pluvio_dpcn,
Hlat=4347312,43.47312,11.28844,,pluvio_dpcn,
Hlat=4347547,43.47547,13.59435,,pluvio_dpcn,
Hlat=4347560,43.47560,13.38844,,pluvio_dpcn,
Hlat=4347956,43.47956,10.34769,,pluvio_dpcn,
Hlat=4348586,43.48586,11.37914,,pluvio_dpcn,
Hlat=4348944,43.48944,12.10528,,pluvio_dpcn,
Hlat=4349232,43.49232,13.50175,,pluvio_dpcn,
Hlat=4349617,43.49617,13.12579,,pluvio_dpcn,
Hlat=4349667,43.49667,12.16083,,pluvio_dpcn,
Hlat=4349750,43.49750,12.93670,,pluvio_dpcn,
Hlat=4350806,43.50806,12.23167,,pluvio_dpcn,
Hlat=4351176,43.51176,11.23584,,pluvio_dpcn,
Hlat=4351215,43.51215,12.55335,,pluvio_dpcn,
Hlat=4351530,43.51530,12.62183,,pluvio_dpcn,
Hlat=4351592,43.51592,12.35595,,pluvio_dpcn,
Hlat=4352089,43.52089,10.40381,,pluvio_dpcn,
Hlat=4352700,43.52700,10.61300,,pluvio_dpcn,
Hlat=4353011,43.53011,10.92778,,pluvio_dpcn,
Hlat=4353032,43.53032,13.10827,,pluvio_dpcn,
Hlat=4353190,43.53190,13.23000,,pluvio_dpcn,
Hlat=4353366,43.53366,11.74436,,pluvio_dpcn,
Hlat=4353470,43.53470,13.05640,,pluvio_dpcn,
Hlat=4354083,43.54083,11.56603,,pluvio_dpcn,
Hlat=4354179,43.54179,10.64942,,pluvio_dpcn,
Hlat=4354330,43.54330,13.38060,,pluvio_dpcn,
Hlat=4354467,43.54467,11.03489,,pluvio_dpcn,
Hlat=4354619,43.54619,10.29964,,pluvio_dpcn,
Hlat=4354680,43.54680,12.64387,,pluvio_dpcn,
Hlat=4354828,43.54828,12.48647,,pluvio_dpcn,
Hlat=4354900,43.54900,11.35700,,pluvio_dpcn,
Hlat=4355328,43.55328,12.52087,,pluvio_dpcn,
Hlat=4355930,43.55930,12.09740,,pluvio_dpcn,
Hlat=4356204,43.56204,12.43040,,pluvio_dpcn,
Hlat=4356349,43.56349,10.79956,,pluvio_dpcn,
Hlat=4356863,43.56863,12.84411,,pluvio_dpcn,
Hlat=4357200,43.57200,11.16300,,pluvio_dpcn,
Hlat=4357445,43.57445,13.52388,,pluvio_dpcn,
Hlat=4357919,43.57919,11.90647,,pluvio_dpcn,
Hlat=4358027,43.58027,13.02907,,pluvio_dpcn,
Hlat=4358378,43.58378,11.54218,,pluvio_dpcn,
Hlat=4358400,43.58400,10.46700,,pluvio_dpcn,
Hlat=4358673,43.58673,12.51520,,pluvio_dpcn,
Hlat=4358805,43.58805,12.04667,,pluvio_dpcn,
Hlat=4358989,43.58989,10.54268,,pluvio_dpcn,
Hlat=4359125,43.59125,11.60461,,pluvio_dpcn,
Hlat=4359195,43.59195,10.68436,,pluvio_dpcn,
Hlat=4359496,43.59496,11.23399,,pluvio_dpcn,
Hlat=4359983,43.59983,10.35208,,pluvio_dpcn,
Hlat=4360356,43.60356,10.96831,,pluvio_dpcn,
Hlat=4360500,43.60500,12.95333,,pluvio_dpcn,
Hlat=4361030,43.61030,13.50830,,pluvio_dpcn,
Hlat=4361095,43.61095,13.44980,,pluvio_dpcn,
Hlat=4361253,43.61253,11.42717,,pluvio_dpcn,
Hlat=4361497,43.61497,11.81283,,pluvio_dpcn,
Hlat=4361742,43.61742,11.13500,,pluvio_dpcn,
Hlat=4361919,43.61919,11.65297,,pluvio_dpcn,
Hlat=4362810,43.62810,12.75872,,pluvio_dpcn,
Hlat=4362819,43.62819,12.68448,,pluvio_dpcn,
Hlat=4362947,43.62947,13.37233,,pluvio_dpcn,
Hlat=4363194,43.63194,10.85083,,pluvio_dpcn,
Hlat=4363792,43.63792,10.39086,,pluvio_dpcn,
Hlat=4364630,43.64630,13.34047,,pluvio_dpcn,
Hlat=4364800,43.64800,11.26417,,pluvio_dpcn,
Hlat=4364997,43.64997,11.55517,,pluvio_dpcn,
Hlat=4365139,43.65139,10.58789,,pluvio_dpcn,
Hlat=4365342,43.65342,12.55213,,pluvio_dpcn,
Hlat=4365467,43.65467,11.39642,,pluvio_dpcn,
Hlat=4366050,43.66050,13.04638,,pluvio_dpcn,
Hlat=4366254,43.66254,13.16497,,pluvio_dpcn,
Hlat=4366414,43.66414,11.31469,,pluvio_dpcn,
Hlat=4366490,43.66490,13.01444,,pluvio_dpcn,
Hlat=4366522,43.66522,10.63119,,pluvio_dpcn,
Hlat=4366553,43.66553,11.04076,,pluvio_dpcn,
Hlat=4366678,43.66678,12.41020,,pluvio_dpcn,
Hlat=4366784,43.66784,10.74572,,pluvio_dpcn,
Hlat=4366892,43.66892,12.04278,,pluvio_dpcn,
Hlat=4367330,43.67330,12.10123,,pluvio_dpcn,
Hlat=4367776,43.67776,10.89247,,pluvio_dpcn,
Hlat=4368000,43.68000,10.59000,,pluvio_dpcn,
Hlat=4368000,43.68000,10.83000,,pluvio_dpcn,
Hlat=4368067,43.68067,10.28067,,pluvio_dpcn,
Hlat=4368225,43.68225,11.75117,,pluvio_dpcn,
Hlat=4368252,43.68252,12.79840,,pluvio_dpcn,
Hlat=4368750,43.68750,12.13389,,pluvio_dpcn,
Hlat=4368981,43.68981,11.45600,,pluvio_dpcn,
Hlat=4369086,43.69086,10.92192,,pluvio_dpcn,
Hlat=4369260,43.69260,12.76750,,pluvio_dpcn,
Hlat=4370090,43.70090,12.28445,,pluvio_dpcn,
Hlat=4370103,43.70103,13.20577,,pluvio_dpcn,
Hlat=4370686,43.70686,11.93136,,pluvio_dpcn,
Hlat=4371200,43.71200,11.83019,,pluvio_dpcn,
Hlat=4371214,43.71214,10.41244,,pluvio_dpcn,
Hlat=4371861,43.71861,11.03628,,pluvio_dpcn,
Hlat=4372330,43.72330,12.63690,,pluvio_dpcn,
Hlat=4372417,43.72417,10.94606,,pluvio_dpcn,
Hlat=4373158,43.73158,11.55725,,pluvio_dpcn,
Hlat=4373426,43.73426,11.78137,,pluvio_dpcn,
Hlat=4373750,43.73750,12.96922,,pluvio_dpcn,
Hlat=4374022,43.74022,11.62050,,pluvio_dpcn,
Hlat=4374198,43.74198,10.89366,,pluvio_dpcn,
Hlat=4374540,43.74540,10.55375,,pluvio_dpcn,
Hlat=4374958,43.74958,13.17091,,pluvio_dpcn,
Hlat=4375737,43.75737,12.56287,,pluvio_dpcn,
Hlat=4375863,43.75863,12.35700,,pluvio_dpcn,
Hlat=4376014,43.76014,11.19375,,pluvio_dpcn,
Hlat=4376257,43.76257,12.96747,,pluvio_dpcn,
Hlat=4376735,43.76735,11.04973,,pluvio_dpcn,
Hlat=4376771,43.76771,11.04835,,pluvio_dpcn,
Hlat=4376919,43.76919,10.38272,,pluvio_dpcn,
Hlat=4377158,43.77158,11.42306,,pluvio_dpcn,
Hlat=4377308,43.77308,11.09303,,pluvio_dpcn,
Hlat=4377406,43.77406,10.65692,,pluvio_dpcn,
Hlat=4377430,43.77430,11.18232,,pluvio_dpcn,
Hlat=4377583,43.77583,12.09222,,pluvio_dpcn,
Hlat=4377827,43.77827,10.58834,,pluvio_dpcn,
Hlat=4378000,43.78000,11.26000,,pluvio_dpcn,
Hlat=4378042,43.78042,10.39900,,pluvio_dpcn,
Hlat=4378058,43.78058,12.34062,,pluvio_dpcn,
Hlat=4378125,43.78125,10.27003,,pluvio_dpcn,
Hlat=4378148,43.78148,12.70724,,pluvio_dpcn,
Hlat=4378420,43.78420,12.29630,,pluvio_dpcn,
Hlat=4378467,43.78467,11.58539,,pluvio_dpcn,
Hlat=4378561,43.78561,10.95944,,pluvio_dpcn,
Hlat=4378777,43.78777,07.61211,,pluvio_dpcn,
Hlat=4379055,43.79055,12.13194,,pluvio_dpcn,
Hlat=4379226,43.79226,10.52132,,pluvio_dpcn,
Hlat=4379330,43.79330,07.61888,,pluvio_dpcn,
Hlat=4379424,43.79424,12.61880,,pluvio_dpcn,
Hlat=4379428,43.79428,11.87703,,pluvio_dpcn,
Hlat=4379600,43.79600,11.41300,,pluvio_dpcn,
Hlat=4379875,43.79875,11.25122,,pluvio_dpcn,
Hlat=4380088,43.80088,12.32015,,pluvio_dpcn,
Hlat=4380367,43.80367,11.70256,,pluvio_dpcn,
Hlat=4380856,43.80856,12.51255,,pluvio_dpcn,
Hlat=4381033,43.81033,11.81617,,pluvio_dpcn,
Hlat=4381755,43.81755,12.23480,,pluvio_dpcn,
Hlat=4381773,43.81773,12.26745,,pluvio_dpcn,
Hlat=4381878,43.81878,10.41428,,pluvio_dpcn,
Hlat=4381917,43.81917,10.82608,,pluvio_dpcn,
Hlat=4381922,43.81922,11.16806,,pluvio_dpcn,
Hlat=4381972,43.81972,12.27417,,pluvio_dpcn,
Hlat=4382265,43.82265,07.78625,,pluvio_dpcn,
Hlat=4382704,43.82704,13.05262,,pluvio_dpcn,
Hlat=4382756,43.82756,07.69850,,pluvio_dpcn,
Hlat=4382969,43.82969,10.46981,,pluvio_dpcn,
Hlat=4383028,43.83028,10.55728,,pluvio_dpcn,
Hlat=4383103,43.83103,07.54322,,pluvio_dpcn,
Hlat=4383164,43.83164,11.70131,,pluvio_dpcn,
Hlat=4383225,43.83225,10.30711,,pluvio_dpcn,
Hlat=4383697,43.83697,11.66992,,pluvio_dpcn,
Hlat=4383958,43.83958,11.31144,,pluvio_dpcn,
Hlat=4384000,43.84000,12.89470,,pluvio_dpcn,
Hlat=4384186,43.84186,10.51083,,pluvio_dpcn,
Hlat=4384286,43.84286,10.65396,,pluvio_dpcn,
Hlat=4384342,43.84342,12.59110,,pluvio_dpcn,
Hlat=4384505,43.84505,10.90764,,pluvio_dpcn,
Hlat=4384601,43.84601,07.62104,,pluvio_dpcn,
Hlat=4384694,43.84694,12.03667,,pluvio_dpcn,
Hlat=4384811,43.84811,11.40269,,pluvio_dpcn,
Hlat=4384875,43.84875,11.27553,,pluvio_dpcn,
Hlat=4384982,43.84982,12.76422,,pluvio_dpcn,
Hlat=4385178,43.85178,12.78680,,pluvio_dpcn,
Hlat=4385221,43.85221,13.00840,,pluvio_dpcn,
Hlat=4385263,43.85263,07.92859,,pluvio_dpcn,
Hlat=4386092,43.86092,11.15503,,pluvio_dpcn,
Hlat=4386497,43.86497,10.43317,,pluvio_dpcn,
Hlat=4386769,43.86769,10.25942,,pluvio_dpcn,
Hlat=4387110,43.87110,12.49560,,pluvio_dpcn,
Hlat=4387184,43.87184,10.24034,,pluvio_dpcn,
Hlat=4387320,43.87320,07.54478,,pluvio_dpcn,
Hlat=4387347,43.87347,10.37883,,pluvio_dpcn,
Hlat=4387686,43.87686,11.44753,,pluvio_dpcn,
Hlat=4387957,43.87957,08.01652,,pluvio_dpcn,
Hlat=4387968,43.87968,07.77388,,pluvio_dpcn,
Hlat=4388000,43.88000,11.00000,,pluvio_dpcn,
Hlat=4388164,43.88164,10.48444,,pluvio_dpcn,
Hlat=4388390,43.88390,12.52890,,pluvio_dpcn,
Hlat=4388553,43.88553,11.09931,,pluvio_dpcn,
Hlat=4388603,43.88603,11.52519,,pluvio_dpcn,
Hlat=4388859,43.88859,07.60177,,pluvio_dpcn,
Hlat=4389060,43.89060,12.86940,,pluvio_dpcn,
Hlat=4389242,43.89242,10.77133,,pluvio_dpcn,
Hlat=4389444,43.89444,12.19167,,pluvio_dpcn,
Hlat=4389592,43.89592,10.24189,,pluvio_dpcn,
Hlat=4390445,43.90445,11.90222,,pluvio_dpcn,
Hlat=4390463,43.90463,07.73328,,pluvio_dpcn,
Hlat=4390590,43.90590,07.95150,,pluvio_dpcn,
Hlat=4390601,43.90601,10.59283,,pluvio_dpcn,
Hlat=4390758,43.90758,12.89751,,pluvio_dpcn,
Hlat=4390817,43.90817,11.27511,,pluvio_dpcn,
Hlat=4391182,43.91182,12.64293,,pluvio_dpcn,
Hlat=4391368,43.91368,10.50197,,pluvio_dpcn,
Hlat=4391862,43.91862,07.69454,,pluvio_dpcn,
Hlat=4391987,43.91987,08.06768,,pluvio_dpcn,
Hlat=4391997,43.91997,10.36986,,pluvio_dpcn,
Hlat=4392278,43.92278,10.89358,,pluvio_dpcn,
Hlat=4392286,43.92286,11.12708,,pluvio_dpcn,
Hlat=4392361,43.92361,11.77556,,pluvio_dpcn,
Hlat=4392361,43.92361,11.95861,,pluvio_dpcn,
Hlat=4392860,43.92860,12.71250,,pluvio_dpcn,
Hlat=4392908,43.92908,10.51542,,pluvio_dpcn,
Hlat=4393074,43.93074,07.84202,,pluvio_dpcn,
Hlat=4393209,43.93209,07.65607,,pluvio_dpcn,
Hlat=4393330,43.93330,08.00070,,pluvio_dpcn,
Hlat=4393347,43.93347,10.61317,,pluvio_dpcn,
Hlat=4393364,43.93364,10.28103,,pluvio_dpcn,
Hlat=4393960,43.93960,07.60808,,pluvio_dpcn,
Hlat=4394472,43.94472,11.21361,,pluvio_dpcn,
Hlat=4394722,43.94722,12.07861,,pluvio_dpcn,
Hlat=4394833,43.94833,11.61778,,pluvio_dpcn,
Hlat=4395170,43.95170,12.53640,,pluvio_dpcn,
Hlat=4395233,43.95233,10.42267,,pluvio_dpcn,
Hlat=4395369,43.95369,10.82311,,pluvio_dpcn,
Hlat=4395778,43.95778,12.73889,,pluvio_dpcn,
Hlat=4395786,43.95786,11.38978,,pluvio_dpcn,
Hlat=4395906,43.95906,11.06989,,pluvio_dpcn,
Hlat=4396278,43.96278,11.14656,,pluvio_dpcn,
Hlat=4396303,43.96303,11.53956,,pluvio_dpcn,
Hlat=4396483,43.96483,11.14720,,pluvio_dpcn,
Hlat=4396522,43.96522,11.32817,,pluvio_dpcn,
Hlat=4396653,43.96653,12.42837,,pluvio_dpcn,
Hlat=4396878,43.96878,10.71642,,pluvio_dpcn,
Hlat=4396892,43.96892,10.33603,,pluvio_dpcn,
Hlat=4397231,43.97231,10.75564,,pluvio_dpcn,
Hlat=4397244,43.97244,10.18475,,pluvio_dpcn,
Hlat=4397713,43.97713,07.95315,,pluvio_dpcn,
Hlat=4397861,43.97861,12.40500,,pluvio_dpcn,
Hlat=4397923,43.97923,08.10363,,pluvio_dpcn,
Hlat=4397978,43.97978,10.55153,,pluvio_dpcn,
Hlat=4398105,43.98105,12.40582,,pluvio_dpcn,
Hlat=4398131,43.98131,07.86667,,pluvio_dpcn,
Hlat=4398152,43.98152,07.69983,,pluvio_dpcn,
Hlat=4398347,43.98347,11.23728,,pluvio_dpcn,
Hlat=4398533,43.98533,10.31472,,pluvio_dpcn,
Hlat=4398600,43.98600,11.39000,,pluvio_dpcn,
Hlat=4399120,43.99120,10.96414,,pluvio_dpcn,
Hlat=4399183,43.99183,10.25192,,pluvio_dpcn,
Hlat=4399291,43.99291,10.20943,,pluvio_dpcn,
Hlat=4399445,43.99445,11.94639,,pluvio_dpcn,
Hlat=4399451,43.99451,07.76242,,pluvio_dpcn,
Hlat=4399631,43.99631,10.36336,,pluvio_dpcn,
Hlat=4399722,43.99722,12.16944,,pluvio_dpcn,
Hlat=4399967,43.99967,10.43219,,pluvio_dpcn,
Hlat=4400203,44.00203,10.55742,,pluvio_dpcn,
Hlat=4400505,44.00505,10.27147,,pluvio_dpcn,
Hlat=4400624,44.00624,08.16930,,pluvio_dpcn,
Hlat=4400653,44.00653,08.03517,,pluvio_dpcn,
Hlat=4400706,44.00706,11.27122,,pluvio_dpcn,
Hlat=4400836,44.00836,11.43556,,pluvio_dpcn,
Hlat=4400847,44.00847,10.80406,,pluvio_dpcn,
Hlat=4400956,44.00956,10.31919,,pluvio_dpcn,
Hlat=4401331,44.01331,10.89775,,pluvio_dpcn,
Hlat=4401981,44.01981,10.53517,,pluvio_dpcn,
Hlat=4402058,44.02058,11.33733,,pluvio_dpcn,
Hlat=4402144,44.02144,11.07981,,pluvio_dpcn,
Hlat=4402327,44.02327,11.02527,,pluvio_dpcn,
Hlat=4402369,44.02369,10.22847,,pluvio_dpcn,
Hlat=4402853,44.02853,10.27586,,pluvio_dpcn,
Hlat=4402892,44.02892,10.36053,,pluvio_dpcn,
Hlat=4402917,44.02917,11.80556,,pluvio_dpcn,
Hlat=4403014,44.03014,10.17183,,pluvio_dpcn,
Hlat=4403181,44.03181,11.46781,,pluvio_dpcn,
Hlat=4403248,44.03248,10.59911,,pluvio_dpcn,
Hlat=4403333,44.03333,12.04444,,pluvio_dpcn,
Hlat=4403444,44.03444,12.50028,,pluvio_dpcn,
Hlat=4403455,44.03455,12.50050,,pluvio_dpcn,
Hlat=4403911,44.03911,10.24631,,pluvio_dpcn,
Hlat=4404110,44.04110,11.98190,,pluvio_dpcn,
Hlat=4404158,44.04158,10.83253,,pluvio_dpcn,
Hlat=4404202,44.04202,07.79343,,pluvio_dpcn,
Hlat=4404314,44.04314,10.71953,,pluvio_dpcn,
Hlat=4404425,44.04425,07.72108,,pluvio_dpcn,
Hlat=4404519,44.04519,10.06006,,pluvio_dpcn,
Hlat=4404631,44.04631,10.11175,,pluvio_dpcn,
Hlat=4404738,44.04738,11.38933,,pluvio_dpcn,
Hlat=4404882,44.04882,08.21077,,pluvio_dpcn,
Hlat=4404917,44.04917,11.30447,,pluvio_dpcn,
Hlat=4404952,44.04952,07.91473,,pluvio_dpcn,
Hlat=4404964,44.04964,11.19689,,pluvio_dpcn,
Hlat=4405021,44.05021,10.01409,,pluvio_dpcn,
Hlat=4405200,44.05200,09.83594,,pluvio_dpcn,
Hlat=4405358,44.05358,10.90498,,pluvio_dpcn,
Hlat=4405528,44.05528,10.78839,,pluvio_dpcn,
Hlat=4405589,44.05589,11.12064,,pluvio_dpcn,
Hlat=4405639,44.05639,12.54556,,pluvio_dpcn,
Hlat=4405652,44.05652,12.54548,,pluvio_dpcn,
Hlat=4405695,44.05695,11.39778,,pluvio_dpcn,
Hlat=4405719,44.05719,08.04134,,pluvio_dpcn,
Hlat=4405764,44.05764,10.20753,,pluvio_dpcn,
Hlat=4405831,44.05831,10.16822,,pluvio_dpcn,
Hlat=4405875,44.05875,10.25956,,pluvio_dpcn,
Hlat=4405920,44.05920,12.57360,,pluvio_dpcn,
Hlat=4405986,44.05986,10.56783,,pluvio_dpcn,
Hlat=4406393,44.06393,07.86644,,pluvio_dpcn,
Hlat=4406419,44.06419,10.44314,,pluvio_dpcn,
Hlat=4406542,44.06542,08.00433,,pluvio_dpcn,
Hlat=4406820,44.06820,10.45773,,pluvio_dpcn,
Hlat=4406833,44.06833,12.43722,,pluvio_dpcn,
Hlat=4406875,44.06875,08.17956,,pluvio_dpcn,
Hlat=4406944,44.06944,07.73056,,pluvio_dpcn,
Hlat=4407117,44.07117,11.09369,,pluvio_dpcn,
Hlat=4407129,44.07129,09.93842,,pluvio_dpcn,
Hlat=4407195,44.07195,12.49194,,pluvio_dpcn,
Hlat=4407206,44.07206,10.79422,,pluvio_dpcn,
Hlat=4407250,44.07250,11.87278,,pluvio_dpcn,
Hlat=4407491,44.07491,10.00899,,pluvio_dpcn,
Hlat=4407678,44.07678,08.13421,,pluvio_dpcn,
Hlat=4407833,44.07833,11.61528,,pluvio_dpcn,
Hlat=4407964,44.07964,11.28083,,pluvio_dpcn,
Hlat=4408055,44.08055,11.03583,,pluvio_dpcn,
Hlat=4408325,44.08325,07.87331,,pluvio_dpcn,
Hlat=4408383,44.08383,10.12878,,pluvio_dpcn,
Hlat=4408667,44.08667,12.20778,,pluvio_dpcn,
Hlat=4409008,44.09008,10.45275,,pluvio_dpcn,
Hlat=4409106,44.09106,10.10337,,pluvio_dpcn,
Hlat=4409400,44.09400,10.17067,,pluvio_dpcn,
Hlat=4409449,44.09449,09.80970,,pluvio_dpcn,
Hlat=4409562,44.09562,09.88761,,pluvio_dpcn,
Hlat=4409817,44.09817,10.75167,,pluvio_dpcn,
Hlat=4410236,44.10236,10.33655,,pluvio_dpcn,
Hlat=4410379,44.10379,10.00705,,pluvio_dpcn,
Hlat=4410632,44.10632,09.73483,,pluvio_dpcn,
Hlat=4410703,44.10703,09.82819,,pluvio_dpcn,
Hlat=4410847,44.10847,10.28933,,pluvio_dpcn,
Hlat=4410875,44.10875,10.53406,,pluvio_dpcn,
Hlat=4410889,44.10889,11.17472,,pluvio_dpcn,
Hlat=4411227,44.11227,09.96546,,pluvio_dpcn,
Hlat=4411600,44.11600,10.10400,,pluvio_dpcn,
Hlat=4411611,44.11611,11.54806,,pluvio_dpcn,
Hlat=4411781,44.11781,07.86747,,pluvio_dpcn,
Hlat=4411811,44.11811,10.60964,,pluvio_dpcn,
Hlat=4411945,44.11945,10.80917,,pluvio_dpcn,
Hlat=4412000,44.12000,11.80810,,pluvio_dpcn,
Hlat=4412194,44.12194,11.38139,,pluvio_dpcn,
Hlat=4412275,44.12275,07.99653,,pluvio_dpcn,
Hlat=4412917,44.12917,11.51278,,pluvio_dpcn,
Hlat=4412951,44.12951,09.86892,,pluvio_dpcn,
Hlat=4412970,44.12970,10.78197,,pluvio_dpcn,
Hlat=4413202,44.13202,08.11888,,pluvio_dpcn,
Hlat=4413254,44.13254,09.79030,,pluvio_dpcn,
Hlat=4413275,44.13275,10.74331,,pluvio_dpcn,
Hlat=4413389,44.13389,10.89389,,pluvio_dpcn,
Hlat=4413486,44.13486,10.19719,,pluvio_dpcn,
Hlat=4413722,44.13722,11.83667,,pluvio_dpcn,
Hlat=4413805,44.13805,09.90619,,pluvio_dpcn,
Hlat=4413833,44.13833,11.49889,,pluvio_dpcn,
Hlat=4413897,44.13897,10.67397,,pluvio_dpcn,
Hlat=4413940,44.13940,12.24060,,pluvio_dpcn,
Hlat=4414029,44.14029,09.83082,,pluvio_dpcn,
Hlat=4414441,44.14441,08.16340,,pluvio_dpcn,
Hlat=4414665,44.14665,08.26235,,pluvio_dpcn,
Hlat=4414830,44.14830,09.64020,,pluvio_dpcn,
Hlat=4414833,44.14833,11.69139,,pluvio_dpcn,
Hlat=4415055,44.15055,12.13694,,pluvio_dpcn,
Hlat=4415319,44.15319,09.76373,,pluvio_dpcn,
Hlat=4415405,44.15405,10.97738,,pluvio_dpcn,
Hlat=4415594,44.15594,10.03331,,pluvio_dpcn,
Hlat=4415942,44.15942,10.38631,,pluvio_dpcn,
Hlat=4416167,44.16167,07.59083,,pluvio_dpcn,
Hlat=4416389,44.16389,10.52061,,pluvio_dpcn,
Hlat=4416397,44.16397,08.22002,,pluvio_dpcn,
Hlat=4416639,44.16639,12.26889,,pluvio_dpcn,
Hlat=4416722,44.16722,07.33944,,pluvio_dpcn,
Hlat=4416911,44.16911,10.15003,,pluvio_dpcn,
Hlat=4417014,44.17014,11.94938,,pluvio_dpcn,
Hlat=4417086,44.17086,10.20817,,pluvio_dpcn,
Hlat=4417143,44.17143,09.60677,,pluvio_dpcn,
Hlat=4417750,44.17750,08.04444,,pluvio_dpcn,
Hlat=4417778,44.17778,10.81806,,pluvio_dpcn,
Hlat=4417888,44.17888,09.61870,,pluvio_dpcn,
Hlat=4418992,44.18992,09.71496,,pluvio_dpcn,
Hlat=4419139,44.19139,10.68167,,pluvio_dpcn,
Hlat=4419200,44.19200,10.29200,,pluvio_dpcn,
Hlat=4419325,44.19325,08.37883,,pluvio_dpcn,
Hlat=4419417,44.19417,07.48944,,pluvio_dpcn,
Hlat=4419514,44.19514,09.77099,,pluvio_dpcn,
Hlat=4419532,44.19532,10.48563,,pluvio_dpcn,
Hlat=4419573,44.19573,08.30205,,pluvio_dpcn,
Hlat=4419722,44.19722,11.87500,,pluvio_dpcn,
Hlat=4419801,44.19801,09.84904,,pluvio_dpcn,
Hlat=4419944,44.19944,10.58944,,pluvio_dpcn,
Hlat=4420013,44.20013,10.35982,,pluvio_dpcn,
Hlat=4420230,44.20230,10.06250,,pluvio_dpcn,
Hlat=4420233,44.20233,10.06207,,pluvio_dpcn,
Hlat=4420778,44.20778,07.14694,,pluvio_dpcn,
Hlat=4420833,44.20833,07.27500,,pluvio_dpcn,
Hlat=4421000,44.21000,10.48861,,pluvio_dpcn,
Hlat=4421042,44.21042,10.44719,,pluvio_dpcn,
Hlat=4421095,44.21095,10.11631,,pluvio_dpcn,
Hlat=4421111,44.21111,07.94444,,pluvio_dpcn,
Hlat=4421359,44.21359,09.54033,,pluvio_dpcn,
Hlat=4421389,44.21389,11.43361,,pluvio_dpcn,
Hlat=4421417,44.21417,11.50556,,pluvio_dpcn,
Hlat=4421500,44.21500,12.16972,,pluvio_dpcn,
Hlat=4421972,44.21972,11.75528,,pluvio_dpcn,
Hlat=4422000,44.22000,07.83278,,pluvio_dpcn,
Hlat=4422030,44.22030,12.04190,,pluvio_dpcn,
Hlat=4422103,44.22103,11.62151,,pluvio_dpcn,
Hlat=4422200,44.22200,09.90000,,pluvio_dpcn,
Hlat=4422278,44.22278,11.32528,,pluvio_dpcn,
Hlat=4422333,44.22333,11.74389,,pluvio_dpcn,
Hlat=4422361,44.22361,11.67278,,pluvio_dpcn,
Hlat=4422417,44.22417,07.39306,,pluvio_dpcn,
Hlat=4422556,44.22556,10.77194,,pluvio_dpcn,
Hlat=4422701,44.22701,11.22345,,pluvio_dpcn,
Hlat=4422861,44.22861,11.25667,,pluvio_dpcn,
Hlat=4423132,44.23132,09.71552,,pluvio_dpcn,
Hlat=4423186,44.23186,12.23395,,pluvio_dpcn,
Hlat=4423234,44.23234,08.20245,,pluvio_dpcn,
Hlat=4423361,44.23361,07.65722,,pluvio_dpcn,
Hlat=4423506,44.23506,10.33269,,pluvio_dpcn,
Hlat=4423528,44.23528,08.11944,,pluvio_dpcn,
Hlat=4423722,44.23722,10.51639,,pluvio_dpcn,
Hlat=4424239,44.24239,10.00331,,pluvio_dpcn,
Hlat=4424333,44.24333,08.19583,,pluvio_dpcn,
Hlat=4424499,44.24499,09.61474,,pluvio_dpcn,
Hlat=4424556,44.24556,11.43361,,pluvio_dpcn,
Hlat=4424686,44.24686,10.15167,,pluvio_dpcn,
Hlat=4424833,44.24833,10.46694,,pluvio_dpcn,
Hlat=4424944,44.24944,11.58806,,pluvio_dpcn,
Hlat=4424966,44.24966,09.96582,,pluvio_dpcn,
Hlat=4424990,44.24990,09.84000,,pluvio_dpcn,
Hlat=4425000,44.25000,09.96900,,pluvio_dpcn,
Hlat=4425594,44.25594,10.30961,,pluvio_dpcn,
Hlat=4426000,44.26000,07.80556,,pluvio_dpcn,
Hlat=4426028,44.26028,10.67500,,pluvio_dpcn,
Hlat=4426056,44.26056,11.32806,,pluvio_dpcn,
Hlat=4426111,44.26111,11.03583,,pluvio_dpcn,
Hlat=4426111,44.26111,07.05000,,pluvio_dpcn,
Hlat=4426282,44.26282,11.99297,,pluvio_dpcn,
Hlat=4426389,44.26389,07.51833,,pluvio_dpcn,
Hlat=4426434,44.26434,09.73698,,pluvio_dpcn,
Hlat=4426672,44.26672,09.42590,,pluvio_dpcn,
Hlat=4426750,44.26750,10.94722,,pluvio_dpcn,
Hlat=4427470,44.27470,09.65964,,pluvio_dpcn,
Hlat=4427472,44.27472,07.83639,,pluvio_dpcn,
Hlat=4427517,44.27517,11.57835,,pluvio_dpcn,
Hlat=4427525,44.27525,09.59772,,pluvio_dpcn,
Hlat=4427778,44.27778,07.90222,,pluvio_dpcn,
Hlat=4428236,44.28236,09.86350,,pluvio_dpcn,
Hlat=4428361,44.28361,08.20528,,pluvio_dpcn,
Hlat=4428425,44.28425,08.37136,,pluvio_dpcn,
Hlat=4428444,44.28444,10.30103,,pluvio_dpcn,
Hlat=4428611,44.28611,07.95389,,pluvio_dpcn,
Hlat=4428722,44.28722,11.11667,,pluvio_dpcn,
Hlat=4428972,44.28972,08.30056,,pluvio_dpcn,
Hlat=4429083,44.29083,07.43417,,pluvio_dpcn,
Hlat=4429361,44.29361,10.57500,,pluvio_dpcn,
Hlat=4429418,44.29418,11.78304,,pluvio_dpcn,
Hlat=4429506,44.29506,09.48136,,pluvio_dpcn,
Hlat=4429552,44.29552,09.44927,,pluvio_dpcn,
Hlat=4429669,44.29669,09.37350,,pluvio_dpcn,
Hlat=4429694,44.29694,10.31806,,pluvio_dpcn,
Hlat=4429774,44.29774,12.11080,,pluvio_dpcn,
Hlat=4429848,44.29848,09.67751,,pluvio_dpcn,
Hlat=4429861,44.29861,07.63861,,pluvio_dpcn,
Hlat=4430000,44.30000,09.80000,,pluvio_dpcn,
Hlat=4430250,44.30250,07.11472,,pluvio_dpcn,
Hlat=4430278,44.30278,10.42639,,pluvio_dpcn,
Hlat=4430347,44.30347,10.11953,,pluvio_dpcn,
Hlat=4430414,44.30414,10.21678,,pluvio_dpcn,
Hlat=4430542,44.30542,09.76581,,pluvio_dpcn,
Hlat=4430620,44.30620,08.48305,,pluvio_dpcn,
Hlat=4431000,44.31000,07.74417,,pluvio_dpcn,
Hlat=4431008,44.31008,09.98453,,pluvio_dpcn,
Hlat=4431028,44.31028,10.35667,,pluvio_dpcn,
Hlat=4431083,44.31083,07.31361,,pluvio_dpcn,
Hlat=4431274,44.31274,09.54859,,pluvio_dpcn,
Hlat=4431334,44.31334,08.15958,,pluvio_dpcn,
Hlat=4431390,44.31390,12.16000,,pluvio_dpcn,
Hlat=4431611,44.31611,11.47806,,pluvio_dpcn,
Hlat=4431694,44.31694,10.81167,,pluvio_dpcn,
Hlat=4431885,44.31885,09.32978,,pluvio_dpcn,
Hlat=4432323,44.32323,09.61484,,pluvio_dpcn,
Hlat=4432361,44.32361,07.15139,,pluvio_dpcn,
Hlat=4432709,44.32709,09.16912,,pluvio_dpcn,
Hlat=4432830,44.32830,10.62280,,pluvio_dpcn,
Hlat=4433007,44.33007,12.03137,,pluvio_dpcn,
Hlat=4433297,44.33297,08.38289,,pluvio_dpcn,
Hlat=4433300,44.33300,10.03350,,pluvio_dpcn,
Hlat=4433417,44.33417,08.08722,,pluvio_dpcn,
Hlat=4433445,44.33445,07.55861,,pluvio_dpcn,
Hlat=4433542,44.33542,08.48011,,pluvio_dpcn,
Hlat=4433620,44.33620,09.21045,,pluvio_dpcn,
Hlat=4433914,44.33914,09.82211,,pluvio_dpcn,
Hlat=4434111,44.34111,10.28111,,pluvio_dpcn,
Hlat=4434167,44.34167,10.14028,,pluvio_dpcn,
Hlat=4434167,44.34167,07.20833,,pluvio_dpcn,
Hlat=4434209,44.34209,09.35624,,pluvio_dpcn,
Hlat=4434361,44.34361,10.73000,,pluvio_dpcn,
Hlat=4434444,44.34444,11.08750,,pluvio_dpcn,
Hlat=4434533,44.34533,11.71275,,pluvio_dpcn,
Hlat=4434555,44.34555,08.43753,,pluvio_dpcn,
Hlat=4434704,44.34704,09.15931,,pluvio_dpcn,
Hlat=4434833,44.34833,10.56944,,pluvio_dpcn,
Hlat=4434967,44.34967,09.69908,,pluvio_dpcn,
Hlat=4435048,44.35048,09.48082,,pluvio_dpcn,
Hlat=4435237,44.35237,09.58414,,pluvio_dpcn,
Hlat=4435294,44.35294,09.76406,,pluvio_dpcn,
Hlat=4435453,44.35453,09.20928,,pluvio_dpcn,
Hlat=4435611,44.35611,10.92417,,pluvio_dpcn,
Hlat=4435970,44.35970,11.95920,,pluvio_dpcn,
Hlat=4436182,44.36182,09.89656,,pluvio_dpcn,
Hlat=4436189,44.36189,08.52730,,pluvio_dpcn,
Hlat=4436195,44.36195,10.20083,,pluvio_dpcn,
Hlat=4436333,44.36333,10.10556,,pluvio_dpcn,
Hlat=4436389,44.36389,10.46167,,pluvio_dpcn,
Hlat=4436638,44.36638,08.46670,,pluvio_dpcn,
Hlat=4436664,44.36664,09.95592,,pluvio_dpcn,
Hlat=4436694,44.36694,08.32248,,pluvio_dpcn,
Hlat=4436806,44.36806,07.96444,,pluvio_dpcn,
Hlat=4436917,44.36917,11.33889,,pluvio_dpcn,
Hlat=4436925,44.36925,09.88317,,pluvio_dpcn,
Hlat=4436943,44.36943,09.89276,,pluvio_dpcn,
Hlat=4436959,44.36959,08.19105,,pluvio_dpcn,
Hlat=4437056,44.37056,07.52750,,pluvio_dpcn,
Hlat=4437234,44.37234,08.57322,,pluvio_dpcn,
Hlat=4437488,44.37488,09.45774,,pluvio_dpcn,
Hlat=4437778,44.37778,08.11389,,pluvio_dpcn,
Hlat=4438313,44.38313,09.58420,,pluvio_dpcn,
Hlat=4438400,44.38400,09.06066,,pluvio_dpcn,
Hlat=4438722,44.38722,08.01778,,pluvio_dpcn,
Hlat=4438778,44.38778,07.54722,,pluvio_dpcn,
Hlat=4439083,44.39083,11.49528,,pluvio_dpcn,
Hlat=4439167,44.39167,07.81472,,pluvio_dpcn,
Hlat=4439250,44.39250,06.93972,,pluvio_dpcn,
Hlat=4439361,44.39361,10.27278,,pluvio_dpcn,
Hlat=4439365,44.39365,09.27102,,pluvio_dpcn,
Hlat=4439861,44.39861,07.17778,,pluvio_dpcn,
Hlat=4439917,44.39917,08.28028,,pluvio_dpcn,
Hlat=4440035,44.40035,08.94591,,pluvio_dpcn,
Hlat=4440290,44.40290,09.09318,,pluvio_dpcn,
Hlat=4440350,44.40350,08.64766,,pluvio_dpcn,
Hlat=4440530,44.40530,09.62050,,pluvio_dpcn,
Hlat=4440583,44.40583,10.01472,,pluvio_dpcn,
Hlat=4440611,44.40611,09.68222,,pluvio_dpcn,
Hlat=4440645,44.40645,08.62464,,pluvio_dpcn,
Hlat=4440667,44.40667,08.52604,,pluvio_dpcn,
Hlat=4440681,44.40681,09.53384,,pluvio_dpcn,
Hlat=4440805,44.40805,08.41222,,pluvio_dpcn,
Hlat=4440935,44.40935,10.52313,,pluvio_dpcn,
Hlat=4440944,44.40944,07.01250,,pluvio_dpcn,
Hlat=4440944,44.40944,07.32444,,pluvio_dpcn,
Hlat=4441110,44.41110,11.59690,,pluvio_dpcn,
Hlat=4441141,44.41141,08.88407,,pluvio_dpcn,
Hlat=4441389,44.41389,08.17083,,pluvio_dpcn,
Hlat=4441500,44.41500,12.20000,,pluvio_dpcn,
Hlat=4441582,44.41582,08.48252,,pluvio_dpcn,
Hlat=4441610,44.41610,11.68970,,pluvio_dpcn,
Hlat=4441681,44.41681,09.00911,,pluvio_dpcn,
Hlat=4441806,44.41806,07.69194,,pluvio_dpcn,
Hlat=4441917,44.41917,10.78750,,pluvio_dpcn,
Hlat=4442107,44.42107,09.32194,,pluvio_dpcn,
Hlat=4442367,44.42367,08.97260,,pluvio_dpcn,
Hlat=4442422,44.42422,09.28492,,pluvio_dpcn,
Hlat=4442429,44.42429,09.41013,,pluvio_dpcn,
Hlat=4442667,44.42667,10.17306,,pluvio_dpcn,
Hlat=4442797,44.42797,08.93433,,pluvio_dpcn,
Hlat=4442833,44.42833,10.40056,,pluvio_dpcn,
Hlat=4442846,44.42846,09.06348,,pluvio_dpcn,
Hlat=4443227,44.43227,08.82460,,pluvio_dpcn,
Hlat=4443278,44.43278,10.99333,,pluvio_dpcn,
Hlat=4443417,44.43417,10.03167,,pluvio_dpcn,
Hlat=4443429,44.43429,08.74155,,pluvio_dpcn,
Hlat=4443439,44.43439,08.96109,,pluvio_dpcn,
Hlat=4443555,44.43555,11.13417,,pluvio_dpcn,
Hlat=4443833,44.43833,10.09278,,pluvio_dpcn,
Hlat=4443845,44.43845,09.10735,,pluvio_dpcn,
Hlat=4443945,44.43945,11.24111,,pluvio_dpcn,
Hlat=4444076,44.44076,09.04717,,pluvio_dpcn,
Hlat=4444194,44.44194,09.47861,,pluvio_dpcn,
Hlat=4444247,44.44247,08.84485,,pluvio_dpcn,
Hlat=4444372,44.44372,09.16994,,pluvio_dpcn,
Hlat=4444472,44.44472,09.78444,,pluvio_dpcn,
Hlat=4444556,44.44556,08.07611,,pluvio_dpcn,
Hlat=4444750,44.44750,09.61889,,pluvio_dpcn,
Hlat=4444778,44.44778,09.69944,,pluvio_dpcn,
Hlat=4444833,44.44833,11.86667,,pluvio_dpcn,
Hlat=4445139,44.45139,07.41111,,pluvio_dpcn,
Hlat=4445176,44.45176,08.33939,,pluvio_dpcn,
Hlat=4445376,44.45376,11.36527,,pluvio_dpcn,
Hlat=4445530,44.45530,08.89561,,pluvio_dpcn,
Hlat=4445583,44.45583,07.09000,,pluvio_dpcn,
Hlat=4445625,44.45625,09.82325,,pluvio_dpcn,
Hlat=4445964,44.45964,08.97959,,pluvio_dpcn,
Hlat=4446112,44.46112,09.38773,,pluvio_dpcn,
Hlat=4446268,44.46268,09.39525,,pluvio_dpcn,
Hlat=4446488,44.46488,07.88266,,pluvio_dpcn,
Hlat=4446494,44.46494,08.70493,,pluvio_dpcn,
Hlat=4446500,44.46500,08.58000,,pluvio_dpcn,
Hlat=4446639,44.46639,09.92050,,pluvio_dpcn,
Hlat=4446781,44.46781,09.09539,,pluvio_dpcn,
Hlat=4446953,44.46953,08.62739,,pluvio_dpcn,
Hlat=4447287,44.47287,09.45876,,pluvio_dpcn,
Hlat=4447419,44.47419,11.27984,,pluvio_dpcn,
Hlat=4447419,44.47419,08.73312,,pluvio_dpcn,
Hlat=4447507,44.47507,09.00714,,pluvio_dpcn,
Hlat=4447560,44.47560,10.50860,,pluvio_dpcn,
Hlat=4447778,44.47778,10.05833,,pluvio_dpcn,
Hlat=4447833,44.47833,08.48472,,pluvio_dpcn,
Hlat=4447889,44.47889,11.29861,,pluvio_dpcn,
Hlat=4448017,44.48017,08.79867,,pluvio_dpcn,
Hlat=4448306,44.48306,09.24278,,pluvio_dpcn,
Hlat=4448444,44.48444,11.28500,,pluvio_dpcn,
Hlat=4448472,44.48472,10.44667,,pluvio_dpcn,
Hlat=4448528,44.48528,06.98167,,pluvio_dpcn,
Hlat=4448555,44.48555,11.21972,,pluvio_dpcn,
Hlat=4448555,44.48555,08.97849,,pluvio_dpcn,
Hlat=4448613,44.48613,08.73602,,pluvio_dpcn,
Hlat=4448758,44.48758,09.18206,,pluvio_dpcn,
Hlat=4448803,44.48803,09.34017,,pluvio_dpcn,
Hlat=4448852,44.48852,08.90010,,pluvio_dpcn,
Hlat=4449222,44.49222,08.18806,,pluvio_dpcn,
Hlat=4449330,44.49330,11.34530,,pluvio_dpcn,
Hlat=4449335,44.49335,10.33004,,pluvio_dpcn,
Hlat=4449528,44.49528,07.97917,,pluvio_dpcn,
Hlat=4449972,44.49972,10.17944,,pluvio_dpcn,
Hlat=4450028,44.50028,10.60639,,pluvio_dpcn,
Hlat=4450444,44.50444,11.00472,,pluvio_dpcn,
Hlat=4450555,44.50555,09.63250,,pluvio_dpcn,
Hlat=4450667,44.50667,11.08750,,pluvio_dpcn,
Hlat=4450667,44.50667,09.98861,,pluvio_dpcn,
Hlat=4450917,44.50917,07.25389,,pluvio_dpcn,
Hlat=4451111,44.51111,08.17444,,pluvio_dpcn,
Hlat=4451397,44.51397,09.84206,,pluvio_dpcn,
Hlat=4451447,44.51447,09.45496,,pluvio_dpcn,
Hlat=4451561,44.51561,09.04769,,pluvio_dpcn,
Hlat=4451583,44.51583,09.15556,,pluvio_dpcn,
Hlat=4451639,44.51639,10.27667,,pluvio_dpcn,
Hlat=4451699,44.51699,07.90146,,pluvio_dpcn,
Hlat=4451715,44.51715,09.10336,,pluvio_dpcn,
Hlat=4451775,44.51775,08.67306,,pluvio_dpcn,
Hlat=4451778,44.51778,10.38167,,pluvio_dpcn,
Hlat=4452014,44.52014,08.98586,,pluvio_dpcn,
Hlat=4452028,44.52028,10.69778,,pluvio_dpcn,
Hlat=4452038,44.52038,08.94744,,pluvio_dpcn,
Hlat=4452111,44.52111,06.90750,,pluvio_dpcn,
Hlat=4452167,44.52167,08.53833,,pluvio_dpcn,
Hlat=4452222,44.52222,08.38611,,pluvio_dpcn,
Hlat=4452806,44.52806,09.54833,,pluvio_dpcn,
Hlat=4452931,44.52931,09.17495,,pluvio_dpcn,
Hlat=4452945,44.52945,10.48944,,pluvio_dpcn,
Hlat=4453013,44.53013,08.85822,,pluvio_dpcn,
Hlat=4453056,44.53056,09.20833,,pluvio_dpcn,
Hlat=4453176,44.53176,09.02329,,pluvio_dpcn,
Hlat=4453635,44.53635,09.20544,,pluvio_dpcn,
Hlat=4453806,44.53806,08.01500,,pluvio_dpcn,
Hlat=4454028,44.54028,08.93816,,pluvio_dpcn,
Hlat=4454250,44.54250,07.78056,,pluvio_dpcn,
Hlat=4454256,44.54256,08.69390,,pluvio_dpcn,
Hlat=4454361,44.54361,10.03194,,pluvio_dpcn,
Hlat=4454417,44.54417,09.61139,,pluvio_dpcn,
Hlat=4454611,44.54611,07.08861,,pluvio_dpcn,
Hlat=4454639,44.54639,08.16500,,pluvio_dpcn,
Hlat=4454778,44.54778,07.12111,,pluvio_dpcn,
Hlat=4454856,44.54856,08.95422,,pluvio_dpcn,
Hlat=4454861,44.54861,09.44722,,pluvio_dpcn,
Hlat=4455110,44.55110,10.90920,,pluvio_dpcn,
Hlat=4455361,44.55361,08.49250,,pluvio_dpcn,
Hlat=4455421,44.55421,09.28421,,pluvio_dpcn,
Hlat=4455750,44.55750,07.49444,,pluvio_dpcn,
Hlat=4455806,44.55806,08.25944,,pluvio_dpcn,
Hlat=4456278,44.56278,08.76778,,pluvio_dpcn,
Hlat=4456528,44.56528,09.67944,,pluvio_dpcn,
Hlat=4456639,44.56639,08.94750,,pluvio_dpcn,
Hlat=4456694,44.56694,10.46694,,pluvio_dpcn,
Hlat=4456722,44.56722,08.65972,,pluvio_dpcn,
Hlat=4456833,44.56833,09.07778,,pluvio_dpcn,
Hlat=4456860,44.56860,11.73250,,pluvio_dpcn,
Hlat=4456861,44.56861,09.88667,,pluvio_dpcn,
Hlat=4456873,44.56873,08.33528,,pluvio_dpcn,
Hlat=4457000,44.57000,07.36361,,pluvio_dpcn,
Hlat=4457080,44.57080,11.53360,,pluvio_dpcn,
Hlat=4457361,44.57361,08.01806,,pluvio_dpcn,
Hlat=4457444,44.57444,06.98056,,pluvio_dpcn,
Hlat=4457695,44.57695,09.27722,,pluvio_dpcn,
Hlat=4458055,44.58055,10.32917,,pluvio_dpcn,
Hlat=4458167,44.58167,09.58472,,pluvio_dpcn,
Hlat=4458458,44.58458,09.01824,,pluvio_dpcn,
Hlat=4458694,44.58694,09.48250,,pluvio_dpcn,
Hlat=4458889,44.58889,08.87778,,pluvio_dpcn,
Hlat=4459361,44.59361,09.76750,,pluvio_dpcn,
Hlat=4459389,44.59389,10.11444,,pluvio_dpcn,
Hlat=4459559,44.59559,10.67664,,pluvio_dpcn,
Hlat=4459917,44.59917,10.25917,,pluvio_dpcn,
Hlat=4460389,44.60389,08.75556,,pluvio_dpcn,
Hlat=4460472,44.60472,09.23639,,pluvio_dpcn,
Hlat=4461055,44.61055,08.30139,,pluvio_dpcn,
Hlat=4461333,44.61333,09.18750,,pluvio_dpcn,
Hlat=4461389,44.61389,07.05278,,pluvio_dpcn,
Hlat=4462083,44.62083,09.63500,,pluvio_dpcn,
Hlat=4462750,44.62750,11.29060,,pluvio_dpcn,
Hlat=4463000,44.63000,09.73139,,pluvio_dpcn,
Hlat=4463028,44.63028,09.86806,,pluvio_dpcn,
Hlat=4463250,44.63250,07.47833,,pluvio_dpcn,
Hlat=4463272,44.63272,09.40536,,pluvio_dpcn,
Hlat=4463313,44.63313,11.45719,,pluvio_dpcn,
Hlat=4463445,44.63445,10.47528,,pluvio_dpcn,
Hlat=4463611,44.63611,09.57944,,pluvio_dpcn,
Hlat=4463639,44.63639,10.80528,,pluvio_dpcn,
Hlat=4463889,44.63889,08.05028,,pluvio_dpcn,
Hlat=4464000,44.64000,11.02722,,pluvio_dpcn,
Hlat=4464024,44.64024,09.33003,,pluvio_dpcn,
Hlat=4464305,44.64305,09.50000,,pluvio_dpcn,
Hlat=4464472,44.64472,08.79139,,pluvio_dpcn,
Hlat=4464695,44.64695,08.63611,,pluvio_dpcn,
Hlat=4464917,44.64917,09.82083,,pluvio_dpcn,
Hlat=4465000,44.65000,11.61667,,pluvio_dpcn,
Hlat=4465000,44.65000,07.26583,,pluvio_dpcn,
Hlat=4466389,44.66389,07.72028,,pluvio_dpcn,
Hlat=4467361,44.67361,09.09167,,pluvio_dpcn,
Hlat=4467417,44.67417,08.23333,,pluvio_dpcn,
Hlat=4467722,44.67722,09.20028,,pluvio_dpcn,
Hlat=4467833,44.67833,08.46333,,pluvio_dpcn,
Hlat=4467861,44.67861,09.02306,,pluvio_dpcn,
Hlat=4468195,44.68195,06.97972,,pluvio_dpcn,
Hlat=4468195,44.68195,08.88417,,pluvio_dpcn,
Hlat=4468306,44.68306,07.26472,,pluvio_dpcn,
Hlat=4468378,44.68378,09.21664,,pluvio_dpcn,
Hlat=4468694,44.68694,08.09250,,pluvio_dpcn,
Hlat=4468778,44.68778,07.12778,,pluvio_dpcn,
Hlat=4468806,44.68806,12.21139,,pluvio_dpcn,
Hlat=4468945,44.68945,10.16778,,pluvio_dpcn,
Hlat=4468945,44.68945,10.51056,,pluvio_dpcn,
Hlat=4469222,44.69222,09.59167,,pluvio_dpcn,
Hlat=4469472,44.69472,08.76778,,pluvio_dpcn,
Hlat=4469472,44.69472,09.68472,,pluvio_dpcn,
Hlat=4469500,44.69500,11.14472,,pluvio_dpcn,
Hlat=4469778,44.69778,10.12444,,pluvio_dpcn,
Hlat=4469780,44.69780,10.63360,,pluvio_dpcn,
Hlat=4469917,44.69917,07.85083,,pluvio_dpcn,
Hlat=4470111,44.70111,07.15167,,pluvio_dpcn,
Hlat=4470556,44.70556,08.02703,,pluvio_dpcn,
Hlat=4471211,44.71211,09.56966,,pluvio_dpcn,
Hlat=4471500,44.71500,09.79833,,pluvio_dpcn,
Hlat=4471667,44.71667,08.15833,,pluvio_dpcn,
Hlat=4472611,44.72611,09.14972,,pluvio_dpcn,
Hlat=4472722,44.72722,09.93444,,pluvio_dpcn,
Hlat=4473028,44.73028,07.57306,,pluvio_dpcn,
Hlat=4473195,44.73195,07.25000,,pluvio_dpcn,
Hlat=4473306,44.73306,10.02333,,pluvio_dpcn,
Hlat=4474306,44.74306,10.77278,,pluvio_dpcn,
Hlat=4474640,44.74640,11.74640,,pluvio_dpcn,
Hlat=4474773,44.74773,10.98760,,pluvio_dpcn,
Hlat=4475139,44.75139,07.92222,,pluvio_dpcn,
Hlat=4475195,44.75195,09.77583,,pluvio_dpcn,
Hlat=4475611,44.75611,08.90639,,pluvio_dpcn,
Hlat=4475834,44.75834,08.34444,,pluvio_dpcn,
Hlat=4476445,44.76445,09.70944,,pluvio_dpcn,
Hlat=4476667,44.76667,10.97556,,pluvio_dpcn,
Hlat=4476803,44.76803,09.23904,,pluvio_dpcn,
Hlat=4476805,44.76805,08.67222,,pluvio_dpcn,
Hlat=4478056,44.78056,07.05306,,pluvio_dpcn,
Hlat=4478056,44.78056,08.03056,,pluvio_dpcn,
Hlat=4478060,44.78060,10.03860,,pluvio_dpcn,
Hlat=4478111,44.78111,08.76889,,pluvio_dpcn,
Hlat=4478222,44.78222,11.37083,,pluvio_dpcn,
Hlat=4478417,44.78417,08.56806,,pluvio_dpcn,
Hlat=4478417,44.78417,08.99194,,pluvio_dpcn,
Hlat=4478695,44.78695,08.11306,,pluvio_dpcn,
Hlat=4479556,44.79556,09.63333,,pluvio_dpcn,
Hlat=4479889,44.79889,08.93139,,pluvio_dpcn,
Hlat=4480170,44.80170,10.32720,,pluvio_dpcn,
Hlat=4480444,44.80444,09.02750,,pluvio_dpcn,
Hlat=4480740,44.80740,09.17949,,pluvio_dpcn,
Hlat=4481194,44.81194,07.24194,,pluvio_dpcn,
Hlat=4481194,44.81194,07.49778,,pluvio_dpcn,
Hlat=4481389,44.81389,09.98389,,pluvio_dpcn,
Hlat=4481861,44.81861,07.11556,,pluvio_dpcn,
Hlat=4481972,44.81972,09.49861,,pluvio_dpcn,
Hlat=4482000,44.82000,09.67667,,pluvio_dpcn,
Hlat=4482580,44.82580,11.12560,,pluvio_dpcn,
Hlat=4482583,44.82583,09.72667,,pluvio_dpcn,
Hlat=4483028,44.83028,08.84639,,pluvio_dpcn,
Hlat=4483170,44.83170,11.45420,,pluvio_dpcn,
Hlat=4483250,44.83250,11.62110,,pluvio_dpcn,
Hlat=4483278,44.83278,08.27500,,pluvio_dpcn,
Hlat=4483690,44.83690,10.57810,,pluvio_dpcn,
Hlat=4483972,44.83972,09.33361,,pluvio_dpcn,
Hlat=4484000,44.84000,11.28500,,pluvio_dpcn,
Hlat=4484217,44.84217,08.08152,,pluvio_dpcn,
Hlat=4485278,44.85278,07.91528,,pluvio_dpcn,
Hlat=4487111,44.87111,09.23778,,pluvio_dpcn,
Hlat=4487176,44.87176,08.41051,,pluvio_dpcn,
Hlat=4487528,44.87528,07.20194,,pluvio_dpcn,
Hlat=4487750,44.87750,09.49194,,pluvio_dpcn,
Hlat=4488334,44.88334,07.36056,,pluvio_dpcn,
Hlat=4488492,44.88492,08.21218,,pluvio_dpcn,
Hlat=4488528,44.88528,10.38056,,pluvio_dpcn,
Hlat=4488530,44.88530,07.28259,,pluvio_dpcn,
Hlat=4488610,44.88610,11.01610,,pluvio_dpcn,
Hlat=4488722,44.88722,07.68889,,pluvio_dpcn,
Hlat=4488795,44.88795,11.61525,,pluvio_dpcn,
Hlat=4489111,44.89111,06.84722,,pluvio_dpcn,
Hlat=4489472,44.89472,06.91917,,pluvio_dpcn,
Hlat=4490556,44.90556,07.05833,,pluvio_dpcn,
Hlat=4491209,44.91209,10.53645,,pluvio_dpcn,
Hlat=4491249,44.91249,09.19498,,pluvio_dpcn,
Hlat=4491611,44.91611,11.82111,,pluvio_dpcn,
Hlat=4491734,44.91734,12.36910,,pluvio_dpcn,
Hlat=4491861,44.91861,08.19111,,pluvio_dpcn,
Hlat=4492056,44.92056,06.78306,,pluvio_dpcn,
Hlat=4492167,44.92167,11.42694,,pluvio_dpcn,
Hlat=4492305,44.92305,07.83361,,pluvio_dpcn,
Hlat=4492667,44.92667,08.71389,,pluvio_dpcn,
Hlat=4493479,44.93479,09.27566,,pluvio_dpcn,
Hlat=4494194,44.94194,09.44167,,pluvio_dpcn,
Hlat=4494444,44.94444,07.77389,,pluvio_dpcn,
Hlat=4494667,44.94667,07.16306,,pluvio_dpcn,
Hlat=4494917,44.94917,07.29083,,pluvio_dpcn,
Hlat=4495139,44.95139,06.88889,,pluvio_dpcn,
Hlat=4495333,44.95333,06.87833,,pluvio_dpcn,
Hlat=4495444,44.95444,06.91111,,pluvio_dpcn,
Hlat=4495444,44.95444,07.71444,,pluvio_dpcn,
Hlat=4495917,44.95917,07.07278,,pluvio_dpcn,
Hlat=4496250,44.96250,07.39000,,pluvio_dpcn,
Hlat=4496447,44.96447,10.76752,,pluvio_dpcn,
Hlat=4496750,44.96750,06.83639,,pluvio_dpcn,
Hlat=4497806,44.97806,12.47963,,pluvio_dpcn,
Hlat=4498083,44.98083,08.21139,,pluvio_dpcn,
Hlat=4499027,44.99027,09.01749,,pluvio_dpcn,
Hlat=4499166,44.99166,08.56722,,pluvio_dpcn,
Hlat=4499445,44.99445,06.94722,,pluvio_dpcn,
Hlat=4499604,44.99604,10.41506,,pluvio_dpcn,
Hlat=4500250,45.00250,10.00470,,pluvio_dpcn,
Hlat=4500690,45.00690,10.16780,,pluvio_dpcn,
Hlat=4500834,45.00834,08.10167,,pluvio_dpcn,
Hlat=4500972,45.00972,06.88889,,pluvio_dpcn,
Hlat=4500972,45.00972,06.94417,,pluvio_dpcn,
Hlat=4501536,45.01536,11.28993,,pluvio_dpcn,
Hlat=4501722,45.01722,07.67417,,pluvio_dpcn,
Hlat=4501861,45.01861,08.40861,,pluvio_dpcn,
Hlat=4502083,45.02083,07.93389,,pluvio_dpcn,
Hlat=4502222,45.02222,08.84944,,pluvio_dpcn,
Hlat=4502611,45.02611,06.75389,,pluvio_dpcn,
Hlat=4503102,45.03102,11.30253,,pluvio_dpcn,
Hlat=4503340,45.03340,11.82597,,pluvio_dpcn,
Hlat=4503472,45.03472,07.24306,,pluvio_dpcn,
Hlat=4503556,45.03556,07.42028,,pluvio_dpcn,
Hlat=4503695,45.03695,07.07472,,pluvio_dpcn,
Hlat=4504139,45.04139,07.76722,,pluvio_dpcn,
Hlat=4504140,45.04140,09.58972,,pluvio_dpcn,
Hlat=4504448,45.04448,09.22386,,pluvio_dpcn,
Hlat=4504639,45.04639,06.85417,,pluvio_dpcn,
Hlat=4504667,45.04667,07.87917,,pluvio_dpcn,
Hlat=4505389,45.05389,06.91694,,pluvio_dpcn,
Hlat=4505560,45.05560,09.68028,,pluvio_dpcn,
Hlat=4506389,45.06389,06.90667,,pluvio_dpcn,
Hlat=4506417,45.06417,06.70417,,pluvio_dpcn,
Hlat=4507167,45.07167,07.68972,,pluvio_dpcn,
Hlat=4507611,45.07611,06.72778,,pluvio_dpcn,
Hlat=4507750,45.07750,07.67889,,pluvio_dpcn,
Hlat=4508083,45.08083,07.50000,,pluvio_dpcn,
Hlat=4509389,45.09389,07.38639,,pluvio_dpcn,
Hlat=4509417,45.09417,08.27611,,pluvio_dpcn,
Hlat=4510639,45.10639,06.70528,,pluvio_dpcn,
Hlat=4511250,45.11250,07.26778,,pluvio_dpcn,
Hlat=4511250,45.11250,07.67083,,pluvio_dpcn,
Hlat=4511389,45.11389,06.96667,,pluvio_dpcn,
Hlat=4511639,45.11639,12.02444,,pluvio_dpcn,
Hlat=4511945,45.11945,08.00278,,pluvio_dpcn,
Hlat=4512148,45.12148,08.80830,,pluvio_dpcn,
Hlat=4512183,45.12183,10.19526,,pluvio_dpcn,
Hlat=4512861,45.12861,06.76694,,pluvio_dpcn,
Hlat=4512917,45.12917,08.49500,,pluvio_dpcn,
Hlat=4513412,45.13412,07.63121,,pluvio_dpcn,
Hlat=4514083,45.14083,06.96333,,pluvio_dpcn,
Hlat=4514254,45.14254,10.04384,,pluvio_dpcn,
Hlat=4514466,45.14466,12.27579,,pluvio_dpcn,
Hlat=4514528,45.14528,07.04944,,pluvio_dpcn,
Hlat=4514722,45.14722,07.23722,,pluvio_dpcn,
Hlat=4515055,45.15055,07.88361,,pluvio_dpcn,
Hlat=4515332,45.15332,10.85926,,pluvio_dpcn,
Hlat=4515799,45.15799,10.82393,,pluvio_dpcn,
Hlat=4516057,45.16057,10.79556,,pluvio_dpcn,
Hlat=4516150,45.16150,12.08720,,pluvio_dpcn,
Hlat=4516194,45.16194,09.72083,,pluvio_dpcn,
Hlat=4516363,45.16363,10.05882,,pluvio_dpcn,
Hlat=4517192,45.17192,09.48900,,pluvio_dpcn,
Hlat=4518062,45.18062,09.14666,,pluvio_dpcn,
Hlat=4518139,45.18139,07.85139,,pluvio_dpcn,
Hlat=4518555,45.18555,08.01167,,pluvio_dpcn,
Hlat=4518669,45.18669,11.84880,,pluvio_dpcn,
Hlat=4518849,45.18849,10.88713,,pluvio_dpcn,
Hlat=4519167,45.19167,06.98500,,pluvio_dpcn,
Hlat=4519222,45.19222,07.65194,,pluvio_dpcn,
Hlat=4519361,45.19361,07.47000,,pluvio_dpcn,
Hlat=4519468,45.19468,09.16464,,pluvio_dpcn,
Hlat=4519639,45.19639,07.36028,,pluvio_dpcn,
Hlat=4520694,45.20694,07.15000,,pluvio_dpcn,
Hlat=4521754,45.21754,11.00830,,pluvio_dpcn,
Hlat=4521813,45.21813,12.28305,,pluvio_dpcn,
Hlat=4522472,45.22472,06.95167,,pluvio_dpcn,
Hlat=4522535,45.22535,10.39707,,pluvio_dpcn,
Hlat=4522778,45.22778,07.27389,,pluvio_dpcn,
Hlat=4523167,45.23167,07.36528,,pluvio_dpcn,
Hlat=4523333,45.23333,08.33000,,pluvio_dpcn,
Hlat=4523456,45.23456,11.60649,,pluvio_dpcn,
Hlat=4524680,45.24680,08.70057,,pluvio_dpcn,
Hlat=4524954,45.24954,10.29912,,pluvio_dpcn,
Hlat=4525595,45.25595,09.96349,,pluvio_dpcn,
Hlat=4526000,45.26000,07.16528,,pluvio_dpcn,
Hlat=4526067,45.26067,09.37966,,pluvio_dpcn,
Hlat=4526361,45.26361,10.66360,,pluvio_dpcn,
Hlat=4526580,45.26580,11.25119,,pluvio_dpcn,
Hlat=4526879,45.26879,07.48602,,pluvio_dpcn,
Hlat=4526928,45.26928,09.56266,,pluvio_dpcn,
Hlat=4527657,45.27657,11.93263,,pluvio_dpcn,
Hlat=4528389,45.28389,07.66806,,pluvio_dpcn,
Hlat=4528806,45.28806,07.85028,,pluvio_dpcn,
Hlat=4528861,45.28861,07.49278,,pluvio_dpcn,
Hlat=4529750,45.29750,07.13917,,pluvio_dpcn,
Hlat=4530250,45.30250,07.22194,,pluvio_dpcn,
Hlat=4531528,45.31528,07.54722,,pluvio_dpcn,
Hlat=4531652,45.31652,11.38324,,pluvio_dpcn,
Hlat=4531667,45.31667,07.30417,,pluvio_dpcn,
Hlat=4531908,45.31908,09.50869,,pluvio_dpcn,
Hlat=4532059,45.32059,09.26715,,pluvio_dpcn,
Hlat=4532306,45.32306,08.39778,,pluvio_dpcn,
Hlat=4532635,45.32635,07.89888,,pluvio_dpcn,
Hlat=4533556,45.33556,07.41278,,pluvio_dpcn,
Hlat=4534142,45.34142,08.87967,,pluvio_dpcn,
Hlat=4534167,45.34167,07.51944,,pluvio_dpcn,
Hlat=4534273,45.34273,11.67713,,pluvio_dpcn,
Hlat=4534735,45.34735,11.95217,,pluvio_dpcn,
Hlat=4535656,45.35656,09.67143,,pluvio_dpcn,
Hlat=4535975,45.35975,10.14555,,pluvio_dpcn,
Hlat=4536250,45.36250,07.21944,,pluvio_dpcn,
Hlat=4536631,45.36631,09.70395,,pluvio_dpcn,
Hlat=4537242,45.37242,10.83263,,pluvio_dpcn,
Hlat=4538000,45.38000,07.81750,,pluvio_dpcn,
Hlat=4539046,45.39046,11.37964,,pluvio_dpcn,
Hlat=4539264,45.39264,10.70629,,pluvio_dpcn,
Hlat=4539917,45.39917,09.89027,,pluvio_dpcn,
Hlat=4540276,45.40276,10.41406,,pluvio_dpcn,
Hlat=4540972,45.40972,07.54361,,pluvio_dpcn,
Hlat=4541068,45.41068,12.00850,,pluvio_dpcn,
Hlat=4541528,45.41528,08.80250,,pluvio_dpcn,
Hlat=4541770,45.41770,08.03440,,pluvio_dpcn,
Hlat=4542000,45.42000,07.79528,,pluvio_dpcn,
Hlat=4542427,45.42427,10.68714,,pluvio_dpcn,
Hlat=4543056,45.43056,08.59444,,pluvio_dpcn,
Hlat=4543195,45.43195,07.41972,,pluvio_dpcn,
Hlat=4543373,45.43373,10.03903,,pluvio_dpcn,
Hlat=4543596,45.43596,12.11748,,pluvio_dpcn,
Hlat=4543611,45.43611,09.09741,,pluvio_dpcn,
Hlat=4543750,45.43750,08.38417,,pluvio_dpcn,
Hlat=4543806,45.43806,07.42389,,pluvio_dpcn,
Hlat=4544028,45.44028,07.21111,,pluvio_dpcn,
Hlat=4544139,45.44139,08.63333,,pluvio_dpcn,
Hlat=4544361,45.44361,07.65722,,pluvio_dpcn,
Hlat=4544409,45.44409,09.52069,,pluvio_dpcn,
Hlat=4544958,45.44958,11.66199,,pluvio_dpcn,
Hlat=4545306,45.45306,07.31389,,pluvio_dpcn,
Hlat=4545807,45.45807,08.85441,,pluvio_dpcn,
Hlat=4545871,45.45871,12.48626,,pluvio_dpcn,
Hlat=4546030,45.46030,11.17156,,pluvio_dpcn,
Hlat=4546167,45.46167,07.77500,,pluvio_dpcn,
Hlat=4546944,45.46944,07.13750,,pluvio_dpcn,
Hlat=4547166,45.47166,09.18911,,pluvio_dpcn,
Hlat=4547209,45.47209,11.46922,,pluvio_dpcn,
Hlat=4547258,45.47258,09.35348,,pluvio_dpcn,
Hlat=4547322,45.47322,09.22230,,pluvio_dpcn,
Hlat=4547606,45.47606,09.14179,,pluvio_dpcn,
Hlat=4547736,45.47736,09.68249,,pluvio_dpcn,
Hlat=4547778,45.47778,08.17306,,pluvio_dpcn,
Hlat=4549007,45.49007,09.19436,,pluvio_dpcn,
Hlat=4549090,45.49090,11.39227,,pluvio_dpcn,
Hlat=4549551,45.49551,11.91336,,pluvio_dpcn,
Hlat=4549678,45.49678,09.25751,,pluvio_dpcn,
Hlat=4551333,45.51333,07.48750,,pluvio_dpcn,
Hlat=4551389,45.51389,07.80694,,pluvio_dpcn,
Hlat=4551417,45.51417,07.87361,,pluvio_dpcn,
Hlat=4551456,45.51456,10.21846,,pluvio_dpcn,
Hlat=4551781,45.51781,09.08792,,pluvio_dpcn,
Hlat=4551796,45.51796,10.76591,,pluvio_dpcn,
Hlat=4551828,45.51828,10.50611,,pluvio_dpcn,
Hlat=4552221,45.52221,09.93777,,pluvio_dpcn,
Hlat=4552549,45.52549,11.52144,,pluvio_dpcn,
Hlat=4552615,45.52615,10.26138,,pluvio_dpcn,
Hlat=4553222,45.53222,07.71472,,pluvio_dpcn,
Hlat=4553558,45.53558,09.00520,,pluvio_dpcn,
Hlat=4553585,45.53585,12.65882,,pluvio_dpcn,
Hlat=4553739,45.53739,12.37831,,pluvio_dpcn,
Hlat=4554266,45.54266,09.20560,,pluvio_dpcn,
Hlat=4554472,45.54472,08.69806,,pluvio_dpcn,
Hlat=4554789,45.54789,10.92333,,pluvio_dpcn,
Hlat=4554852,45.54852,08.84732,,pluvio_dpcn,
Hlat=4555556,45.55556,07.57528,,pluvio_dpcn,
Hlat=4556000,45.56000,08.24806,,pluvio_dpcn,
Hlat=4556083,45.56083,07.89167,,pluvio_dpcn,
Hlat=4556250,45.56250,08.05833,,pluvio_dpcn,
Hlat=4556861,45.56861,07.94917,,pluvio_dpcn,
Hlat=4556917,45.56917,08.55028,,pluvio_dpcn,
Hlat=4557572,45.57572,12.79133,,pluvio_dpcn,
Hlat=4557970,45.57970,07.19167,,pluvio_dpcn,
Hlat=4557983,45.57983,10.50034,,pluvio_dpcn,
Hlat=4558074,45.58074,12.30779,,pluvio_dpcn,
Hlat=4558289,45.58289,08.84216,,pluvio_dpcn,
Hlat=4558314,45.58314,09.15773,,pluvio_dpcn,
Hlat=4558667,45.58667,07.34417,,pluvio_dpcn,
Hlat=4558780,45.58780,07.36694,,pluvio_dpcn,
Hlat=4558863,45.58863,09.24581,,pluvio_dpcn,
Hlat=4559011,45.59011,11.36976,,pluvio_dpcn,
Hlat=4559315,45.59315,09.80196,,pluvio_dpcn,
Hlat=4559583,45.59583,07.38250,,pluvio_dpcn,
Hlat=4559806,45.59806,13.74306,,pluvio_dpcn,
Hlat=4560316,45.60316,12.70706,,pluvio_dpcn,
Hlat=4560470,45.60470,07.68000,,pluvio_dpcn,
Hlat=4560778,45.60778,08.10250,,pluvio_dpcn,
Hlat=4560780,45.60780,07.12139,,pluvio_dpcn,
Hlat=4560785,45.60785,08.95290,,pluvio_dpcn,
Hlat=4560854,45.60854,11.18137,,pluvio_dpcn,
Hlat=4560972,45.60972,10.32222,,pluvio_dpcn,
Hlat=4561389,45.61389,07.05722,,pluvio_dpcn,
Hlat=4561583,45.61583,07.54528,,pluvio_dpcn,
Hlat=4561916,45.61916,11.25935,,pluvio_dpcn,
Hlat=4561924,45.61924,08.75697,,pluvio_dpcn,
Hlat=4561935,45.61935,11.03859,,pluvio_dpcn,
Hlat=4562056,45.62056,09.61174,,pluvio_dpcn,
Hlat=4562071,45.62071,11.45381,,pluvio_dpcn,
Hlat=4562554,45.62554,11.20932,,pluvio_dpcn,
Hlat=4562622,45.62622,09.04006,,pluvio_dpcn,
Hlat=4562639,45.62639,08.82388,,pluvio_dpcn,
Hlat=4563028,45.63028,07.98750,,pluvio_dpcn,
Hlat=4563111,45.63111,07.85750,,pluvio_dpcn,
Hlat=4563500,45.63500,13.83278,,pluvio_dpcn,
Hlat=4563641,45.63641,10.61688,,pluvio_dpcn,
Hlat=4564137,45.64137,13.07747,,pluvio_dpcn,
Hlat=4564250,45.64250,08.33361,,pluvio_dpcn,
Hlat=4564470,45.64470,07.48500,,pluvio_dpcn,
Hlat=4564605,45.64605,10.38930,,pluvio_dpcn,
Hlat=4564722,45.64722,13.76444,,pluvio_dpcn,
Hlat=4564965,45.64965,07.15287,,pluvio_dpcn,
Hlat=4564970,45.64970,07.25083,,pluvio_dpcn,
Hlat=4564995,45.64995,13.75221,,pluvio_dpcn,
Hlat=4565883,45.65883,11.54773,,pluvio_dpcn,
Hlat=4566052,45.66052,09.65877,,pluvio_dpcn,
Hlat=4566138,45.66138,09.06639,,pluvio_dpcn,
Hlat=4566139,45.66139,08.07583,,pluvio_dpcn,
Hlat=4566440,45.66440,07.30889,,pluvio_dpcn,
Hlat=4566594,45.66594,09.95688,,pluvio_dpcn,
Hlat=4566780,45.66780,10.18710,,pluvio_dpcn,
Hlat=4566841,45.66841,12.58851,,pluvio_dpcn,
Hlat=4566931,45.66931,11.46439,,pluvio_dpcn,
Hlat=4566984,45.66984,11.92028,,pluvio_dpcn,
Hlat=4567389,45.67389,08.22167,,pluvio_dpcn,
Hlat=4567389,45.67389,08.62750,,pluvio_dpcn,
Hlat=4567722,45.67722,08.15556,,pluvio_dpcn,
Hlat=4567770,45.67770,09.38856,,pluvio_dpcn,
Hlat=4567972,45.67972,11.22577,,pluvio_dpcn,
Hlat=4568084,45.68084,13.37407,,pluvio_dpcn,
Hlat=4568093,45.68093,12.22155,,pluvio_dpcn,
Hlat=4568333,45.68333,06.91528,,pluvio_dpcn,
Hlat=4568360,45.68360,07.61306,,pluvio_dpcn,
Hlat=4568385,45.68385,07.12150,,pluvio_dpcn,
Hlat=4568488,45.68488,09.17777,,pluvio_dpcn,
Hlat=4568690,45.68690,07.49778,,pluvio_dpcn,
Hlat=4568730,45.68730,07.85638,,pluvio_dpcn,
Hlat=4568950,45.68950,08.80769,,pluvio_dpcn,
Hlat=4569162,45.69162,13.14511,,pluvio_dpcn,
Hlat=4569222,45.69222,07.95889,,pluvio_dpcn,
Hlat=4569305,45.69305,13.75333,,pluvio_dpcn,
Hlat=4569492,45.69492,11.94778,,pluvio_dpcn,
Hlat=4569520,45.69520,09.67465,,pluvio_dpcn,
Hlat=4569633,45.69633,10.05422,,pluvio_dpcn,
Hlat=4570195,45.70195,09.30914,,pluvio_dpcn,
Hlat=4570199,45.70199,11.21470,,pluvio_dpcn,
Hlat=4570203,45.70203,13.72932,,pluvio_dpcn,
Hlat=4570338,45.70338,11.18534,,pluvio_dpcn,
Hlat=4570401,45.70401,11.18480,,pluvio_dpcn,
Hlat=4570480,45.70480,09.38387,,pluvio_dpcn,
Hlat=4570491,45.70491,12.94669,,pluvio_dpcn,
Hlat=4570496,45.70496,08.98834,,pluvio_dpcn,
Hlat=4570500,45.70500,08.46083,,pluvio_dpcn,
Hlat=4570942,45.70942,13.76463,,pluvio_dpcn,
Hlat=4570972,45.70972,06.96361,,pluvio_dpcn,
Hlat=4571476,45.71476,13.45882,,pluvio_dpcn,
Hlat=4571591,45.71591,09.68896,,pluvio_dpcn,
Hlat=4571658,45.71658,11.77626,,pluvio_dpcn,
Hlat=4571712,45.71712,12.52394,,pluvio_dpcn,
Hlat=4571822,45.71822,11.18156,,pluvio_dpcn,
Hlat=4571853,45.71853,09.10037,,pluvio_dpcn,
Hlat=4571889,45.71889,11.18132,,pluvio_dpcn,
Hlat=4571898,45.71898,09.71019,,pluvio_dpcn,
Hlat=4571901,45.71901,09.08549,,pluvio_dpcn,
Hlat=4572416,45.72416,10.49917,,pluvio_dpcn,
Hlat=4572572,45.72572,11.22635,,pluvio_dpcn,
Hlat=4572996,45.72996,10.61741,,pluvio_dpcn,
Hlat=4573222,45.73222,08.08500,,pluvio_dpcn,
Hlat=4573262,45.73262,10.72092,,pluvio_dpcn,
Hlat=4573528,45.73528,10.95694,,pluvio_dpcn,
Hlat=4573602,45.73602,13.02143,,pluvio_dpcn,
Hlat=4573783,45.73783,13.74200,,pluvio_dpcn,
Hlat=4573917,45.73917,11.06528,,pluvio_dpcn,
Hlat=4574037,45.74037,11.52328,,pluvio_dpcn,
Hlat=4574243,45.74243,07.61786,,pluvio_dpcn,
Hlat=4574549,45.74549,12.76129,,pluvio_dpcn,
Hlat=4574805,45.74805,08.51306,,pluvio_dpcn,
Hlat=4574830,45.74830,07.82500,,pluvio_dpcn,
Hlat=4574873,45.74873,08.82076,,pluvio_dpcn,
Hlat=4575031,45.75031,11.41507,,pluvio_dpcn,
Hlat=4575222,45.75222,08.32806,,pluvio_dpcn,
Hlat=4575389,45.75389,10.17541,,pluvio_dpcn,
Hlat=4575710,45.75710,11.21496,,pluvio_dpcn,
Hlat=4575777,45.75777,11.21471,,pluvio_dpcn,
Hlat=4575834,45.75834,06.95000,,pluvio_dpcn,
Hlat=4575889,45.75889,11.17472,,pluvio_dpcn,
Hlat=4576022,45.76022,11.31119,,pluvio_dpcn,
Hlat=4576027,45.76027,13.69242,,pluvio_dpcn,
Hlat=4576194,45.76194,09.24445,,pluvio_dpcn,
Hlat=4576556,45.76556,13.68694,,pluvio_dpcn,
Hlat=4576602,45.76602,13.40477,,pluvio_dpcn,
Hlat=4576639,45.76639,06.84250,,pluvio_dpcn,
Hlat=4576640,45.76640,08.71232,,pluvio_dpcn,
Hlat=4576944,45.76944,08.01667,,pluvio_dpcn,
Hlat=4576989,45.76989,13.31125,,pluvio_dpcn,
Hlat=4577081,45.77081,08.57391,,pluvio_dpcn,
Hlat=4577150,45.77150,12.00576,,pluvio_dpcn,
Hlat=4577222,45.77222,12.99694,,pluvio_dpcn,
Hlat=4577306,45.77306,08.97263,,pluvio_dpcn,
Hlat=4577389,45.77389,08.44111,,pluvio_dpcn,
Hlat=4577436,45.77436,11.61748,,pluvio_dpcn,
Hlat=4577567,45.77567,12.89394,,pluvio_dpcn,
Hlat=4577710,45.77710,11.23791,,pluvio_dpcn,
Hlat=4578028,45.78028,11.12306,,pluvio_dpcn,
Hlat=4578138,45.78138,10.26318,,pluvio_dpcn,
Hlat=4578301,45.78301,09.30710,,pluvio_dpcn,
Hlat=4578348,45.78348,11.58835,,pluvio_dpcn,
Hlat=4578421,45.78421,09.82153,,pluvio_dpcn,
Hlat=4578502,45.78502,12.11305,,pluvio_dpcn,
Hlat=4578505,45.78505,11.73018,,pluvio_dpcn,
Hlat=4578572,45.78572,12.53899,,pluvio_dpcn,
Hlat=4578577,45.78577,11.89466,,pluvio_dpcn,
Hlat=4578611,45.78611,11.02389,,pluvio_dpcn,
Hlat=4578642,45.78642,09.93304,,pluvio_dpcn,
Hlat=4579500,45.79500,11.10083,,pluvio_dpcn,
Hlat=4579583,45.79583,07.01806,,pluvio_dpcn,
Hlat=4579639,45.79639,13.51139,,pluvio_dpcn,
Hlat=4580056,45.80056,11.34361,,pluvio_dpcn,
Hlat=4580099,45.80099,09.46597,,pluvio_dpcn,
Hlat=4580132,45.80132,11.34331,,pluvio_dpcn,
Hlat=4580352,45.80352,09.28691,,pluvio_dpcn,
Hlat=4580570,45.80570,13.05258,,pluvio_dpcn,
Hlat=4580632,45.80632,11.22536,,pluvio_dpcn,
Hlat=4580683,45.80683,10.79004,,pluvio_dpcn,
Hlat=4580750,45.80750,11.05778,,pluvio_dpcn,
Hlat=4580857,45.80857,09.22178,,pluvio_dpcn,
Hlat=4581136,45.81136,10.31552,,pluvio_dpcn,
Hlat=4581136,45.81136,09.86559,,pluvio_dpcn,
Hlat=4581169,45.81169,12.34190,,pluvio_dpcn,
Hlat=4581390,45.81390,06.99583,,pluvio_dpcn,
Hlat=4581475,45.81475,09.60925,,pluvio_dpcn,
Hlat=4581485,45.81485,11.30868,,pluvio_dpcn,
Hlat=4581503,45.81503,09.06697,,pluvio_dpcn,
Hlat=4581552,45.81552,11.30844,,pluvio_dpcn,
Hlat=4581611,45.81611,10.15694,,pluvio_dpcn,
Hlat=4581684,45.81684,12.20180,,pluvio_dpcn,
Hlat=4581722,45.81722,10.54556,,pluvio_dpcn,
Hlat=4581722,45.81722,10.95306,,pluvio_dpcn,
Hlat=4581889,45.81889,13.27556,,pluvio_dpcn,
Hlat=4582026,45.82026,09.07990,,pluvio_dpcn,
Hlat=4582028,45.82028,08.27444,,pluvio_dpcn,
Hlat=4582555,45.82555,07.34250,,pluvio_dpcn,
Hlat=4582667,45.82667,08.50639,,pluvio_dpcn,
Hlat=4582684,45.82684,13.15947,,pluvio_dpcn,
Hlat=4582716,45.82716,10.09706,,pluvio_dpcn,
Hlat=4582840,45.82840,12.80017,,pluvio_dpcn,
Hlat=4583083,45.83083,07.15944,,pluvio_dpcn,
Hlat=4583194,45.83194,13.40389,,pluvio_dpcn,
Hlat=4583250,45.83250,07.82139,,pluvio_dpcn,
Hlat=4583250,45.83250,08.82360,,pluvio_dpcn,
Hlat=4583265,45.83265,11.25628,,pluvio_dpcn,
Hlat=4583472,45.83472,08.11139,,pluvio_dpcn,
Hlat=4583538,45.83538,09.23237,,pluvio_dpcn,
Hlat=4583611,45.83611,08.36472,,pluvio_dpcn,
Hlat=4583694,45.83694,12.43992,,pluvio_dpcn,
Hlat=4583860,45.83860,10.45220,,pluvio_dpcn,
Hlat=4583984,45.83984,09.51135,,pluvio_dpcn,
Hlat=4584011,45.84011,11.72923,,pluvio_dpcn,
Hlat=4584170,45.84170,11.84066,,pluvio_dpcn,
Hlat=4584278,45.84278,11.43417,,pluvio_dpcn,
Hlat=4584306,45.84306,13.54722,,pluvio_dpcn,
Hlat=4584388,45.84388,12.61767,,pluvio_dpcn,
Hlat=4584444,45.84444,07.62278,,pluvio_dpcn,
Hlat=4584469,45.84469,11.36725,,pluvio_dpcn,
Hlat=4584500,45.84500,10.56111,,pluvio_dpcn,
Hlat=4584611,45.84611,08.89054,,pluvio_dpcn,
Hlat=4584814,45.84814,09.31813,,pluvio_dpcn,
Hlat=4584945,45.84945,13.33701,,pluvio_dpcn,
Hlat=4585506,45.85506,12.75751,,pluvio_dpcn,
Hlat=4585528,45.85528,10.93139,,pluvio_dpcn,
Hlat=4586139,45.86139,10.57278,,pluvio_dpcn,
Hlat=4586167,45.86167,10.68361,,pluvio_dpcn,
Hlat=4586167,45.86167,08.23861,,pluvio_dpcn,
Hlat=4586245,45.86245,11.65923,,pluvio_dpcn,
Hlat=4586375,45.86375,09.39995,,pluvio_dpcn,
Hlat=4586692,45.86692,13.47545,,pluvio_dpcn,
Hlat=4586708,45.86708,11.33559,,pluvio_dpcn,
Hlat=4586750,45.86750,07.02778,,pluvio_dpcn,
Hlat=4586778,45.86778,11.17139,,pluvio_dpcn,
Hlat=4586821,45.86821,07.61618,,pluvio_dpcn,
Hlat=4586969,45.86969,09.63911,,pluvio_dpcn,
Hlat=4587028,45.87028,10.87750,,pluvio_dpcn,
Hlat=4587278,45.87278,07.71389,,pluvio_dpcn,
Hlat=4587361,45.87361,07.93472,,pluvio_dpcn,
Hlat=4587389,45.87389,07.90167,,pluvio_dpcn,
Hlat=4587395,45.87395,12.71286,,pluvio_dpcn,
Hlat=4587547,45.87547,08.40916,,pluvio_dpcn,
Hlat=4587720,45.87720,13.09010,,pluvio_dpcn,
Hlat=4587944,45.87944,11.15111,,pluvio_dpcn,
Hlat=4587972,45.87972,08.00944,,pluvio_dpcn,
Hlat=4588022,45.88022,11.55281,,pluvio_dpcn,
Hlat=4588028,45.88028,08.44722,,pluvio_dpcn,
Hlat=4588094,45.88094,09.93313,,pluvio_dpcn,
Hlat=4588132,45.88132,12.28233,,pluvio_dpcn,
Hlat=4588139,45.88139,11.02194,,pluvio_dpcn,
Hlat=4588139,45.88139,07.30056,,pluvio_dpcn,
Hlat=4588230,45.88230,13.15579,,pluvio_dpcn,
Hlat=4588276,45.88276,11.51124,,pluvio_dpcn,
Hlat=4588343,45.88343,11.51101,,pluvio_dpcn,
Hlat=4588361,45.88361,10.84389,,pluvio_dpcn,
Hlat=4588389,45.88389,07.06500,,pluvio_dpcn,
Hlat=4588493,45.88493,11.65619,,pluvio_dpcn,
Hlat=4588556,45.88556,11.72056,,pluvio_dpcn,
Hlat=4588564,45.88564,09.26121,,pluvio_dpcn,
Hlat=4588750,45.88750,08.51111,,pluvio_dpcn,
Hlat=4588980,45.88980,13.48185,,pluvio_dpcn,
Hlat=4589119,45.89119,09.78894,,pluvio_dpcn,
Hlat=4589217,45.89217,12.49349,,pluvio_dpcn,
Hlat=4589389,45.89389,10.72389,,pluvio_dpcn,
Hlat=4589639,45.89639,11.04389,,pluvio_dpcn,
Hlat=4589683,45.89683,13.60001,,pluvio_dpcn,
Hlat=4589722,45.89722,08.16056,,pluvio_dpcn,
Hlat=4589770,45.89770,08.89259,,pluvio_dpcn,
Hlat=4589856,45.89856,11.94674,,pluvio_dpcn,
Hlat=4590028,45.90028,11.11444,,pluvio_dpcn,
Hlat=4590278,45.90278,13.51333,,pluvio_dpcn,
Hlat=4590332,45.90332,08.74276,,pluvio_dpcn,
Hlat=4590514,45.90514,09.23507,,pluvio_dpcn,
Hlat=4590611,45.90611,08.31056,,pluvio_dpcn,
Hlat=4590657,45.90657,13.45312,,pluvio_dpcn,
Hlat=4590963,45.90963,10.61892,,pluvio_dpcn,
Hlat=4590991,45.90991,08.61868,,pluvio_dpcn,
Hlat=4591028,45.91028,10.88722,,pluvio_dpcn,
Hlat=4591100,45.91100,08.63819,,pluvio_dpcn,
Hlat=4591138,45.91138,08.52952,,pluvio_dpcn,
Hlat=4591139,45.91139,13.33306,,pluvio_dpcn,
Hlat=4591250,45.91250,08.05028,,pluvio_dpcn,
Hlat=4591309,45.91309,09.49750,,pluvio_dpcn,
Hlat=4591444,45.91444,13.16194,,pluvio_dpcn,
Hlat=4591528,45.91528,11.16444,,pluvio_dpcn,
Hlat=4591792,45.91792,12.54500,,pluvio_dpcn,
Hlat=4591861,45.91861,11.20611,,pluvio_dpcn,
Hlat=4591889,45.91889,10.83139,,pluvio_dpcn,
Hlat=4591941,45.91941,12.93741,,pluvio_dpcn,
Hlat=4592222,45.92222,12.61389,,pluvio_dpcn,
Hlat=4592583,45.92583,12.86972,,pluvio_dpcn,
Hlat=4592751,45.92751,10.29124,,pluvio_dpcn,
Hlat=4592844,45.92844,10.06332,,pluvio_dpcn,
Hlat=4592883,45.92883,13.24011,,pluvio_dpcn,
Hlat=4593000,45.93000,07.60306,,pluvio_dpcn,
Hlat=4593110,45.93110,07.66278,,pluvio_dpcn,
Hlat=4593889,45.93889,10.64139,,pluvio_dpcn,
Hlat=4594028,45.94028,11.25361,,pluvio_dpcn,
Hlat=4594083,45.94083,11.55222,,pluvio_dpcn,
Hlat=4594244,45.94244,13.13789,,pluvio_dpcn,
Hlat=4594250,45.94250,13.50667,,pluvio_dpcn,
Hlat=4594367,45.94367,12.50298,,pluvio_dpcn,
Hlat=4594458,45.94458,08.71374,,pluvio_dpcn,
Hlat=4594611,45.94611,09.67277,,pluvio_dpcn,
Hlat=4594676,45.94676,13.56585,,pluvio_dpcn,
Hlat=4594833,45.94833,11.47278,,pluvio_dpcn,
Hlat=4594867,45.94867,11.61250,,pluvio_dpcn,
Hlat=4595055,45.95055,09.86343,,pluvio_dpcn,
Hlat=4595235,45.95235,13.00278,,pluvio_dpcn,
Hlat=4595333,45.95333,07.91806,,pluvio_dpcn,
Hlat=4595383,45.95383,12.68152,,pluvio_dpcn,
Hlat=4595557,45.95557,12.90298,,pluvio_dpcn,
Hlat=4595704,45.95704,12.11708,,pluvio_dpcn,
Hlat=4595750,45.95750,10.44272,,pluvio_dpcn,
Hlat=4595808,45.95808,13.51241,,pluvio_dpcn,
Hlat=4595861,45.95861,12.64972,,pluvio_dpcn,
Hlat=4595949,45.95949,09.50113,,pluvio_dpcn,
Hlat=4596028,45.96028,08.53111,,pluvio_dpcn,
Hlat=4596114,45.96114,13.47839,,pluvio_dpcn,
Hlat=4596630,45.96630,09.45079,,pluvio_dpcn,
Hlat=4596778,45.96778,11.09167,,pluvio_dpcn,
Hlat=4596972,45.96972,10.56139,,pluvio_dpcn,
Hlat=4597028,45.97028,11.23417,,pluvio_dpcn,
Hlat=4597167,45.97167,10.73361,,pluvio_dpcn,
Hlat=4597169,45.97169,08.85024,,pluvio_dpcn,
Hlat=4597305,45.97305,08.42298,,pluvio_dpcn,
Hlat=4597361,45.97361,13.45333,,pluvio_dpcn,
Hlat=4597361,45.97361,07.95417,,pluvio_dpcn,
Hlat=4597361,45.97361,09.53889,,pluvio_dpcn,
Hlat=4597611,45.97611,11.39555,,pluvio_dpcn,
Hlat=4597655,45.97655,11.75609,,pluvio_dpcn,
Hlat=4597707,45.97707,13.59432,,pluvio_dpcn,
Hlat=4597746,45.97746,10.10276,,pluvio_dpcn,
Hlat=4598000,45.98000,11.59028,,pluvio_dpcn,
Hlat=4598035,45.98035,13.39234,,pluvio_dpcn,
Hlat=4598117,45.98117,10.04158,,pluvio_dpcn,
Hlat=4598190,45.98190,13.27252,,pluvio_dpcn,
Hlat=4598417,45.98417,10.94139,,pluvio_dpcn,
Hlat=4598485,45.98485,12.46588,,pluvio_dpcn,
Hlat=4598539,45.98539,12.30760,,pluvio_dpcn,
Hlat=4598581,45.98581,10.25975,,pluvio_dpcn,
Hlat=4598658,45.98658,12.24608,,pluvio_dpcn,
Hlat=4598667,45.98667,08.04583,,pluvio_dpcn,
Hlat=4598667,45.98667,08.15611,,pluvio_dpcn,
Hlat=4598772,45.98772,09.21408,,pluvio_dpcn,
Hlat=4599164,45.99164,13.41224,,pluvio_dpcn,
Hlat=4599194,45.99194,13.29611,,pluvio_dpcn,
Hlat=4599339,45.99339,09.69328,,pluvio_dpcn,
Hlat=4599661,45.99661,07.98231,,pluvio_dpcn,
Hlat=4599777,45.99777,12.58995,,pluvio_dpcn,
Hlat=4600186,46.00186,09.75913,,pluvio_dpcn,
Hlat=4600306,46.00306,11.31833,,pluvio_dpcn,
Hlat=4600414,46.00414,08.74272,,pluvio_dpcn,
Hlat=4600439,46.00439,13.35599,,pluvio_dpcn,
Hlat=4600444,46.00444,11.64472,,pluvio_dpcn,
Hlat=4600500,46.00500,08.26694,,pluvio_dpcn,
Hlat=4600555,46.00555,08.49028,,pluvio_dpcn,
Hlat=4600611,46.00611,11.37861,,pluvio_dpcn,
Hlat=4600639,46.00639,11.65667,,pluvio_dpcn,
Hlat=4600746,46.00746,09.38040,,pluvio_dpcn,
Hlat=4600767,46.00767,09.94788,,pluvio_dpcn,
Hlat=4600901,46.00901,12.94562,,pluvio_dpcn,
Hlat=4600917,46.00917,12.70028,,pluvio_dpcn,
Hlat=4601056,46.01056,11.30500,,pluvio_dpcn,
Hlat=4601361,46.01361,11.05472,,pluvio_dpcn,
Hlat=4601417,46.01417,13.03917,,pluvio_dpcn,
Hlat=4601583,46.01583,09.28641,,pluvio_dpcn,
Hlat=4601620,46.01620,11.89462,,pluvio_dpcn,
Hlat=4602444,46.02444,09.86306,,pluvio_dpcn,
Hlat=4602619,46.02619,09.57112,,pluvio_dpcn,
Hlat=4602656,46.02656,10.34250,,pluvio_dpcn,
Hlat=4603194,46.03194,10.64056,,pluvio_dpcn,
Hlat=4603333,46.03333,10.94694,,pluvio_dpcn,
Hlat=4603338,46.03338,13.44284,,pluvio_dpcn,
Hlat=4603521,46.03521,13.22669,,pluvio_dpcn,
Hlat=4603722,46.03722,10.87000,,pluvio_dpcn,
Hlat=4603777,46.03777,09.14080,,pluvio_dpcn,
Hlat=4603814,46.03814,13.42421,,pluvio_dpcn,
Hlat=4603825,46.03825,09.62865,,pluvio_dpcn,
Hlat=4603852,46.03852,09.79380,,pluvio_dpcn,
Hlat=4604111,46.04111,10.73083,,pluvio_dpcn,
Hlat=4604222,46.04222,11.30917,,pluvio_dpcn,
Hlat=4604249,46.04249,09.75610,,pluvio_dpcn,
Hlat=4604278,46.04278,10.75000,,pluvio_dpcn,
Hlat=4604278,46.04278,08.67778,,pluvio_dpcn,
Hlat=4604327,46.04327,13.30960,,pluvio_dpcn,
Hlat=4604425,46.04425,13.30289,,pluvio_dpcn,
Hlat=4604467,46.04467,13.48842,,pluvio_dpcn,
Hlat=4604750,46.04750,12.98167,,pluvio_dpcn,
Hlat=4604833,46.04833,11.40472,,pluvio_dpcn,
Hlat=4605111,46.05111,10.51306,,pluvio_dpcn,
Hlat=4605190,46.05190,09.41987,,pluvio_dpcn,
Hlat=4605250,46.05250,11.24028,,pluvio_dpcn,
Hlat=4605416,46.05416,11.46000,,pluvio_dpcn,
Hlat=4605695,46.05695,13.13944,,pluvio_dpcn,
Hlat=4605722,46.05722,11.63000,,pluvio_dpcn,
Hlat=4605778,46.05778,13.23639,,pluvio_dpcn,
Hlat=4605806,46.05806,11.47750,,pluvio_dpcn,
Hlat=4605833,46.05833,08.69583,,pluvio_dpcn,
Hlat=4605917,46.05917,10.75167,,pluvio_dpcn,
Hlat=4606111,46.06111,08.40556,,pluvio_dpcn,
Hlat=4606167,46.06167,13.35806,,pluvio_dpcn,
Hlat=4606389,46.06389,12.44306,,pluvio_dpcn,
Hlat=4606417,46.06417,11.13806,,pluvio_dpcn,
Hlat=4606445,46.06445,12.60306,,pluvio_dpcn,
Hlat=4606456,46.06456,10.03861,,pluvio_dpcn,
Hlat=4606528,46.06528,10.98028,,pluvio_dpcn,
Hlat=4606611,46.06611,10.91139,,pluvio_dpcn,
Hlat=4606896,46.06896,09.30539,,pluvio_dpcn,
Hlat=4607005,46.07005,11.11531,,pluvio_dpcn,
Hlat=4607183,46.07183,08.76882,,pluvio_dpcn,
Hlat=4607195,46.07195,11.13556,,pluvio_dpcn,
Hlat=4607361,46.07361,11.47167,,pluvio_dpcn,
Hlat=4607639,46.07639,11.27639,,pluvio_dpcn,
Hlat=4607649,46.07649,12.76877,,pluvio_dpcn,
Hlat=4607748,46.07748,12.41477,,pluvio_dpcn,
Hlat=4607861,46.07861,10.29693,,pluvio_dpcn,
Hlat=4608037,46.08037,13.42001,,pluvio_dpcn,
Hlat=4608055,46.08055,10.37778,,pluvio_dpcn,
Hlat=4608083,46.08083,10.66056,,pluvio_dpcn,
Hlat=4608111,46.08111,11.55722,,pluvio_dpcn,
Hlat=4608611,46.08611,08.11944,,pluvio_dpcn,
Hlat=4608805,46.08805,12.79056,,pluvio_dpcn,
Hlat=4609155,46.09155,09.11083,,pluvio_dpcn,
Hlat=4609361,46.09361,13.42083,,pluvio_dpcn,
Hlat=4609555,46.09555,11.10139,,pluvio_dpcn,
Hlat=4609611,46.09611,11.40222,,pluvio_dpcn,
Hlat=4609651,46.09651,09.96999,,pluvio_dpcn,
Hlat=4609861,46.09861,08.56750,,pluvio_dpcn,
Hlat=4610170,46.10170,13.07390,,pluvio_dpcn,
Hlat=4610222,46.10222,10.73944,,pluvio_dpcn,
Hlat=4610444,46.10444,13.09333,,pluvio_dpcn,
Hlat=4610552,46.10552,09.56933,,pluvio_dpcn,
Hlat=4610695,46.10695,11.30222,,pluvio_dpcn,
Hlat=4610778,46.10778,12.53167,,pluvio_dpcn,
Hlat=4610833,46.10833,12.88250,,pluvio_dpcn,
Hlat=4611028,46.11028,08.30278,,pluvio_dpcn,
Hlat=4611375,46.11375,13.49049,,pluvio_dpcn,
Hlat=4611425,46.11425,13.48685,,pluvio_dpcn,
Hlat=4611528,46.11528,12.49167,,pluvio_dpcn,
Hlat=4611528,46.11528,13.22889,,pluvio_dpcn,
Hlat=4611555,46.11555,11.49444,,pluvio_dpcn,
Hlat=4611666,46.11666,11.66278,,pluvio_dpcn,
Hlat=4611778,46.11778,13.16583,,pluvio_dpcn,
Hlat=4611806,46.11806,12.50583,,pluvio_dpcn,
Hlat=4611908,46.11908,12.44016,,pluvio_dpcn,
Hlat=4611917,46.11917,13.58500,,pluvio_dpcn,
Hlat=4612278,46.12278,13.30889,,pluvio_dpcn,
Hlat=4612361,46.12361,08.17639,,pluvio_dpcn,
Hlat=4612576,46.12576,12.81964,,pluvio_dpcn,
Hlat=4612828,46.12828,11.94478,,pluvio_dpcn,
Hlat=4612968,46.12968,10.14826,,pluvio_dpcn,
Hlat=4612987,46.12987,12.31830,,pluvio_dpcn,
Hlat=4613216,46.13216,09.24784,,pluvio_dpcn,
Hlat=4613217,46.13217,12.89319,,pluvio_dpcn,
Hlat=4613334,46.13334,10.88139,,pluvio_dpcn,
Hlat=4613361,46.13361,11.59972,,pluvio_dpcn,
Hlat=4613663,46.13663,09.58434,,pluvio_dpcn,
Hlat=4613805,46.13805,11.11861,,pluvio_dpcn,
Hlat=4613805,46.13805,08.42056,,pluvio_dpcn,
Hlat=4613814,46.13814,09.38469,,pluvio_dpcn,
Hlat=4613889,46.13889,11.83917,,pluvio_dpcn,
Hlat=4613972,46.13972,11.22361,,pluvio_dpcn,
Hlat=4614167,46.14167,10.95750,,pluvio_dpcn,
Hlat=4614695,46.14695,13.02639,,pluvio_dpcn,
Hlat=4614750,46.14750,10.77556,,pluvio_dpcn,
Hlat=4614972,46.14972,11.73472,,pluvio_dpcn,
Hlat=4615032,46.15032,09.41226,,pluvio_dpcn,
Hlat=4615167,46.15167,13.21389,,pluvio_dpcn,
Hlat=4615472,46.15472,11.81278,,pluvio_dpcn,
Hlat=4615492,46.15492,09.79252,,pluvio_dpcn,
Hlat=4615639,46.15639,10.75750,,pluvio_dpcn,
Hlat=4615667,46.15667,11.07917,,pluvio_dpcn,
Hlat=4615694,46.15694,13.01389,,pluvio_dpcn,
Hlat=4615778,46.15778,13.64083,,pluvio_dpcn,
Hlat=4615827,46.15827,10.03848,,pluvio_dpcn,
Hlat=4615927,46.15927,13.48679,,pluvio_dpcn,
Hlat=4616083,46.16083,11.74472,,pluvio_dpcn,
Hlat=4616306,46.16306,11.02222,,pluvio_dpcn,
Hlat=4616364,46.16364,13.27627,,pluvio_dpcn,
Hlat=4616468,46.16468,12.24471,,pluvio_dpcn,
Hlat=4616528,46.16528,13.25972,,pluvio_dpcn,
Hlat=4616694,46.16694,11.35083,,pluvio_dpcn,
Hlat=4616694,46.16694,13.14611,,pluvio_dpcn,
Hlat=4616726,46.16726,09.45813,,pluvio_dpcn,
Hlat=4616755,46.16755,09.85094,,pluvio_dpcn,
Hlat=4616806,46.16806,08.45611,,pluvio_dpcn,
Hlat=4617056,46.17056,11.21806,,pluvio_dpcn,
Hlat=4617167,46.17167,12.65694,,pluvio_dpcn,
Hlat=4617222,46.17222,10.81278,,pluvio_dpcn,
Hlat=4617361,46.17361,12.71945,,pluvio_dpcn,
Hlat=4617417,46.17417,11.83000,,pluvio_dpcn,
Hlat=4617500,46.17500,11.44028,,pluvio_dpcn,
Hlat=4617572,46.17572,10.33339,,pluvio_dpcn,
Hlat=4617611,46.17611,08.19028,,pluvio_dpcn,
Hlat=4617700,46.17700,10.47282,,pluvio_dpcn,
Hlat=4618139,46.18139,10.63472,,pluvio_dpcn,
Hlat=4618184,46.18184,09.32468,,pluvio_dpcn,
Hlat=4618361,46.18361,12.55250,,pluvio_dpcn,
Hlat=4618555,46.18555,12.48167,,pluvio_dpcn,
Hlat=4618861,46.18861,13.52806,,pluvio_dpcn,
Hlat=4619073,46.19073,12.40789,,pluvio_dpcn,
Hlat=4619194,46.19194,11.68389,,pluvio_dpcn,
Hlat=4619222,46.19222,13.20361,,pluvio_dpcn,
Hlat=4619389,46.19389,11.10306,,pluvio_dpcn,
Hlat=4619444,46.19444,11.10472,,pluvio_dpcn,
Hlat=4619528,46.19528,12.62417,,pluvio_dpcn,
Hlat=4619556,46.19556,11.91500,,pluvio_dpcn,
Hlat=4619611,46.19611,12.65917,,pluvio_dpcn,
Hlat=4619611,46.19611,13.15361,,pluvio_dpcn,
Hlat=4619667,46.19667,13.36250,,pluvio_dpcn,
Hlat=4619722,46.19722,11.67889,,pluvio_dpcn,
Hlat=4619944,46.19944,11.86611,,pluvio_dpcn,
Hlat=4620028,46.20028,11.79361,,pluvio_dpcn,
Hlat=4621250,46.21250,13.52444,,pluvio_dpcn,
Hlat=4621500,46.21500,08.20583,,pluvio_dpcn,
Hlat=4621671,46.21671,09.86339,,pluvio_dpcn,
Hlat=4621783,46.21783,12.77288,,pluvio_dpcn,
Hlat=4621817,46.21817,10.18228,,pluvio_dpcn,
Hlat=4621909,46.21909,13.26324,,pluvio_dpcn,
Hlat=4621972,46.21972,10.88944,,pluvio_dpcn,
Hlat=4621972,46.21972,11.87389,,pluvio_dpcn,
Hlat=4622000,46.22000,11.04667,,pluvio_dpcn,
Hlat=4622222,46.22222,08.33222,,pluvio_dpcn,
Hlat=4622417,46.22417,12.79583,,pluvio_dpcn,
Hlat=4622805,46.22805,10.57861,,pluvio_dpcn,
Hlat=4622861,46.22861,13.16139,,pluvio_dpcn,
Hlat=4622932,46.22932,09.58164,,pluvio_dpcn,
Hlat=4622972,46.22972,12.91806,,pluvio_dpcn,
Hlat=4623000,46.23000,13.06417,,pluvio_dpcn,
Hlat=4623167,46.23167,12.29032,,pluvio_dpcn,
Hlat=4623389,46.23389,13.38056,,pluvio_dpcn,
Hlat=4623583,46.23583,12.67583,,pluvio_dpcn,
Hlat=4623610,46.23610,09.42665,,pluvio_dpcn,
Hlat=4623639,46.23639,11.18528,,pluvio_dpcn,
Hlat=4623778,46.23778,11.05472,,pluvio_dpcn,
Hlat=4624055,46.24055,12.75028,,pluvio_dpcn,
Hlat=4624111,46.24111,11.77833,,pluvio_dpcn,
Hlat=4624136,46.24136,12.99303,,pluvio_dpcn,
Hlat=4624144,46.24144,09.63217,,pluvio_dpcn,
Hlat=4624222,46.24222,11.50306,,pluvio_dpcn,
Hlat=4624250,46.24250,12.57278,,pluvio_dpcn,
Hlat=4624409,46.24409,10.17332,,pluvio_dpcn,
Hlat=4624472,46.24472,08.18861,,pluvio_dpcn,
Hlat=4624500,46.24500,10.83444,,pluvio_dpcn,
Hlat=4624639,46.24639,12.47139,,pluvio_dpcn,
Hlat=4624972,46.24972,10.81389,,pluvio_dpcn,
Hlat=4625031,46.25031,10.30880,,pluvio_dpcn,
Hlat=4625056,46.25056,11.49139,,pluvio_dpcn,
Hlat=4625459,46.25459,12.73410,,pluvio_dpcn,
Hlat=4625611,46.25611,12.56389,,pluvio_dpcn,
Hlat=4625834,46.25834,12.70056,,pluvio_dpcn,
Hlat=4625917,46.25917,12.83111,,pluvio_dpcn,
Hlat=4626028,46.26028,11.33889,,pluvio_dpcn,
Hlat=4626056,46.26056,11.59750,,pluvio_dpcn,
Hlat=4626128,46.26128,13.12209,,pluvio_dpcn,
Hlat=4626139,46.26139,11.80139,,pluvio_dpcn,
Hlat=4626250,46.26250,10.59694,,pluvio_dpcn,
Hlat=4626305,46.26305,11.33611,,pluvio_dpcn,
Hlat=4626361,46.26361,12.50056,,pluvio_dpcn,
Hlat=4626694,46.26694,13.32944,,pluvio_dpcn,
Hlat=4627022,46.27022,09.88449,,pluvio_dpcn,
Hlat=4627058,46.27058,12.54014,,pluvio_dpcn,
Hlat=4627361,46.27361,13.13472,,pluvio_dpcn,
Hlat=4627500,46.27500,10.82694,,pluvio_dpcn,
Hlat=4627500,46.27500,08.14167,,pluvio_dpcn,
Hlat=4627754,46.27754,12.44369,,pluvio_dpcn,
Hlat=4627778,46.27778,12.37056,,pluvio_dpcn,
Hlat=4627805,46.27805,12.03319,,pluvio_dpcn,
Hlat=4628167,46.28167,12.80417,,pluvio_dpcn,
Hlat=4628444,46.28444,11.48000,,pluvio_dpcn,
Hlat=4628472,46.28472,11.45167,,pluvio_dpcn,
Hlat=4629000,46.29000,13.35083,,pluvio_dpcn,
Hlat=4629149,46.29149,09.86405,,pluvio_dpcn,
Hlat=4629152,46.29152,09.33920,,pluvio_dpcn,
Hlat=4629194,46.29194,12.71611,,pluvio_dpcn,
Hlat=4629261,46.29261,09.41394,,pluvio_dpcn,
Hlat=4629290,46.29290,09.88452,,pluvio_dpcn,
Hlat=4629599,46.29599,11.92890,,pluvio_dpcn,
Hlat=4629690,46.29690,10.50656,,pluvio_dpcn,
Hlat=4629722,46.29722,12.60167,,pluvio_dpcn,
Hlat=4629778,46.29778,11.59833,,pluvio_dpcn,
Hlat=4629805,46.29805,11.78694,,pluvio_dpcn,
Hlat=4629833,46.29833,12.94333,,pluvio_dpcn,
Hlat=4629852,46.29852,13.26913,,pluvio_dpcn,
Hlat=4630139,46.30139,10.86556,,pluvio_dpcn,
Hlat=4630361,46.30361,10.85917,,pluvio_dpcn,
Hlat=4630361,46.30361,08.36639,,pluvio_dpcn,
Hlat=4630576,46.30576,09.92752,,pluvio_dpcn,
Hlat=4630583,46.30583,13.40000,,pluvio_dpcn,
Hlat=4630922,46.30922,13.05561,,pluvio_dpcn,
Hlat=4631167,46.31167,10.76167,,pluvio_dpcn,
Hlat=4631268,46.31268,13.27472,,pluvio_dpcn,
Hlat=4631333,46.31333,10.79583,,pluvio_dpcn,
Hlat=4631556,46.31556,08.25944,,pluvio_dpcn,
Hlat=4632056,46.32056,11.01389,,pluvio_dpcn,
Hlat=4632056,46.32056,11.10167,,pluvio_dpcn,
Hlat=4632056,46.32056,12.39361,,pluvio_dpcn,
Hlat=4632146,46.32146,09.76307,,pluvio_dpcn,
Hlat=4632706,46.32706,10.24597,,pluvio_dpcn,
Hlat=4633222,46.33222,09.51210,,pluvio_dpcn,
Hlat=4633694,46.33694,13.39583,,pluvio_dpcn,
Hlat=4633833,46.33833,11.79972,,pluvio_dpcn,
Hlat=4634083,46.34083,10.61250,,pluvio_dpcn,
Hlat=4634528,46.34528,12.59056,,pluvio_dpcn,
Hlat=4634667,46.34667,12.18457,,pluvio_dpcn,
Hlat=4634694,46.34694,11.30472,,pluvio_dpcn,
Hlat=4634722,46.34722,08.43056,,pluvio_dpcn,
Hlat=4634806,46.34806,12.79833,,pluvio_dpcn,
Hlat=4634917,46.34917,10.91361,,pluvio_dpcn,
Hlat=4634917,46.34917,12.48583,,pluvio_dpcn,
Hlat=4634980,46.34980,09.91515,,pluvio_dpcn,
Hlat=4635017,46.35017,10.35481,,pluvio_dpcn,
Hlat=4635167,46.35167,10.91833,,pluvio_dpcn,
Hlat=4635222,46.35222,12.67778,,pluvio_dpcn,
Hlat=4635237,46.35237,11.96646,,pluvio_dpcn,
Hlat=4635278,46.35278,12.93056,,pluvio_dpcn,
Hlat=4635417,46.35417,13.19361,,pluvio_dpcn,
Hlat=4635545,46.35545,11.86946,,pluvio_dpcn,
Hlat=4636053,46.36053,09.31999,,pluvio_dpcn,
Hlat=4636111,46.36111,11.04000,,pluvio_dpcn,
Hlat=4636444,46.36444,10.67750,,pluvio_dpcn,
Hlat=4636722,46.36722,13.29917,,pluvio_dpcn,
Hlat=4637444,46.37444,13.47028,,pluvio_dpcn,
Hlat=4637889,46.37889,12.48917,,pluvio_dpcn,
Hlat=4638361,46.38361,11.66444,,pluvio_dpcn,
Hlat=4638438,46.38438,10.35398,,pluvio_dpcn,
Hlat=4639083,46.39083,11.11889,,pluvio_dpcn,
Hlat=4639278,46.39278,12.71472,,pluvio_dpcn,
Hlat=4639316,46.39316,13.21768,,pluvio_dpcn,
Hlat=4639333,46.39333,11.66667,,pluvio_dpcn,
Hlat=4639415,46.39415,12.35658,,pluvio_dpcn,
Hlat=4639945,46.39945,13.00582,,pluvio_dpcn,
Hlat=4640014,46.40014,13.18648,,pluvio_dpcn,
Hlat=4640139,46.40139,10.84944,,pluvio_dpcn,
Hlat=4640278,46.40278,13.37528,,pluvio_dpcn,
Hlat=4640445,46.40445,11.61361,,pluvio_dpcn,
Hlat=4640465,46.40465,12.58745,,pluvio_dpcn,
Hlat=4640540,46.40540,13.31021,,pluvio_dpcn,
Hlat=4640556,46.40556,11.31083,,pluvio_dpcn,
Hlat=4641042,46.41042,12.86251,,pluvio_dpcn,
Hlat=4641129,46.41129,12.90783,,pluvio_dpcn,
Hlat=4641215,46.41215,10.49466,,pluvio_dpcn,
Hlat=4641544,46.41544,12.33234,,pluvio_dpcn,
Hlat=4641699,46.41699,12.25879,,pluvio_dpcn,
Hlat=4641917,46.41917,11.18944,,pluvio_dpcn,
Hlat=4642194,46.42194,11.42667,,pluvio_dpcn,
Hlat=4642194,46.42194,13.02167,,pluvio_dpcn,
Hlat=4642250,46.42250,10.69944,,pluvio_dpcn,
Hlat=4642312,46.42312,09.36883,,pluvio_dpcn,
Hlat=4642867,46.42867,11.90479,,pluvio_dpcn,
Hlat=4643068,46.43068,12.99673,,pluvio_dpcn,
Hlat=4643261,46.43261,12.25952,,pluvio_dpcn,
Hlat=4643333,46.43333,10.88917,,pluvio_dpcn,
Hlat=4643389,46.43389,11.73306,,pluvio_dpcn,
Hlat=4643718,46.43718,12.24264,,pluvio_dpcn,
Hlat=4643722,46.43722,13.38028,,pluvio_dpcn,
Hlat=4643750,46.43750,08.36611,,pluvio_dpcn,
Hlat=4643778,46.43778,11.12972,,pluvio_dpcn,
Hlat=4643889,46.43889,13.57778,,pluvio_dpcn,
Hlat=4644044,46.44044,11.99004,,pluvio_dpcn,
Hlat=4644200,46.44200,12.26433,,pluvio_dpcn,
Hlat=4644220,46.44220,12.24555,,pluvio_dpcn,
Hlat=4644328,46.44328,12.20626,,pluvio_dpcn,
Hlat=4644743,46.44743,12.25042,,pluvio_dpcn,
Hlat=4645195,46.45195,12.62667,,pluvio_dpcn,
Hlat=4645356,46.45356,10.30595,,pluvio_dpcn,
Hlat=4645370,46.45370,10.36602,,pluvio_dpcn,
Hlat=4645389,46.45389,11.00861,,pluvio_dpcn,
Hlat=4645444,46.45444,12.55944,,pluvio_dpcn,
Hlat=4645611,46.45611,13.24861,,pluvio_dpcn,
Hlat=4645652,46.45652,13.03580,,pluvio_dpcn,
Hlat=4645833,46.45833,13.45278,,pluvio_dpcn,
Hlat=4645882,46.45882,10.24201,,pluvio_dpcn,
Hlat=4645889,46.45889,11.86278,,pluvio_dpcn,
Hlat=4646095,46.46095,12.41036,,pluvio_dpcn,
Hlat=4646133,46.46133,13.57348,,pluvio_dpcn,
Hlat=4646511,46.46511,10.37274,,pluvio_dpcn,
Hlat=4646639,46.46639,13.66194,,pluvio_dpcn,
Hlat=4646722,46.46722,12.68194,,pluvio_dpcn,
Hlat=4646889,46.46889,13.57389,,pluvio_dpcn,
Hlat=4647166,46.47166,09.34812,,pluvio_dpcn,
Hlat=4647472,46.47472,11.74444,,pluvio_dpcn,
Hlat=4647731,46.47731,10.18873,,pluvio_dpcn,
Hlat=4647833,46.47833,11.76694,,pluvio_dpcn,
Hlat=4648139,46.48139,13.14111,,pluvio_dpcn,
Hlat=4648330,46.48330,13.52140,,pluvio_dpcn,
Hlat=4648389,46.48389,12.72278,,pluvio_dpcn,
Hlat=4648583,46.48583,10.83167,,pluvio_dpcn,
Hlat=4648583,46.48583,13.18917,,pluvio_dpcn,
Hlat=4648917,46.48917,11.39194,,pluvio_dpcn,
Hlat=4649361,46.49361,10.61417,,pluvio_dpcn,
Hlat=4649442,46.49442,10.20749,,pluvio_dpcn,
Hlat=4649500,46.49500,13.31417,,pluvio_dpcn,
Hlat=4649587,46.49587,13.68666,,pluvio_dpcn,
Hlat=4649667,46.49667,13.59694,,pluvio_dpcn,
Hlat=4649998,46.49998,11.87607,,pluvio_dpcn,
Hlat=4650028,46.50028,11.80778,,pluvio_dpcn,
Hlat=4650139,46.50139,12.93167,,pluvio_dpcn,
Hlat=4650575,46.50575,12.86388,,pluvio_dpcn,
Hlat=4650583,46.50583,13.44028,,pluvio_dpcn,
Hlat=4650861,46.50861,10.72667,,pluvio_dpcn,
Hlat=4650954,46.50954,12.80323,,pluvio_dpcn,
Hlat=4650972,46.50972,12.77306,,pluvio_dpcn,
Hlat=4651028,46.51028,11.04389,,pluvio_dpcn,
Hlat=4651073,46.51073,13.55201,,pluvio_dpcn,
Hlat=4651333,46.51333,11.50611,,pluvio_dpcn,
Hlat=4651445,46.51445,10.31682,,pluvio_dpcn,
Hlat=4651778,46.51778,10.59556,,pluvio_dpcn,
Hlat=4651944,46.51944,12.91722,,pluvio_dpcn,
Hlat=4651944,46.51944,13.13306,,pluvio_dpcn,
Hlat=4651990,46.51990,12.81118,,pluvio_dpcn,
Hlat=4652017,46.52017,12.02802,,pluvio_dpcn,
Hlat=4652745,46.52745,12.17509,,pluvio_dpcn,
Hlat=4652797,46.52797,13.01217,,pluvio_dpcn,
Hlat=4652803,46.52803,13.63821,,pluvio_dpcn,
Hlat=4652985,46.52985,13.30538,,pluvio_dpcn,
Hlat=4653669,46.53669,12.12740,,pluvio_dpcn,
Hlat=4653806,46.53806,13.51694,,pluvio_dpcn,
Hlat=4654055,46.54055,11.64444,,pluvio_dpcn,
Hlat=4654167,46.54167,10.99028,,pluvio_dpcn,
Hlat=4654306,46.54306,13.47500,,pluvio_dpcn,
Hlat=4654556,46.54556,11.76833,,pluvio_dpcn,
Hlat=4655626,46.55626,12.42594,,pluvio_dpcn,
Hlat=4655720,46.55720,12.55254,,pluvio_dpcn,
Hlat=4655750,46.55750,12.98333,,pluvio_dpcn,
Hlat=4655840,46.55840,13.00825,,pluvio_dpcn,
Hlat=4655972,46.55972,13.27528,,pluvio_dpcn,
Hlat=4656445,46.56445,11.90611,,pluvio_dpcn,
Hlat=4656778,46.56778,12.18671,,pluvio_dpcn,
Hlat=4656778,46.56778,13.16861,,pluvio_dpcn,
Hlat=4657028,46.57028,12.74639,,pluvio_dpcn,
Hlat=4657037,46.57037,12.13988,,pluvio_dpcn,
Hlat=4657068,46.57068,12.70813,,pluvio_dpcn,
Hlat=4657084,46.57084,13.01472,,pluvio_dpcn,
Hlat=4657500,46.57500,12.77472,,pluvio_dpcn,
Hlat=4657641,46.57641,12.25007,,pluvio_dpcn,
Hlat=4658445,46.58445,12.84306,,pluvio_dpcn,
Hlat=4658722,46.58722,13.02944,,pluvio_dpcn,
Hlat=4659417,46.59417,12.89972,,pluvio_dpcn,
Hlat=4662500,46.62500,10.64944,,pluvio_dpcn,
Hlat=4663750,46.63750,10.46139,,pluvio_dpcn,
Hlat=4664778,46.64778,10.99083,,pluvio_dpcn,
Hlat=4665215,46.65215,12.42397,,pluvio_dpcn,
Hlat=4666250,46.66250,12.37000,,pluvio_dpcn,
Hlat=4667916,46.67916,11.89778,,pluvio_dpcn,
Hlat=4668694,46.68694,11.77250,,pluvio_dpcn,
Hlat=4669000,46.69000,11.13583,,pluvio_dpcn,
Hlat=4670583,46.70583,10.52111,,pluvio_dpcn,
Hlat=4672889,46.72889,12.20500,,pluvio_dpcn,
Hlat=4677583,46.77583,10.52861,,pluvio_dpcn,
Hlat=4677972,46.77972,11.41417,,pluvio_dpcn,
Hlat=4678222,46.78222,11.22944,,pluvio_dpcn,
Hlat=4679611,46.79611,11.08806,,pluvio_dpcn,
Hlat=4680333,46.80333,11.93111,,pluvio_dpcn,
Hlat=4682695,46.82695,12.24472,,pluvio_dpcn,
Hlat=4688389,46.88389,11.43833,,pluvio_dpcn,
Hlat=4690028,46.90028,11.94750,,pluvio_dpcn,
Hlat=4691083,46.91083,11.30667,,pluvio_dpcn,
Hlat=4693583,46.93583,11.36583,,pluvio_dpcn,
Hlat=4694278,46.94278,12.08194,,pluvio_dpcn,
H12865,44.56531,12.04689,-4.0,profe,Anita
H12867,44.92167,11.33724,5.0,profe,Bondeno
H12868,44.92162,11.79994,0.0,profe,Copparo
H12869,44.88589,11.51169,5.0,profe,Diamantina
H12870,44.88279,11.93304,0.0,profe,Jolanda di Savoia
H12871,44.77293,11.86743,0.0,profe,Medelana
H12872,44.91931,12.17260,-3.0,profe,Mesola
H12873,44.66855,11.72163,0.0,profe,Ospitalmonacale
H12874,44.74798,11.94270,-2.0,profe,Ostellato
H12875,44.74909,11.48295,5.0,profe,Poggio Renatico
H12877,44.81828,11.74899,2.0,profe,Quartesana
H12878,44.74139,11.60657,8.0,profe,S. Bartolomeo in Bosco
H14709,44.79711,11.64744,3.0,profe,Aguscello
H14711,44.66188,11.85224,-2.0,profe,Bando
H14715,44.34699,11.78941,28.0,profe,Castelbolognese
H14717,44.92757,12.01419,-6.0,profe,Contane
H14719,44.78720,12.02761,-2.0,profe,Corte Centrale
H14721,44.77931,11.34486,8.0,profe,Dosso
H14723,44.81082,11.86766,-2.0,profe,Final di Rero
H14725,44.76897,11.66262,3.0,profe,Gaibanella
H14727,44.81383,12.20016,-2.0,profe,Giralda
H14729,44.37911,11.65247,66.0,profe,Imola2
H14731,44.73955,12.14884,-4.0,profe,Lagosanto
H14735,44.66965,11.89846,-4.0,profe,Mezzano nord-ovest
H14737,44.88922,12.07368,-6.0,profe,Mezzogoro
H14739,44.82718,12.13284,-3.0,profe,Ponte Maodino
H14741,44.31947,11.60758,146.0,profe,Ponticelli
H14743,44.41718,11.09935,221.0,profe,Ponzano
H14745,44.59456,11.87134,0.0,profe,S. Biagio
H14747,44.73040,12.18604,-5.0,profe,S. Giuseppe
H14749,44.72326,11.80657,-1.0,profe,Sandolo
H53202,44.38068,11.67426,61.0,profe,PIRATELLO
H53203,44.38523,11.69539,45.0,profe,CASOLA CANINA
H53204,44.71286,11.62263,6.0,profe,SPINAZZINO
H53205,44.79278,11.72938,3.0,profe,DUCENTOLA
H53206,44.91209,11.47330,6.0,profe,SETTEPOLESINI
H53207,44.76940,11.71925,2.0,profe,GUALDO
H53208,44.81664,12.01409,2.0,profe,MASSAFISCAGLIA
H53209,44.84114,12.04094,-3.0,profe,BAGAGLIONE
H14023,44.77138,09.80053,342.0,provpc,Mignano Diga
H14024,44.77187,09.80135,300.0,provpc,Mignano Diga Valle
H53086,45.02029,09.99531,43.0,provpc,Villanova
H53087,45.02139,09.99545,42.0,provpc,C.A.A.A.
H53238,44.90709,09.28800,355.0,provpc,Molato Diga Monte
H53239,44.90803,09.28837,334.0,provpc,Molato Diga Valle
H53241,44.91214,09.34442,263.0,provpc,Traversa Lentino
H53016,44.00035,12.65516,22.0,rmap,Riccione Urbana
H53065,44.96816,09.43506,164.0,rmap,Borgonovo - Genesi
H53066,44.98058,09.38482,234.0,rmap,Vicomarino
H53067,44.96087,09.39967,320.0,rmap,Verago
H53069,44.97999,09.41685,254.0,rmap,Albareto - Caraffini
H11099,44.06832,12.43751,38.0,simnbo,Santarcangelo di Romagna
H11100,43.91441,12.64204,79.0,simnbo,Morciano di Romagna
H11102,44.40798,11.50303,99.0,simnbo,Palesio
H11103,43.81986,12.27411,629.0,simnbo,Pennabilli
H11104,43.95847,12.73940,5.0,simnbo,Cattolica
H11105,43.93753,12.44649,680.0,simnbo,S. Marino
H11110,44.38998,11.49457,276.0,simnbo,Prugnolo
H12411,44.47870,11.29836,286.0,simnbo,Bologna San Luca
H12459,44.68840,12.21161,1.0,simnbo,Guagnino
H12479,44.05651,12.54549,10.0,simnbo,Rimini Ausa
H12633,44.21436,11.50565,183.0,simnbo,Castel del Rio
H12669,44.61099,11.82334,5.0,simnbo,Bassarone idro Saiarino
H12719,44.53420,11.28030,36.0,simnbo,Canocchia Botte monte
H12720,44.52030,11.16780,38.0,simnbo,Fondo Martignone
H12721,44.65390,11.26860,22.0,simnbo,Cassa Dosolo
H12994,44.45556,11.31083,194.0,simnbo,Paderno
H12997,44.14833,11.69139,226.0,simnbo,S. Cassiano sul Lamone
H13023,44.48000,11.31472,76.0,simnbo,Ravone
H13173,44.49249,11.18661,74.0,simnbo,Ponte Ronca
H14101,44.49972,11.34611,84.0,simnbo,Bologna idrografico
H02984,44.67442,11.56957,14.0,simnbo,Travallino
H02985,44.64899,11.65006,11.0,simnbo,Alberino
H02986,44.67466,11.36710,24.0,simnbo,S. Giorgio Deserto
H02988,44.74405,11.42263,15.0,simnbo,Madonna
H02989,44.71796,11.52265,12.0,simnbo,Malalbergo
H02990,44.43479,11.69647,29.0,simnbo,Molinetto
H02991,44.54052,11.56922,18.0,simnbo,Budrio Olmo
H02993,44.53397,11.36817,42.0,simnbo,Dozza
H02994,44.34746,11.39303,411.0,simnbo,Monte Ceresa
H02995,44.26352,11.34155,675.0,simnbo,Loiano Renana
H02997,44.56532,11.71696,10.0,simnbo,S. Antonio Renana
H03000,44.34680,11.08455,691.0,simnbo,Ca' Bortolani
H03001,44.05404,10.90557,620.0,simnbo,Pracchia
H03004,44.22625,11.22257,460.0,simnbo,Invaso
H03007,44.48787,11.28812,54.0,simnbo,Casalecchio canonica
H03008,44.41408,11.52486,87.0,simnbo,Varignana lago rio rosso
H03060,44.21571,11.25681,900.0,simnbo,Madonna dei Fornelli
H03062,44.13638,10.88741,900.0,simnbo,Monteacuto delle Alpi
H03094,44.38151,11.24785,105.0,simnbo,Sasso Marconi
H03095,44.47318,11.28243,65.0,simnbo,Casalecchio chiusa
H03096,44.50828,11.08392,82.0,simnbo,Bazzano
H03097,44.37101,11.33990,174.0,simnbo,Pianoro
H03098,44.72121,11.29579,26.0,simnbo,Cento
H03099,44.92781,11.44087,17.0,simnbo,Opera Po
H03100,44.44914,11.43922,64.0,simnbo,Pizzocalvo
H03101,44.48023,11.28208,54.0,simnbo,Casalecchio tiro a volo
H03102,44.38103,11.58841,74.0,simnbo,Castel San Pietro
H03103,44.29826,11.64086,70.0,simnbo,Codrignano
H03104,44.28780,11.11313,193.0,simnbo,Vergato
H03105,44.31006,11.82482,42.0,simnbo,Castelbolognese
H03106,44.47563,11.28110,63.0,simnbo,Casalecchio canale
H03107,44.57611,11.71154,18.0,simnbo,Accursi Idice
H03108,44.57626,11.71165,18.0,simnbo,Accursi cassa
H03109,44.57965,11.78024,15.0,simnbo,Brocchetti
H03110,44.57979,11.78040,15.0,simnbo,Brocchetti cassa
H03111,44.57891,11.80184,15.0,simnbo,Cardinala Idice
H03112,44.57904,11.80191,19.0,simnbo,Cardinala Cassa
H03113,44.57933,11.86129,14.0,simnbo,Chiavicone Idice
H03114,44.57932,11.86156,15.0,simnbo,Chiavicone Reno
H03115,44.50636,11.33286,37.0,simnbo,Bova
H03116,44.76419,11.34978,26.0,simnbo,Dosso
H03117,44.77849,11.36893,24.0,simnbo,Opera Reno Panfilia
H03118,44.78278,11.37016,16.0,simnbo,Secondo Salto
H03119,44.87750,11.43194,11.0,simnbo,Burana
H03120,44.72410,11.54538,21.0,simnbo,Gallo
H03121,44.54028,11.34825,28.0,simnbo,Arcoveggio
H03122,44.54736,11.13301,50.0,simnbo,Calcara
H03123,44.62196,11.23758,24.0,simnbo,Forcelli
H03124,44.49076,11.22104,75.0,simnbo,Lavino di Sopra
H03125,44.58426,11.23027,36.0,simnbo,Lavino di Sotto
H03126,44.55741,11.36633,25.0,simnbo,Castelmaggiore
H03127,44.63905,11.47251,18.0,simnbo,Casoni
H03128,44.50748,11.47017,38.0,simnbo,Castenaso
H03130,44.57480,11.70609,17.0,simnbo,S. Antonio
H03131,44.45876,11.73595,24.0,simnbo,Sesto Imolese
H03132,44.52811,11.76422,19.0,simnbo,Portonovo
H03133,44.43880,11.86575,20.0,simnbo,S. Agata
H03134,44.51584,11.88402,17.0,simnbo,S. Bernardino
H03135,44.38305,11.94246,25.0,simnbo,Cotignola
H03136,44.46538,11.96830,18.0,simnbo,Fusignano
H03137,44.50393,12.04777,14.0,simnbo,Alfonsine
H03139,44.54504,11.37757,35.0,simnbo,La Dozza
H03140,44.39378,11.81481,25.0,simnbo,Mordano
H03141,44.60927,11.31382,32.0,simnbo,Bonconvento
H03142,44.15404,10.97730,352.0,simnbo,Porretta Terme
H03143,44.34535,11.71292,42.0,simnbo,Imola
H03146,44.35856,11.21123,121.0,simnbo,Panico Reno
H03147,44.35878,11.21116,121.0,simnbo,Panico canale
H03148,44.63232,11.44114,18.0,simnbo,Saletto
H03149,44.67307,11.62513,9.0,simnbo,Gandazzolo Reno
H03150,44.67293,11.62491,9.0,simnbo,Gandazzolo Savena
H03151,44.59188,11.84710,15.0,simnbo,Beccara Nuova Botte
H03152,44.59196,11.84727,15.0,simnbo,Beccara Nuova Reno
H03153,44.57745,11.87520,10.0,simnbo,Ponte Bastia
H03154,44.61111,11.82300,5.0,simnbo,Bassarone cassa
H03155,44.53533,11.61491,21.0,simnbo,Massarolo
H03156,44.45013,11.72960,25.0,simnbo,Correcchio Sillaro
H03157,44.45019,11.72971,25.0,simnbo,Correcchio canale
H03159,44.26821,11.29197,540.0,simnbo,Loiano Ponte Savena
H03160,44.88231,11.41416,13.0,simnbo,Bondeno Emissario
H03161,44.68484,11.26022,28.0,simnbo,Bagnetto Canale
H03162,44.82443,11.28743,20.0,simnbo,Foscaglia canale
H03163,44.66517,11.27232,24.0,simnbo,Sostegno canale
H03164,44.57909,11.18259,41.0,simnbo,Paltrone Samoggia
H03165,44.55208,11.19653,39.0,simnbo,Anzola Ghironda
H03166,44.63210,11.41918,19.0,simnbo,Bentivoglio
H53037,44.48884,11.29003,,simnbo,
H53038,43.98289,12.40512,116.0,simnbo,Ponte Verucchio Sussidiario
H05303,44.47195,11.51056,41.0,simnbo,Centonara
H05304,44.57819,11.86149,15.0,simnbo,Chiavica Bastia Sillaro
H53082,43.82639,12.25194,330.0,simnbo,Ponte Messa
H05310,44.88238,11.41410,13.0,simnbo,Bondeno Mandracchio
H05311,44.68506,11.26059,28.0,simnbo,Bagnetto Mandracchio
H53123,44.24686,11.18632,258.0,simnbo,Ponte Locatello
H53128,43.90111,12.28611,331.0,simnbo,Novafeltria
H53129,43.87389,12.66972,328.0,simnbo,Saludecio
H05312,44.61259,11.23154,35.0,simnbo,Impianto Forcelli canale
H53132,44.28778,11.11359,193.0,simnbo,Vergato DX
H53133,44.08200,11.74533,330.0,simnbo,Tredozio
H53134,43.98494,11.78709,427.0,simnbo,Premilcuore
H53135,44.52053,11.33462,32.0,simnbo,Battiferro Monte
H53136,44.52052,11.33463,,simnbo,
H53137,44.52066,11.33472,32.0,simnbo,Navile Valle
H53138,43.79417,12.00472,805.0,simnbo,Verghereto
H05313,44.82459,11.28766,20.0,simnbo,Foscaglia Panaro
H53148,44.47611,11.32556,203.0,simnbo,Villa Ghigi
H05314,44.66547,11.27237,24.0,simnbo,Sostegno Reno
H05315,44.57900,11.18244,41.0,simnbo,Paltrone Martignone
H05316,44.55208,11.19663,37.0,simnbo,Anzola
H53223,44.50146,11.32286,55.0,simnbo,Ravone Via del Chiu
H53224,44.33150,11.52969,128.0,simnbo,Marzocchina
H53225,44.82999,12.10704,0.0,simnbo,Codigoro
H53226,44.77891,11.94541,5.0,simnbo,Fiscaglia Valle
H53227,44.77882,11.94529,5.0,simnbo,Fiscaglia Monte
H53228,44.88490,11.60363,2.0,simnbo,Pontelagoscuro idrometro Boicelli
H53229,44.34989,11.86741,27.0,simnbo,Ponte Felisio
H53230,44.04414,12.00597,120.0,simnbo,Cusercoli Idro
H53231,44.00078,12.11278,145.0,simnbo,Linaro
H53232,43.97765,12.30275,161.0,simnbo,Ponte Uso
H53233,43.84427,12.41699,458.0,simnbo,Monte Cerignone
H53234,44.49728,11.32228,55.0,simnbo,Ghisiliera Via Sabotino
H53245,43.92705,12.58065,217.0,simnbo,Monte Colombo
H53253,44.55379,11.52686,19.0,simnbo,Riccardina
H05342,44.18306,10.97047,339.0,simnbo,Silla
H05343,44.37632,11.00875,700.0,simnbo,Monteombraro
H05345,44.10962,11.16931,794.0,simnbo,Cottede
H05346,44.12201,11.37465,476.0,simnbo,Firenzuola
H05347,44.21480,11.43299,500.0,simnbo,Piancaldoli
H05348,44.11647,11.54608,500.0,simnbo,Palazzuolo sul Senio
H05356,44.25360,11.42536,708.0,simnbo,Casoni di Romagna
H05358,44.06141,12.54197,10.0,simnbo,Rimini SS16
H05359,43.98290,12.40511,116.0,simnbo,Ponte Verucchio
H05360,43.78817,12.14274,720.0,simnbo,Casteldelci
H05363,44.57820,11.86124,15.0,simnbo,Chiavica Bastia canale
H05367,44.88300,11.41434,13.0,simnbo,Bondeno Panaro
H05368,44.68542,11.26147,28.0,simnbo,Bagnetto Reno
H05369,44.61270,11.23172,28.0,simnbo,Impianto Forcelli Mandracchio
H05370,44.61295,11.23298,33.0,simnbo,Impianto Forcelli Lavino
H05371,44.57905,11.18247,41.0,simnbo,Paltrone Mandracchio
H05384,44.48405,11.15124,125.0,simnbo,S. Martino in Casola
H05429,43.69223,12.13623,850.0,simnbo,Badia Tedalda
H05439,44.27467,11.57899,98.0,simnbo,Borgo Tossignano
H05440,44.24923,11.58750,486.0,simnbo,Le Taverne
H05450,44.26117,11.03537,623.0,simnbo,Riola di Labante
H05451,44.31916,11.49065,166.0,simnbo,S. Clemente
H05452,44.06085,11.39765,720.0,simnbo,Barco
H05454,44.14440,11.49666,929.0,simnbo,Monte Faggiola
H05455,44.22432,11.67342,480.0,simnbo,Monte Albano
H05458,44.22519,11.32364,825.0,simnbo,Monghidoro
H05459,44.08158,11.03296,650.0,simnbo,Treppio
H05524,44.45378,11.36519,92.0,simnbo,S. Ruffillo Savena
H05562,44.44030,11.13837,291.0,simnbo,Monte San Pietro
H05563,44.22714,11.63234,154.0,simnbo,Casola Valsenio
H05564,44.13444,11.04081,472.0,simnbo,Suviana
H05582,44.45353,11.36644,92.0,simnbo,S. Ruffillo Canale
H08433,44.49420,11.34677,148.0,simnbo,Bologna Torre Asinelli
H11109,44.69632,09.59791,995.0,simnpr,Groppallo
H11282,44.63711,10.80601,54.0,simnpr,Marzaglia
H11837,44.54027,09.60321,712.0,simnpr,Ponteceno
H12461,44.11918,10.80903,1794.0,simnpr,Lago Scaffaiolo
H12462,44.93026,09.90647,77.0,simnpr,Fiorenzuola d'Arda
H12480,44.71112,09.37863,322.0,simnpr,Marsaglia
H12635,44.93058,10.37523,32.0,simnpr,Colorno AIPO
H12637,44.96139,10.95500,21.0,simnpr,Bondanello
H12639,44.91082,10.98334,30.0,simnpr,Concordia sulla Secchia
H12668,44.65863,10.81511,38.0,simnpr,Rubiera casse valle
H12709,44.62283,10.99703,39.0,simnpr,Ponte Sant'Ambrogio
H12710,45.00949,09.77124,71.0,simnpr,Pontenure
H12712,44.62255,10.40761,158.0,simnpr,Guardasone
H12715,44.69725,10.09278,139.0,simnpr,Ramiola
H12899,45.04222,10.18139,29.0,simnpr,Isola Pescaroli SIAP
H12996,45.01694,09.53778,81.0,simnpr,Luretta
H12999,44.73611,10.34306,91.0,simnpr,Invaso Cassa Parma 1
H13034,44.47766,10.33214,423.0,simnpr,Vetto Pluvio
H13035,44.53261,10.35510,273.0,simnpr,Cedogno
H13036,44.90540,09.33395,280.0,simnpr,Ponte Nibbiano Tidoncello
H14025,44.82250,10.16278,73.0,simnpr,La Nave Russa
H14026,44.83750,10.19778,59.0,simnpr,La Vezza
H14027,44.75250,10.14167,120.0,simnpr,Campanara
H14028,45.03429,10.05284,35.0,simnpr,Ongina
H14029,45.03435,10.05292,35.0,simnpr,Ongina Po
H14030,44.66361,10.40611,125.0,simnpr,Termina
H14327,44.57778,10.08167,748.0,simnpr,Ravarano
H14328,44.52611,10.01528,808.0,simnpr,Fugazzolo
H14373,44.82117,10.99474,26.0,simnpr,Ponte Motta
H14595,44.73816,10.34310,110.0,simnpr,Parma cassa invaso CAE
H14596,44.70688,10.44171,90.0,simnpr,Casse Espansione Enza monte
H14597,44.64304,10.58829,102.0,simnpr,Cassa Crostolo SIAP
H14613,44.82764,10.31192,57.0,simnpr,Abbeveratoia
H14615,44.98553,10.12847,33.0,simnpr,Cantonale
H14619,44.96761,10.32336,33.0,simnpr,Coltaro di Sissa
H14621,44.93000,10.38172,31.0,simnpr,Foce Naviglio
H14623,44.90592,10.48769,27.0,simnpr,Mezzani chiavica bocca d'Enza valle
H14625,44.99336,10.22325,31.0,simnpr,Rigosa Bassa
H14629,44.73564,10.42669,72.0,simnpr,S. Geminiano
H14631,44.96053,10.04597,41.0,simnpr,Semoriva
H14755,44.88701,11.60500,5.0,simnpr,Pontelagoscuro Conca
H03011,44.23212,10.76872,985.0,simnpr,Sestola
H03012,44.19428,10.57724,1083.0,simnpr,Pievepelago
H03013,44.31957,10.82826,687.0,simnpr,Pavullo
H03014,44.64447,09.49596,656.0,simnpr,Ferriere Pluvio
H03015,44.63379,09.73284,597.0,simnpr,Bardi
H03016,44.50745,09.62675,521.0,simnpr,Bedonia
H03017,44.43487,10.39470,729.0,simnpr,Castelnovo ne' Monti
H03019,44.36343,10.19253,998.0,simnpr,Succiso
H03020,44.42836,10.16217,597.0,simnpr,Isola Palanzano
H03021,44.41229,10.00854,1252.0,simnpr,Lagdei
H03022,44.47342,10.04746,618.0,simnpr,Marra
H03024,44.60414,10.26109,297.0,simnpr,Langhirano
H03025,44.60591,10.12452,381.0,simnpr,Calestano
H03028,44.90633,10.55893,30.0,simnpr,Boretto
H03077,44.53627,09.20560,744.0,simnpr,Diga del Brugneto
H03078,44.34580,10.13845,1151.0,simnpr,Lago Paduli
H03080,44.51485,09.15454,769.0,simnpr,Torriglia
H03170,44.82072,09.91691,189.0,simnpr,Vigoleno
H03172,44.51406,09.84219,354.0,simnpr,Ostia Parmense
H03173,44.71211,09.56966,436.0,simnpr,Farini
H03174,44.48728,10.09950,544.0,simnpr,Corniglio
H03177,44.64368,09.49864,629.0,simnpr,Ferriere Idro
H03179,44.52437,10.35273,296.0,simnpr,Compiano
H03181,44.65855,10.81495,38.0,simnpr,Rubiera casse monte
H03205,44.65546,10.59917,94.0,simnpr,Rivalta RE
H03776,44.50358,09.99307,803.0,simnpr,Berceto Baganza
H03794,44.87398,09.64372,207.0,simnpr,Ponte dell'Olio
H03795,44.65098,09.81210,341.0,simnpr,Ponte Lamberti
H03798,44.47476,09.73773,422.0,simnpr,Pradella
H05301,44.75510,09.38369,272.0,simnpr,Bobbio
H53034,44.89388,10.32777,42.0,simnpr,Parma S. Siro
H53035,44.11916,10.81750,1662.0,simnpr,Lago Scaffaiolo Nivo
H53036,44.62483,10.97722,36.0,simnpr,Fossalta
H53075,44.76993,10.42692,58.0,simnpr,S. Ilario d'Enza
H53088,44.87817,09.84224,127.0,simnpr,Vigolo Marchese
H53089,44.89361,10.08306,59.0,simnpr,FIDENZA
H53090,44.87722,10.22583,42.0,simnpr,GRUGNO PG4i
H53091,44.94389,10.34972,29.0,simnpr,COLORNO PG4i
H53092,44.95222,10.25944,32.0,simnpr,SISSA PG4i
H53093,44.91806,10.14806,45.0,simnpr,CAVETTO DI SORAGNA PG4i
H53096,44.47472,11.01028,110.0,simnpr,Vignola SIAP
H53130,44.85120,09.87258,159.0,simnpr,Castell'Arquato Canale
H53131,44.85147,09.87170,159.0,simnpr,Castell'Arquato
H53149,44.29472,10.57472,1105.0,simnpr,Frassinoro
H05317,44.54591,09.45005,1007.0,simnpr,S. Stefano d'Aveto
H53217,44.88517,09.99518,75.0,simnpr,Alseno
H53218,44.56355,10.22669,335.0,simnpr,Capoponte
H53219,44.48194,10.07314,582.0,simnpr,Ponte degli Alpini
H05321,44.94840,12.11756,4.0,simnpr,Ariano SIAP
H53220,44.78472,10.32641,64.0,simnpr,Ponte Dattaro
H53221,44.54575,10.63556,202.0,simnpr,Borgo Visignolo
H53222,44.53450,10.83651,125.0,simnpr,Fiorano
H53235,44.75171,09.77388,349.0,simnpr,Case Bonini Briglia
H53236,45.04181,09.43118,87.0,simnpr,Polesera Opera
H53237,45.04361,09.42891,87.0,simnpr,Polesera Cassa
H05323,44.72830,10.44642,75.0,simnpr,Casse Espansione Enza SIAP
H53243,44.93909,10.41758,25.0,simnpr,Chiavica Rossa
H53244,44.90680,10.47650,23.0,simnpr,Mezzani
H53246,44.62484,09.33642,589.0,simnpr,Ottone
H53247,44.69776,10.12402,142.0,simnpr,Rio Riccò
H53248,44.68913,10.16805,198.0,simnpr,Cafragna
H05324,45.01470,11.29326,16.0,simnpr,Castelmassa SIAP
H05325,45.02769,12.15202,7.0,simnpr,Cavanella SIAP
H05327,44.86984,10.04911,79.0,simnpr,Fidenza SIAP
H05328,44.69726,10.09250,142.0,simnpr,Fornovo SIAP
H05329,44.44197,10.65413,228.0,simnpr,Lugo SIAP
H05333,44.96032,12.48198,2.0,simnpr,Pila SIAP
H05334,44.96062,11.75592,9.0,simnpr,Polesella SIAP
H05335,44.88695,11.60493,8.0,simnpr,Pontelagoscuro SIAP
H05339,44.60693,11.00948,42.0,simnpr,S. Cesario SIAP
H05340,44.74755,10.98734,38.0,simnpr,Ponte Bacchello
H05385,44.25940,10.67408,971.0,simnpr,Sassostorno
H05391,44.54710,09.61004,855.0,simnpr,Nociveglia
H05392,44.19013,10.67311,1371.0,simnpr,Doccia di Fiumalbo
H05393,44.88830,11.60807,8.0,simnpr,Pontelagoscuro
H05398,44.36949,10.10208,1339.0,simnpr,Lago Ballano
H05400,44.31699,10.34493,900.0,simnpr,Ligonchio
H05401,44.58338,10.31376,513.0,simnpr,Neviano Arduini
H05402,44.41878,09.68641,656.0,simnpr,Montegroppo
H05404,44.93712,09.43104,410.0,simnpr,Pianello Val Tidone
H05405,44.43901,10.03353,902.0,simnpr,Bosco di Corniglio
H05406,44.81901,09.99125,146.0,simnpr,Salsomaggiore
H05407,44.43751,09.48070,853.0,simnpr,Casoni di Santa Maria di Taro
H05408,44.52991,10.49072,729.0,simnpr,La Stella
H05409,44.29792,10.42750,1148.0,simnpr,Febbio
H05410,44.34987,10.57014,703.0,simnpr,Farneta
H05411,44.43329,10.65365,247.0,simnpr,Lugo
H05412,44.34476,10.27120,832.0,simnpr,Collagna
H05413,44.27692,10.94206,920.0,simnpr,Montese
H05414,44.35660,10.92266,226.0,simnpr,Ponte Samone
H05415,44.72716,11.04508,32.0,simnpr,Bomporto
H05416,44.64025,09.33012,462.0,simnpr,Trebbia Valsigiara
H05417,45.06052,09.70554,55.0,simnpr,Piacenza
H05420,44.94290,12.12215,4.0,simnpr,Ariano
H05422,44.40934,10.52302,367.0,simnpr,Ponte Cavola
H05423,44.51048,09.98301,758.0,simnpr,Berceto
H05424,44.36252,10.46004,704.0,simnpr,Villa Minozzo
H05425,44.72164,10.33880,110.0,simnpr,Parma Cassa briglia monte
H05433,44.54859,10.77079,122.0,simnpr,Ponte Veggia
H05434,44.27258,10.81881,367.0,simnpr,Ponte Val di Sasso
H05435,44.37378,10.61366,339.0,simnpr,Ponte Dolo
H05436,44.58855,10.96231,44.0,simnpr,S. Donnino
H05437,44.78670,11.13509,28.0,simnpr,Camposanto
H05438,44.85676,10.96490,32.0,simnpr,Pioppa
H05442,44.42886,10.78707,826.0,simnpr,Serramazzoni
H05448,44.66995,10.99531,36.0,simnpr,Navicello
H05463,44.52372,10.69920,302.0,simnpr,S. Valentino
H05464,44.41144,10.27561,798.0,simnpr,Ramiseto
H05465,44.48442,10.44676,751.0,simnpr,Predolo
H05466,44.49854,10.17835,982.0,simnpr,Musiara Superiore
H05467,44.52122,10.27555,649.0,simnpr,Campora di Sasso
H05468,44.43826,10.09289,980.0,simnpr,Grammatica
H05469,44.54781,10.03564,834.0,simnpr,Casaselvatica
H05470,44.79551,09.63362,600.0,simnpr,Bettola
H05471,44.58677,09.48245,1109.0,simnpr,Selva Ferriere
H05472,44.63617,09.57935,881.0,simnpr,Cassimoreno
H05473,44.40299,10.46619,397.0,simnpr,Gatta
H05475,44.43999,10.23567,474.0,simnpr,Selvanizza
H05477,44.61239,10.27386,263.0,simnpr,Langhirano idro
H05478,44.79011,10.31883,65.0,simnpr,Parma Ponte Nuovo
H05481,44.63485,10.17139,309.0,simnpr,Marzolara
H05482,44.76274,09.70231,662.0,simnpr,S. Michele
H05483,44.44668,09.61803,852.0,simnpr,Tarsogno
H05484,44.73340,10.02363,434.0,simnpr,Varano Marchesi
H05485,44.96427,09.44062,154.0,simnpr,Pianello Val Tidone idro
H05486,45.05668,09.52977,65.0,simnpr,Rottofreno
H05487,44.63271,09.40532,408.0,simnpr,Salsominore
H05488,44.99210,09.86695,57.0,simnpr,Saliceto
H05489,44.90883,09.81353,116.0,simnpr,Ciriano
H05490,44.90039,09.58211,148.0,simnpr,Rivergaro
H05491,44.49151,09.63055,491.0,simnpr,Tornolo
H05492,44.82263,10.22464,64.0,simnpr,Parma Ovest
H05493,44.80862,10.16946,80.0,simnpr,Noceto
H05494,44.91689,10.25430,42.0,simnpr,S. Secondo
H05498,44.66967,10.89934,43.0,simnpr,Ponte Alto
H05499,44.23713,10.51634,1219.0,simnpr,Piandelagotti
H05500,44.43004,10.66763,250.0,simnpr,Rossenna
H05501,44.17740,10.81780,1319.0,simnpr,Lago Pratignano
H05502,44.21530,10.63017,737.0,simnpr,Pievepelago idro
H05503,44.20386,10.79909,512.0,simnpr,Fanano
H05504,44.67946,10.94756,32.0,simnpr,Modena Naviglio
H05505,44.65039,10.79554,57.0,simnpr,Rubiera SS9
H05506,44.51288,10.88088,150.0,simnpr,Gorzano
H05507,44.53398,11.03000,72.0,simnpr,Spilamberto
H05508,44.17934,10.64917,944.0,simnpr,Fiumalbo
H05509,44.24716,10.46580,1051.0,simnpr,Civago
H05510,44.29696,10.31667,1150.0,simnpr,Ospitaletto
H05511,44.77880,10.58119,38.0,simnpr,Cadelbosco
H05512,44.56589,10.46582,516.0,simnpr,Canossa
H05513,44.63327,10.47426,173.0,simnpr,Quattro Castella
H05514,44.62402,10.56793,136.0,simnpr,Puianello
H05516,44.64804,10.79000,54.0,simnpr,Rubiera Tresinaro
H05518,44.46697,10.32527,381.0,simnpr,Lonza
H05519,44.49342,10.32998,342.0,simnpr,Vetto
H05520,44.87760,09.49020,552.0,simnpr,Bobbiano
H05522,44.84397,10.45405,34.0,simnpr,Sorbolo
H05523,44.85363,10.63976,31.0,simnpr,S. Vittoria
H05525,44.90506,09.33274,278.0,simnpr,Ponte Nibbiano
H05526,44.86971,09.72244,202.0,simnpr,Veggiola
H05528,44.81916,09.67559,419.0,simnpr,Riglio
H05529,44.83903,09.33282,586.0,simnpr,Romagnese
H05530,44.94252,09.79735,87.0,simnpr,Montanaro
H05531,44.75198,09.77587,349.0,simnpr,Case Bonini
H05532,44.91614,10.11014,53.0,simnpr,Castellina di Soragna
H05533,44.88287,10.10614,61.0,simnpr,Toccalmatto
H05534,44.69524,10.09637,142.0,simnpr,Fornovo
H05535,44.59269,09.76684,541.0,simnpr,Noveglia
H05536,44.72718,09.93469,434.0,simnpr,Pellegrino
H05537,44.62948,09.86698,803.0,simnpr,Pessola
H05538,44.61946,09.63400,689.0,simnpr,Pione
H05539,44.81497,09.98511,154.0,simnpr,Salsomaggiore sul Ghiara
H05540,44.51770,10.38135,571.0,simnpr,Roncovetro
H05541,44.34365,10.72977,754.0,simnpr,Polinago
H05544,44.69534,09.68512,1077.0,simnpr,Teruzzi
H05545,44.81869,09.49708,240.0,simnpr,Perino
H05547,44.87116,09.23776,575.0,simnpr,Valverde
H05548,44.52711,09.54738,925.0,simnpr,Casalporino
H05549,44.56880,09.88653,556.0,simnpr,Mormorola
H05551,44.80548,10.32468,58.0,simnpr,Parma Ponte Verdi
H05552,44.71422,09.78830,800.0,simnpr,Bore
H05553,44.44686,09.69847,495.0,simnpr,Albareto Parma
H05554,44.56668,09.67953,787.0,simnpr,Farfanaro
H05555,44.64942,09.82106,451.0,simnpr,Varsi
H05556,44.44414,09.78421,762.0,simnpr,Valdena
H05558,44.58157,09.58508,824.0,simnpr,Frassineto
H05559,44.43249,10.99243,456.0,simnpr,Guiglia
H05560,44.49907,10.60571,550.0,simnpr,Baiso
H05561,44.49520,09.34647,848.0,simnpr,Cabanne
H05565,44.60370,09.23553,849.0,simnpr,Alpe Gorreto
H05566,44.48098,09.24207,1116.0,simnpr,Barbagelata
H05567,44.82510,09.72550,341.0,simnpr,Gropparello
H05568,44.57337,09.28496,745.0,simnpr,Rovegno
H05569,44.20976,10.48864,1535.0,simnpr,Passo delle Radici
H05570,44.59550,10.67689,98.0,simnpr,Ca' de Caroli
H12465,43.83175,11.83771,715.0,spdsra,Lama
H12466,43.87178,11.74720,1060.0,spdsra,Campigna
H12467,43.87008,11.83866,565.0,spdsra,Diga di Ridracoli
H12468,43.92525,11.89186,295.0,spdsra,Capaccio
H12469,43.87728,11.82058,565.0,spdsra,Bacine IDRO
H12470,43.87728,11.82059,565.0,spdsra,Bacine GRONDA
H12471,43.89252,11.78121,570.0,spdsra,Campigna IDRO
H12473,43.90596,11.77881,572.0,spdsra,Celle IDRO
H12474,43.90315,11.79916,476.0,spdsra,Corniolo
H12475,43.94813,11.74827,560.0,spdsra,Fiumicello idro valle
H12476,43.94760,11.74773,566.0,spdsra,Fiumicello idro deriv.
H12477,43.94811,11.74826,560.0,spdsra,Fiumicello Q der.
H03029,44.07186,11.87238,670.0,spdsra,Monte Grosso
H03030,44.22699,11.73784,370.0,spdsra,Rontana
H03031,43.84597,12.03572,1200.0,spdsra,Corsicchie
H03032,44.00237,11.66536,750.0,spdsra,Pratacci
H03033,43.99349,11.94530,460.0,spdsra,Civitella
H03035,44.26279,11.99295,26.0,spdsra,Ponte Braldo
H03036,44.21506,12.16992,21.0,spdsra,S. Maria Nova
H03037,44.07741,11.61388,350.0,spdsra,Marradi
H03039,44.19758,11.87488,250.0,spdsra,Lodolone
H03040,44.13487,11.65293,705.0,spdsra,Monte Romano
H03041,44.02939,11.80490,405.0,spdsra,Vallicelle
H03042,44.03248,12.04326,270.0,spdsra,Voltre
H03043,43.90358,11.90114,600.0,spdsra,Lastra
H03044,44.13697,11.83716,570.0,spdsra,Trebbio
H03045,43.99691,12.16866,365.0,spdsra,Monte Iottone
H03046,43.94648,12.07693,600.0,spdsra,Rullato
H03047,43.89269,12.19345,570.0,spdsra,Maiano
H03048,44.08571,12.20682,175.0,spdsra,Roversano
H03049,44.12973,11.51350,858.0,spdsra,Bibbiana
H03050,43.92426,11.79330,735.0,spdsra,Corniolo
H03051,44.33002,12.03134,20.0,spdsra,Ponte Vico
H03052,44.29769,12.11085,14.0,spdsra,Coccolia
H03053,44.23218,12.23401,19.0,spdsra,Matellica
H03054,44.03811,11.51757,750.0,spdsra,Casaglia
H03055,44.17012,11.94940,66.0,spdsra,Castrocaro
H03056,43.92264,11.95766,685.0,spdsra,Montriolo
H03057,44.29424,11.78295,51.0,spdsra,Tebano
H03058,44.11438,12.00404,370.0,spdsra,Caminate
H03092,44.19897,12.39488,2.0,spdsra,Museo della marineria
H03176,44.24182,11.88666,52.0,spdsra,Rivalta RA
H03182,44.32450,12.27984,6.0,spdsra,Bevano Adriatica
H03183,44.05077,12.17701,72.0,spdsra,Borello
H03184,44.11339,12.29599,40.0,spdsra,Calisese
H03185,44.25901,12.26090,14.0,spdsra,Castiglione
H03187,44.13971,12.23505,31.0,spdsra,Cesena
H03189,44.28688,11.89148,37.0,spdsra,Faenza
H03190,44.22698,12.02757,30.0,spdsra,Forli'
H03193,43.95814,12.19660,125.0,spdsra,Mercato Saraceno
H03194,44.46959,12.08286,12.0,spdsra,Mezzano
H03195,44.15966,11.79515,168.0,spdsra,Modigliana
H03198,44.16385,12.00957,56.0,spdsra,Ponte Calanca
H03200,44.35473,11.97230,27.0,spdsra,Pieve Cesato
H03202,43.89215,12.09518,247.0,spdsra,Quarto
H03203,44.39398,12.27311,5.0,spdsra,Rasponi
H03204,44.30650,11.94276,26.0,spdsra,Reda
H03206,44.06079,11.84440,212.0,spdsra,Rocca San Casciano
H03207,44.20306,12.08668,26.0,spdsra,Ronco
H03208,44.36791,12.17268,11.0,spdsra,S. Bartolo
H03210,44.38896,12.16847,11.0,spdsra,S. Marco
H03212,43.94133,11.90515,258.0,spdsra,S. Sofia
H03213,44.25728,12.21407,10.0,spdsra,S. Zaccaria
H03214,44.24486,11.82135,57.0,spdsra,Sarna
H03215,44.09379,12.39636,30.0,spdsra,Savignano
H03216,44.30563,12.29549,10.0,spdsra,Savio
H03217,44.18521,11.70181,154.0,spdsra,Strada Casale
H03219,44.09148,12.08492,79.0,spdsra,Teodorano
H53070,43.87008,11.83867,565.0,spdsra,Diga di Ridracoli derivazione
H53071,43.87010,11.83865,565.0,spdsra,Diga di Ridracoli scarico
H53072,43.95818,12.70026,19.0,spdsra,Conca Diga
H53073,43.95820,12.70027,19.0,spdsra,Conca derivazione
H53074,43.95818,12.70029,19.0,spdsra,Conca scarico
H53097,44.02110,11.88026,280.0,spdsra,S. Zeno
H05430,44.12146,12.06155,60.0,spdsra,Meldola
H05431,44.09098,12.19984,54.0,spdsra,S. Carlo
H05443,44.19901,12.39485,2.0,spdsra,Museo della marineria
H05444,44.20645,12.40132,1.0,spdsra,Cesenatico porto
H05445,44.16415,12.39269,10.0,spdsra,Due Tigli
H05446,44.19069,12.34962,6.0,spdsra,Mesola
H05550,44.19790,12.39279,2.0,spdsra,Cesenatico allacciamento
H09889,44.03806,12.29306,278.0,spdsra,S. Paola
H06030,45.05492,09.67965,71.0,urbane,Piacenza urbana
H06031,44.80800,10.33049,79.0,urbane,Parma urbana
H06032,44.69781,10.63370,72.0,urbane,Reggio nell'Emilia urbana
H06033,44.65639,10.91699,73.0,urbane,Modena urbana
H06034,44.50075,11.32879,78.0,urbane,Bologna urbana
H06035,44.83250,11.62114,26.0,urbane,Ferrara urbana
H06036,44.41500,12.20003,27.0,urbane,Ravenna urbana
H06037,44.22039,12.04182,51.0,urbane,Forli' urbana
H06038,44.13820,12.24364,77.0,urbane,Cesena urbana
H06039,44.05919,12.57354,16.0,urbane,Rimini urbana
